PFP client version: 1.6.1
Model version: v3.0.0
Calculation mode: CRYSTAL_PLUS_D3
****************************************
Examining NCM523 ...
  Importing initial (known) stable/unstable structures ...
  Supercell size: 5 × 4 × 1
  Number of atoms (perfect): 240
  Cell parameters (a, b, c): 2.880780, 2.890300, 14.150000
Estimating energy range ...
  NOTE: Energy range is estimated from imported structures!
  Energy range (min, max): -1083.319505, -1068.137526
Performing Wang-Landau MCMC sampling ...
  Number of energy states: 60
  Energy spacing (eV): 0.257322
  Histogram flatness threshold: 0.8
  Initial modification factor: 2.718282
  Modification factor threshold: 1.00e-06
  Number of F-iterations: 0 + 19
  F-Iteration: 0 	F = 2.718282
  F-Iteration: 0 	MC-Sweep: 0 	Time(s): 0.790765
  F-Iteration: 0 	MC-Sweep: 10000 	Time(s): 1509.705217
  F-Iteration: 0 	MC-Sweep: 20000 	Time(s): 3044.308340
  F-Iteration: 0 	MC-Sweep: 30000 	Time(s): 4669.767251
  F-Iteration: 0 	MC-Sweep: 40000 	Time(s): 6187.365988
  F-Iteration: 0 	MC-Sweep: 50000 	Time(s): 7695.855633
  F-Iteration: 0 	MC-Sweep: 60000 	Time(s): 9281.006598
  F-Iteration: 0 	MC-Sweep: 70000 	Time(s): 10915.763226
  F-Iteration: 0 	MC-Sweep: 80000 	Time(s): 12530.215145
  F-Iteration: 0 	MC-Sweep: 90000 	Time(s): 14168.729173
  F-Iteration: 0 	MC-Sweep: 100000 	Time(s): 15788.499744
  F-Iteration: 0 	MC-Sweep: 110000 	Time(s): 17340.711893
  F-Iteration: 0 	MC-Sweep: 120000 	Time(s): 18992.873611
  F-Iteration: 0 	MC-Sweep: 130000 	Time(s): 20631.056737
  F-Iteration: 0 	MC-Sweep: 140000 	Time(s): 22563.848133
  F-Iteration: 0 	MC-Sweep: 150000 	Time(s): 24215.146144
  F-Iteration: 0 	MC-Sweep: 160000 	Time(s): 25786.206207
  F-Iteration: 0 	MC-Sweep: 170000 	Time(s): 27364.844432
  F-Iteration: 0 	MC-Sweep: 180000 	Time(s): 28889.744709
  F-Iteration: 0 	MC-Sweep: 190000 	Time(s): 30403.277215
  F-Iteration: 0 	MC-Sweep: 200000 	Time(s): 31960.743772
  F-Iteration: 0 	MC-Sweep: 210000 	Time(s): 33577.917835
  F-Iteration: 0 	MC-Sweep: 220000 	Time(s): 35190.189560
  F-Iteration: 0 	MC-Sweep: 230000 	Time(s): 36761.244975
  F-Iteration: 0 	MC-Sweep: 240000 	Time(s): 38500.626856
  F-Iteration: 0 	MC-Sweep: 250000 	Time(s): 40362.998051
  F-Iteration: 0 	MC-Sweep: 260000 	Time(s): 42140.965649
  F-Iteration: 0 	MC-Sweep: 270000 	Time(s): 43823.452385
  F-Iteration: 0 	MC-Sweep: 280000 	Time(s): 45598.808020
  F-Iteration: 0 	MC-Sweep: 290000 	Time(s): 47181.507901
  F-Iteration: 0 	MC-Sweep: 300000 	Time(s): 48672.786408
  F-Iteration: 0 	MC-Sweep: 310000 	Time(s): 50160.145182
  F-Iteration: 0 	MC-Sweep: 320000 	Time(s): 51695.827388
  F-Iteration: 0 	MC-Sweep: 330000 	Time(s): 53256.878714
  F-Iteration: 0 	MC-Sweep: 340000 	Time(s): 54737.189110
  F-Iteration: 0 	MC-Sweep: 350000 	Time(s): 56182.110633
  F-Iteration: 0 	MC-Sweep: 360000 	Time(s): 57727.483542
  F-Iteration: 0 	MC-Sweep: 370000 	Time(s): 59183.347327
  F-Iteration: 0 	MC-Sweep: 380000 	Time(s): 60701.980545
  F-Iteration: 0 	MC-Sweep: 390000 	Time(s): 62200.256346
  F-Iteration: 0 	MC-Sweep: 400000 	Time(s): 63692.398430
  F-Iteration: 0 	MC-Sweep: 410000 	Time(s): 65216.157885
  F-Iteration: 0 	MC-Sweep: 420000 	Time(s): 66736.948235
  F-Iteration: 0 	MC-Sweep: 430000 	Time(s): 68202.305357
  F-Iteration: 0 	MC-Sweep: 440000 	Time(s): 69712.629357
  F-Iteration: 0 	MC-Sweep: 450000 	Time(s): 71224.442759
  F-Iteration: 0 	MC-Sweep: 460000 	Time(s): 72734.296512
  F-Iteration: 0 	MC-Sweep: 470000 	Time(s): 74171.569162
  F-Iteration: 0 	MC-Sweep: 480000 	Time(s): 75722.761263
  F-Iteration: 0 	MC-Sweep: 490000 	Time(s): 77299.636664
  F-Iteration: 0 	MC-Sweep: 500000 	Time(s): 78861.774411
  F-Iteration: 0 	MC-Sweep: 510000 	Time(s): 80505.351092
  F-Iteration: 0 	MC-Sweep: 520000 	Time(s): 81994.130286
  F-Iteration: 0 	MC-Sweep: 530000 	Time(s): 83453.485927
  F-Iteration: 0 	MC-Sweep: 540000 	Time(s): 85006.152872
  F-Iteration: 0 	MC-Sweep: 550000 	Time(s): 86428.972411
  F-Iteration: 0 	MC-Sweep: 560000 	Time(s): 87957.980236
  F-Iteration: 0 	MC-Sweep: 570000 	Time(s): 89525.381399
  F-Iteration: 0 	MC-Sweep: 580000 	Time(s): 91156.339035
  F-Iteration: 0 	MC-Sweep: 590000 	Time(s): 92859.301360
  F-Iteration: 0 	MC-Sweep: 600000 	Time(s): 94473.594675
  F-Iteration: 0 	MC-Sweep: 610000 	Time(s): 96048.687370
  F-Iteration: 0 	MC-Sweep: 620000 	Time(s): 97733.235776
  F-Iteration: 0 	MC-Sweep: 630000 	Time(s): 99216.444692
  F-Iteration: 0 	MC-Sweep: 632100 	Time(s): 99544.806133
  Cumulative number of energy calculations: 632104
  F-Iteration: 1 	F = 1.648721
  F-Iteration: 1 	MC-Sweep: 0 	Time(s): 99545.671666
  F-Iteration: 1 	MC-Sweep: 10000 	Time(s): 101179.645061
  F-Iteration: 1 	MC-Sweep: 20000 	Time(s): 102667.818852
  F-Iteration: 1 	MC-Sweep: 30000 	Time(s): 104100.929586
  F-Iteration: 1 	MC-Sweep: 40000 	Time(s): 105629.441750
  F-Iteration: 1 	MC-Sweep: 50000 	Time(s): 107235.281867
  F-Iteration: 1 	MC-Sweep: 60000 	Time(s): 108845.914690
  F-Iteration: 1 	MC-Sweep: 70000 	Time(s): 110434.421402
  F-Iteration: 1 	MC-Sweep: 80000 	Time(s): 112015.140329
  F-Iteration: 1 	MC-Sweep: 90000 	Time(s): 113567.737339
  F-Iteration: 1 	MC-Sweep: 100000 	Time(s): 115183.877575
  F-Iteration: 1 	MC-Sweep: 110000 	Time(s): 116659.350255
  F-Iteration: 1 	MC-Sweep: 120000 	Time(s): 118202.969792
  F-Iteration: 1 	MC-Sweep: 130000 	Time(s): 119756.020180
  F-Iteration: 1 	MC-Sweep: 140000 	Time(s): 121273.854863
  F-Iteration: 1 	MC-Sweep: 150000 	Time(s): 122821.664235
  F-Iteration: 1 	MC-Sweep: 160000 	Time(s): 124366.758591
  F-Iteration: 1 	MC-Sweep: 170000 	Time(s): 125901.336656
  F-Iteration: 1 	MC-Sweep: 180000 	Time(s): 127658.437498
  F-Iteration: 1 	MC-Sweep: 190000 	Time(s): 129432.497437
  F-Iteration: 1 	MC-Sweep: 200000 	Time(s): 131166.941916
  F-Iteration: 1 	MC-Sweep: 210000 	Time(s): 132793.567322
  F-Iteration: 1 	MC-Sweep: 220000 	Time(s): 134255.332868
  F-Iteration: 1 	MC-Sweep: 230000 	Time(s): 135819.192375
  F-Iteration: 1 	MC-Sweep: 240000 	Time(s): 137452.079071
  F-Iteration: 1 	MC-Sweep: 250000 	Time(s): 139081.487349
  F-Iteration: 1 	MC-Sweep: 260000 	Time(s): 140640.767689
  F-Iteration: 1 	MC-Sweep: 270000 	Time(s): 142386.417461
  F-Iteration: 1 	MC-Sweep: 280000 	Time(s): 144019.823060
  F-Iteration: 1 	MC-Sweep: 290000 	Time(s): 145452.697022
  F-Iteration: 1 	MC-Sweep: 300000 	Time(s): 146948.973112
  F-Iteration: 1 	MC-Sweep: 310000 	Time(s): 148492.952865
  F-Iteration: 1 	MC-Sweep: 320000 	Time(s): 149966.802361
  F-Iteration: 1 	MC-Sweep: 330000 	Time(s): 151411.233994
  F-Iteration: 1 	MC-Sweep: 340000 	Time(s): 152964.791112
  F-Iteration: 1 	MC-Sweep: 350000 	Time(s): 154498.904507
  F-Iteration: 1 	MC-Sweep: 360000 	Time(s): 156063.045919
  F-Iteration: 1 	MC-Sweep: 370000 	Time(s): 157530.168345
  F-Iteration: 1 	MC-Sweep: 380000 	Time(s): 159002.584666
  F-Iteration: 1 	MC-Sweep: 390000 	Time(s): 160517.201706
  F-Iteration: 1 	MC-Sweep: 400000 	Time(s): 162015.832020
  F-Iteration: 1 	MC-Sweep: 410000 	Time(s): 163531.352926
  F-Iteration: 1 	MC-Sweep: 420000 	Time(s): 164997.548887
  F-Iteration: 1 	MC-Sweep: 430000 	Time(s): 166521.490355
  F-Iteration: 1 	MC-Sweep: 440000 	Time(s): 168066.331852
  F-Iteration: 1 	MC-Sweep: 450000 	Time(s): 169577.507271
  F-Iteration: 1 	MC-Sweep: 460000 	Time(s): 171147.776172
  F-Iteration: 1 	MC-Sweep: 470000 	Time(s): 172736.263532
  F-Iteration: 1 	MC-Sweep: 480000 	Time(s): 174315.462575
  F-Iteration: 1 	MC-Sweep: 490000 	Time(s): 175913.267932
  F-Iteration: 1 	MC-Sweep: 500000 	Time(s): 177514.212245
  F-Iteration: 1 	MC-Sweep: 510000 	Time(s): 179055.348843
  F-Iteration: 1 	MC-Sweep: 520000 	Time(s): 180645.135942
  F-Iteration: 1 	MC-Sweep: 530000 	Time(s): 182236.519147
  F-Iteration: 1 	MC-Sweep: 540000 	Time(s): 184029.446381
  F-Iteration: 1 	MC-Sweep: 550000 	Time(s): 185958.677074
  F-Iteration: 1 	MC-Sweep: 560000 	Time(s): 187758.541514
  F-Iteration: 1 	MC-Sweep: 570000 	Time(s): 189432.300209
  F-Iteration: 1 	MC-Sweep: 580000 	Time(s): 191045.869467
  F-Iteration: 1 	MC-Sweep: 590000 	Time(s): 192514.233189
  F-Iteration: 1 	MC-Sweep: 600000 	Time(s): 193930.678088
  F-Iteration: 1 	MC-Sweep: 610000 	Time(s): 195520.285578
  F-Iteration: 1 	MC-Sweep: 620000 	Time(s): 197160.057256
  F-Iteration: 1 	MC-Sweep: 630000 	Time(s): 198725.695957
  F-Iteration: 1 	MC-Sweep: 640000 	Time(s): 200437.396812
  F-Iteration: 1 	MC-Sweep: 650000 	Time(s): 202171.062917
  F-Iteration: 1 	MC-Sweep: 659100 	Time(s): 203869.386360
  Cumulative number of energy calculations: 1291205
  F-Iteration: 2 	F = 1.284025
  F-Iteration: 2 	MC-Sweep: 0 	Time(s): 203870.149094
  F-Iteration: 2 	MC-Sweep: 10000 	Time(s): 206000.295528
  F-Iteration: 2 	MC-Sweep: 20000 	Time(s): 207947.205673
  F-Iteration: 2 	MC-Sweep: 30000 	Time(s): 210041.281930
  F-Iteration: 2 	MC-Sweep: 40000 	Time(s): 211857.496611
  F-Iteration: 2 	MC-Sweep: 50000 	Time(s): 213897.096008
  F-Iteration: 2 	MC-Sweep: 60000 	Time(s): 215661.276795
  F-Iteration: 2 	MC-Sweep: 70000 	Time(s): 217446.400259
  F-Iteration: 2 	MC-Sweep: 80000 	Time(s): 219073.800383
  F-Iteration: 2 	MC-Sweep: 90000 	Time(s): 220620.982617
  F-Iteration: 2 	MC-Sweep: 100000 	Time(s): 222271.523994
  F-Iteration: 2 	MC-Sweep: 110000 	Time(s): 223873.128452
  F-Iteration: 2 	MC-Sweep: 120000 	Time(s): 225462.711106
  F-Iteration: 2 	MC-Sweep: 130000 	Time(s): 227048.062358
  F-Iteration: 2 	MC-Sweep: 140000 	Time(s): 228580.240908
  F-Iteration: 2 	MC-Sweep: 150000 	Time(s): 230149.064558
  F-Iteration: 2 	MC-Sweep: 160000 	Time(s): 231699.698973
  F-Iteration: 2 	MC-Sweep: 170000 	Time(s): 233222.299280
  F-Iteration: 2 	MC-Sweep: 180000 	Time(s): 234751.381205
  F-Iteration: 2 	MC-Sweep: 190000 	Time(s): 236376.329079
  F-Iteration: 2 	MC-Sweep: 196300 	Time(s): 237308.661035
  Cumulative number of energy calculations: 1487506
  F-Iteration: 3 	F = 1.133148
  F-Iteration: 3 	MC-Sweep: 0 	Time(s): 237309.390383
  F-Iteration: 3 	MC-Sweep: 10000 	Time(s): 238762.581371
  F-Iteration: 3 	MC-Sweep: 20000 	Time(s): 240207.225980
  F-Iteration: 3 	MC-Sweep: 30000 	Time(s): 241647.315516
  F-Iteration: 3 	MC-Sweep: 40000 	Time(s): 243088.146993
  F-Iteration: 3 	MC-Sweep: 50000 	Time(s): 244541.341121
  F-Iteration: 3 	MC-Sweep: 60000 	Time(s): 245983.894892
  F-Iteration: 3 	MC-Sweep: 70000 	Time(s): 247434.082328
  F-Iteration: 3 	MC-Sweep: 80000 	Time(s): 248884.134656
  F-Iteration: 3 	MC-Sweep: 90000 	Time(s): 250334.934955
  F-Iteration: 3 	MC-Sweep: 100000 	Time(s): 251785.562660
  F-Iteration: 3 	MC-Sweep: 110000 	Time(s): 253244.926841
  F-Iteration: 3 	MC-Sweep: 120000 	Time(s): 254698.554591
  F-Iteration: 3 	MC-Sweep: 130000 	Time(s): 256143.062350
  F-Iteration: 3 	MC-Sweep: 140000 	Time(s): 257597.005857
  F-Iteration: 3 	MC-Sweep: 150000 	Time(s): 258947.419198
  F-Iteration: 3 	MC-Sweep: 160000 	Time(s): 260380.061166
  F-Iteration: 3 	MC-Sweep: 170000 	Time(s): 261859.141637
  F-Iteration: 3 	MC-Sweep: 180000 	Time(s): 263463.694393
  F-Iteration: 3 	MC-Sweep: 190000 	Time(s): 265370.642817
  F-Iteration: 3 	MC-Sweep: 200000 	Time(s): 267045.644062
  F-Iteration: 3 	MC-Sweep: 210000 	Time(s): 268655.010951
  F-Iteration: 3 	MC-Sweep: 220000 	Time(s): 270121.845759
  F-Iteration: 3 	MC-Sweep: 230000 	Time(s): 271744.733260
  F-Iteration: 3 	MC-Sweep: 240000 	Time(s): 273216.322904
  F-Iteration: 3 	MC-Sweep: 250000 	Time(s): 274678.547665
  F-Iteration: 3 	MC-Sweep: 260000 	Time(s): 276179.850008
  F-Iteration: 3 	MC-Sweep: 270000 	Time(s): 277640.646217
  F-Iteration: 3 	MC-Sweep: 280000 	Time(s): 279113.631127
  F-Iteration: 3 	MC-Sweep: 290000 	Time(s): 280563.256857
  F-Iteration: 3 	MC-Sweep: 300000 	Time(s): 281988.406286
  F-Iteration: 3 	MC-Sweep: 310000 	Time(s): 283446.971618
  F-Iteration: 3 	MC-Sweep: 320000 	Time(s): 284930.984625
  F-Iteration: 3 	MC-Sweep: 330000 	Time(s): 286401.997156
  F-Iteration: 3 	MC-Sweep: 340000 	Time(s): 287862.108958
  F-Iteration: 3 	MC-Sweep: 350000 	Time(s): 289301.971709
  F-Iteration: 3 	MC-Sweep: 360000 	Time(s): 290726.814345
  F-Iteration: 3 	MC-Sweep: 370000 	Time(s): 292439.776827
  F-Iteration: 3 	MC-Sweep: 380000 	Time(s): 294381.062013
  F-Iteration: 3 	MC-Sweep: 390000 	Time(s): 296154.918032
  F-Iteration: 3 	MC-Sweep: 400000 	Time(s): 298040.301733
  F-Iteration: 3 	MC-Sweep: 410000 	Time(s): 299714.723668
  F-Iteration: 3 	MC-Sweep: 420000 	Time(s): 301221.507431
  F-Iteration: 3 	MC-Sweep: 430000 	Time(s): 302745.120673
  F-Iteration: 3 	MC-Sweep: 440000 	Time(s): 304208.846198
  F-Iteration: 3 	MC-Sweep: 450000 	Time(s): 305691.438669
  F-Iteration: 3 	MC-Sweep: 460000 	Time(s): 307260.209084
  F-Iteration: 3 	MC-Sweep: 470000 	Time(s): 308730.674953
  F-Iteration: 3 	MC-Sweep: 480000 	Time(s): 310195.682280
  F-Iteration: 3 	MC-Sweep: 490000 	Time(s): 312197.789248
  F-Iteration: 3 	MC-Sweep: 500000 	Time(s): 314458.981472
  F-Iteration: 3 	MC-Sweep: 510000 	Time(s): 316723.604284
  F-Iteration: 3 	MC-Sweep: 520000 	Time(s): 318717.210630
  F-Iteration: 3 	MC-Sweep: 530000 	Time(s): 320403.915677
  F-Iteration: 3 	MC-Sweep: 540000 	Time(s): 321994.147677
  F-Iteration: 3 	MC-Sweep: 550000 	Time(s): 323583.081052
  F-Iteration: 3 	MC-Sweep: 560000 	Time(s): 325164.915998
  F-Iteration: 3 	MC-Sweep: 570000 	Time(s): 326733.758617
  F-Iteration: 3 	MC-Sweep: 580000 	Time(s): 328337.931372
  F-Iteration: 3 	MC-Sweep: 590000 	Time(s): 329967.256500
  F-Iteration: 3 	MC-Sweep: 600000 	Time(s): 331541.195899
  F-Iteration: 3 	MC-Sweep: 610000 	Time(s): 333138.568733
  F-Iteration: 3 	MC-Sweep: 620000 	Time(s): 334690.786591
  F-Iteration: 3 	MC-Sweep: 630000 	Time(s): 336246.074629
  F-Iteration: 3 	MC-Sweep: 640000 	Time(s): 337791.606990
  F-Iteration: 3 	MC-Sweep: 650000 	Time(s): 339385.900140
  F-Iteration: 3 	MC-Sweep: 660000 	Time(s): 340992.163993
  F-Iteration: 3 	MC-Sweep: 670000 	Time(s): 342503.614587
  F-Iteration: 3 	MC-Sweep: 680000 	Time(s): 343997.751530
  F-Iteration: 3 	MC-Sweep: 690000 	Time(s): 345497.623798
  F-Iteration: 3 	MC-Sweep: 700000 	Time(s): 347074.661148
  F-Iteration: 3 	MC-Sweep: 710000 	Time(s): 348643.340913
  F-Iteration: 3 	MC-Sweep: 720000 	Time(s): 350212.062744
  F-Iteration: 3 	MC-Sweep: 730000 	Time(s): 351952.628392
  F-Iteration: 3 	MC-Sweep: 740000 	Time(s): 353814.978631
  F-Iteration: 3 	MC-Sweep: 750000 	Time(s): 355631.379435
  F-Iteration: 3 	MC-Sweep: 760000 	Time(s): 357587.183607
  F-Iteration: 3 	MC-Sweep: 770000 	Time(s): 359900.685837
  F-Iteration: 3 	MC-Sweep: 780000 	Time(s): 362155.557430
  F-Iteration: 3 	MC-Sweep: 790000 	Time(s): 364690.877885
  F-Iteration: 3 	MC-Sweep: 800000 	Time(s): 367409.537098
  F-Iteration: 3 	MC-Sweep: 810000 	Time(s): 369964.548393
  F-Iteration: 3 	MC-Sweep: 820000 	Time(s): 372483.740598
  F-Iteration: 3 	MC-Sweep: 830000 	Time(s): 374995.269055
  F-Iteration: 3 	MC-Sweep: 840000 	Time(s): 377544.505987
  F-Iteration: 3 	MC-Sweep: 850000 	Time(s): 380051.207023
  F-Iteration: 3 	MC-Sweep: 860000 	Time(s): 382991.436960
  F-Iteration: 3 	MC-Sweep: 870000 	Time(s): 385893.075772
  F-Iteration: 3 	MC-Sweep: 880000 	Time(s): 388794.044462
  F-Iteration: 3 	MC-Sweep: 890000 	Time(s): 391765.082493
  F-Iteration: 3 	MC-Sweep: 900000 	Time(s): 394613.205454
  F-Iteration: 3 	MC-Sweep: 910000 	Time(s): 397159.999385
  F-Iteration: 3 	MC-Sweep: 920000 	Time(s): 399543.965548
  F-Iteration: 3 	MC-Sweep: 930000 	Time(s): 402107.096812
  F-Iteration: 3 	MC-Sweep: 940000 	Time(s): 404418.881744
  F-Iteration: 3 	MC-Sweep: 950000 	Time(s): 406742.241023
  F-Iteration: 3 	MC-Sweep: 960000 	Time(s): 409148.512043
  F-Iteration: 3 	MC-Sweep: 970000 	Time(s): 411548.507416
  F-Iteration: 3 	MC-Sweep: 980000 	Time(s): 413874.517291
  F-Iteration: 3 	MC-Sweep: 990000 	Time(s): 416156.483670
  F-Iteration: 3 	MC-Sweep: 1000000 	Time(s): 418461.406851
  F-Iteration: 3 	MC-Sweep: 1010000 	Time(s): 420761.005794
  F-Iteration: 3 	MC-Sweep: 1020000 	Time(s): 423067.949191
  F-Iteration: 3 	MC-Sweep: 1030000 	Time(s): 425336.254711
  F-Iteration: 3 	MC-Sweep: 1040000 	Time(s): 427650.592544
  F-Iteration: 3 	MC-Sweep: 1050000 	Time(s): 430011.653859
  F-Iteration: 3 	MC-Sweep: 1060000 	Time(s): 432317.344133
  F-Iteration: 3 	MC-Sweep: 1070000 	Time(s): 434648.269018
  F-Iteration: 3 	MC-Sweep: 1080000 	Time(s): 437009.317197
  F-Iteration: 3 	MC-Sweep: 1090000 	Time(s): 439312.404739
  F-Iteration: 3 	MC-Sweep: 1100000 	Time(s): 441564.118840
  F-Iteration: 3 	MC-Sweep: 1110000 	Time(s): 443891.485988
  F-Iteration: 3 	MC-Sweep: 1120000 	Time(s): 446120.873688
  F-Iteration: 3 	MC-Sweep: 1130000 	Time(s): 448337.309365
  F-Iteration: 3 	MC-Sweep: 1140000 	Time(s): 450602.234532
  F-Iteration: 3 	MC-Sweep: 1150000 	Time(s): 452979.132605
  F-Iteration: 3 	MC-Sweep: 1160000 	Time(s): 455249.854234
  F-Iteration: 3 	MC-Sweep: 1170000 	Time(s): 457547.184848
  F-Iteration: 3 	MC-Sweep: 1180000 	Time(s): 459862.371074
  F-Iteration: 3 	MC-Sweep: 1190000 	Time(s): 462144.932636
  F-Iteration: 3 	MC-Sweep: 1200000 	Time(s): 464399.116752
  F-Iteration: 3 	MC-Sweep: 1210000 	Time(s): 466620.863369
  F-Iteration: 3 	MC-Sweep: 1220000 	Time(s): 468867.292907
  F-Iteration: 3 	MC-Sweep: 1230000 	Time(s): 471176.104271
  F-Iteration: 3 	MC-Sweep: 1240000 	Time(s): 473431.129245
  F-Iteration: 3 	MC-Sweep: 1250000 	Time(s): 475782.062721
  F-Iteration: 3 	MC-Sweep: 1260000 	Time(s): 478065.790541
  F-Iteration: 3 	MC-Sweep: 1270000 	Time(s): 480355.447318
  F-Iteration: 3 	MC-Sweep: 1280000 	Time(s): 482650.962525
  F-Iteration: 3 	MC-Sweep: 1290000 	Time(s): 484966.887932
  F-Iteration: 3 	MC-Sweep: 1300000 	Time(s): 487376.598586
  F-Iteration: 3 	MC-Sweep: 1310000 	Time(s): 489775.966993
  F-Iteration: 3 	MC-Sweep: 1320000 	Time(s): 492149.844182
  F-Iteration: 3 	MC-Sweep: 1330000 	Time(s): 494538.562048
  F-Iteration: 3 	MC-Sweep: 1340000 	Time(s): 496924.510672
  F-Iteration: 3 	MC-Sweep: 1350000 	Time(s): 499298.328450
  F-Iteration: 3 	MC-Sweep: 1360000 	Time(s): 501646.856229
  F-Iteration: 3 	MC-Sweep: 1370000 	Time(s): 503988.874034
  F-Iteration: 3 	MC-Sweep: 1380000 	Time(s): 506337.008339
  F-Iteration: 3 	MC-Sweep: 1390000 	Time(s): 508715.606270
  F-Iteration: 3 	MC-Sweep: 1400000 	Time(s): 511088.290581
  F-Iteration: 3 	MC-Sweep: 1410000 	Time(s): 513434.119958
  F-Iteration: 3 	MC-Sweep: 1420000 	Time(s): 515760.554322
  F-Iteration: 3 	MC-Sweep: 1430000 	Time(s): 518130.499916
  F-Iteration: 3 	MC-Sweep: 1440000 	Time(s): 520441.066393
  F-Iteration: 3 	MC-Sweep: 1450000 	Time(s): 522718.029931
  F-Iteration: 3 	MC-Sweep: 1460000 	Time(s): 524996.818577
  F-Iteration: 3 	MC-Sweep: 1470000 	Time(s): 527248.255000
  F-Iteration: 3 	MC-Sweep: 1480000 	Time(s): 529535.838683
  F-Iteration: 3 	MC-Sweep: 1490000 	Time(s): 531835.654296
  F-Iteration: 3 	MC-Sweep: 1500000 	Time(s): 534146.112764
  F-Iteration: 3 	MC-Sweep: 1510000 	Time(s): 536466.380264
  F-Iteration: 3 	MC-Sweep: 1520000 	Time(s): 538743.225275
  F-Iteration: 3 	MC-Sweep: 1530000 	Time(s): 541023.859767
  F-Iteration: 3 	MC-Sweep: 1540000 	Time(s): 543284.704613
  F-Iteration: 3 	MC-Sweep: 1550000 	Time(s): 545609.940577
  F-Iteration: 3 	MC-Sweep: 1560000 	Time(s): 547890.697882
  F-Iteration: 3 	MC-Sweep: 1570000 	Time(s): 550181.847754
  F-Iteration: 3 	MC-Sweep: 1580000 	Time(s): 552521.726823
  F-Iteration: 3 	MC-Sweep: 1590000 	Time(s): 554971.104609
  F-Iteration: 3 	MC-Sweep: 1600000 	Time(s): 557282.178845
  F-Iteration: 3 	MC-Sweep: 1610000 	Time(s): 559577.921227
  F-Iteration: 3 	MC-Sweep: 1620000 	Time(s): 561906.919206
  F-Iteration: 3 	MC-Sweep: 1630000 	Time(s): 564192.680976
  F-Iteration: 3 	MC-Sweep: 1640000 	Time(s): 566530.386719
  F-Iteration: 3 	MC-Sweep: 1650000 	Time(s): 568754.355438
  F-Iteration: 3 	MC-Sweep: 1660000 	Time(s): 570973.551302
  F-Iteration: 3 	MC-Sweep: 1670000 	Time(s): 573048.668690
  F-Iteration: 3 	MC-Sweep: 1680000 	Time(s): 575089.189116
  F-Iteration: 3 	MC-Sweep: 1690000 	Time(s): 577187.836653
  F-Iteration: 3 	MC-Sweep: 1700000 	Time(s): 579275.372104
  F-Iteration: 3 	MC-Sweep: 1710000 	Time(s): 581314.276686
  F-Iteration: 3 	MC-Sweep: 1720000 	Time(s): 583373.519262
  F-Iteration: 3 	MC-Sweep: 1730000 	Time(s): 585400.320316
  F-Iteration: 3 	MC-Sweep: 1740000 	Time(s): 587438.386513
  F-Iteration: 3 	MC-Sweep: 1742100 	Time(s): 587876.050928
  Cumulative number of energy calculations: 3229607
  F-Iteration: 4 	F = 1.064494
  F-Iteration: 4 	MC-Sweep: 0 	Time(s): 587876.701070
  F-Iteration: 4 	MC-Sweep: 10000 	Time(s): 589823.804002
  F-Iteration: 4 	MC-Sweep: 20000 	Time(s): 591466.477098
  F-Iteration: 4 	MC-Sweep: 30000 	Time(s): 593131.178822
  F-Iteration: 4 	MC-Sweep: 40000 	Time(s): 594798.791873
  F-Iteration: 4 	MC-Sweep: 50000 	Time(s): 596462.549394
  F-Iteration: 4 	MC-Sweep: 60000 	Time(s): 598120.392941
  F-Iteration: 4 	MC-Sweep: 70000 	Time(s): 599808.535604
  F-Iteration: 4 	MC-Sweep: 80000 	Time(s): 601458.848792
  F-Iteration: 4 	MC-Sweep: 90000 	Time(s): 603140.979911
  F-Iteration: 4 	MC-Sweep: 100000 	Time(s): 604779.046742
  F-Iteration: 4 	MC-Sweep: 110000 	Time(s): 606446.156975
  F-Iteration: 4 	MC-Sweep: 120000 	Time(s): 608086.917268
  F-Iteration: 4 	MC-Sweep: 130000 	Time(s): 609760.187984
  F-Iteration: 4 	MC-Sweep: 140000 	Time(s): 611657.354502
  F-Iteration: 4 	MC-Sweep: 150000 	Time(s): 613366.837010
  F-Iteration: 4 	MC-Sweep: 160000 	Time(s): 615102.488676
  F-Iteration: 4 	MC-Sweep: 170000 	Time(s): 616812.108635
  F-Iteration: 4 	MC-Sweep: 180000 	Time(s): 618524.091640
  F-Iteration: 4 	MC-Sweep: 190000 	Time(s): 620422.253989
  F-Iteration: 4 	MC-Sweep: 200000 	Time(s): 622603.256304
  F-Iteration: 4 	MC-Sweep: 210000 	Time(s): 624623.716175
  F-Iteration: 4 	MC-Sweep: 220000 	Time(s): 626597.694852
  F-Iteration: 4 	MC-Sweep: 230000 	Time(s): 628636.071989
  F-Iteration: 4 	MC-Sweep: 240000 	Time(s): 630769.686962
  F-Iteration: 4 	MC-Sweep: 250000 	Time(s): 633563.876125
  F-Iteration: 4 	MC-Sweep: 260000 	Time(s): 636183.564754
  F-Iteration: 4 	MC-Sweep: 270000 	Time(s): 638441.785583
  F-Iteration: 4 	MC-Sweep: 280000 	Time(s): 640684.369280
  F-Iteration: 4 	MC-Sweep: 290000 	Time(s): 642895.321429
  F-Iteration: 4 	MC-Sweep: 300000 	Time(s): 645224.901778
  F-Iteration: 4 	MC-Sweep: 310000 	Time(s): 647547.808510
  F-Iteration: 4 	MC-Sweep: 320000 	Time(s): 649868.434119
  F-Iteration: 4 	MC-Sweep: 330000 	Time(s): 652182.512506
  F-Iteration: 4 	MC-Sweep: 340000 	Time(s): 654225.455437
  F-Iteration: 4 	MC-Sweep: 350000 	Time(s): 656411.279895
  F-Iteration: 4 	MC-Sweep: 360000 	Time(s): 658625.455411
  F-Iteration: 4 	MC-Sweep: 370000 	Time(s): 660775.044998
  F-Iteration: 4 	MC-Sweep: 380000 	Time(s): 662949.494771
  F-Iteration: 4 	MC-Sweep: 390000 	Time(s): 665137.052317
  F-Iteration: 4 	MC-Sweep: 400000 	Time(s): 667331.389429
  F-Iteration: 4 	MC-Sweep: 410000 	Time(s): 669540.108188
  F-Iteration: 4 	MC-Sweep: 420000 	Time(s): 671745.312800
  F-Iteration: 4 	MC-Sweep: 430000 	Time(s): 673951.445201
  F-Iteration: 4 	MC-Sweep: 440000 	Time(s): 676141.663300
  F-Iteration: 4 	MC-Sweep: 450000 	Time(s): 678328.419193
  F-Iteration: 4 	MC-Sweep: 460000 	Time(s): 680533.640000
  F-Iteration: 4 	MC-Sweep: 470000 	Time(s): 682787.489214
  F-Iteration: 4 	MC-Sweep: 480000 	Time(s): 684991.423580
  F-Iteration: 4 	MC-Sweep: 490000 	Time(s): 687204.155746
  F-Iteration: 4 	MC-Sweep: 500000 	Time(s): 689193.946150
  F-Iteration: 4 	MC-Sweep: 510000 	Time(s): 691174.129463
  F-Iteration: 4 	MC-Sweep: 520000 	Time(s): 693284.367539
  F-Iteration: 4 	MC-Sweep: 530000 	Time(s): 695241.931325
  F-Iteration: 4 	MC-Sweep: 540000 	Time(s): 697405.357481
  F-Iteration: 4 	MC-Sweep: 550000 	Time(s): 699583.664995
  F-Iteration: 4 	MC-Sweep: 560000 	Time(s): 701760.950344
  F-Iteration: 4 	MC-Sweep: 570000 	Time(s): 703893.370439
  F-Iteration: 4 	MC-Sweep: 570200 	Time(s): 703936.250522
  Cumulative number of energy calculations: 3799808
  F-Iteration: 5 	F = 1.031743
  F-Iteration: 5 	MC-Sweep: 0 	Time(s): 703937.055202
  F-Iteration: 5 	MC-Sweep: 10000 	Time(s): 706090.284475
  F-Iteration: 5 	MC-Sweep: 20000 	Time(s): 708138.476767
  F-Iteration: 5 	MC-Sweep: 30000 	Time(s): 710599.463175
  F-Iteration: 5 	MC-Sweep: 40000 	Time(s): 712997.555295
  F-Iteration: 5 	MC-Sweep: 50000 	Time(s): 715078.159789
  F-Iteration: 5 	MC-Sweep: 60000 	Time(s): 717198.232523
  F-Iteration: 5 	MC-Sweep: 70000 	Time(s): 719356.187312
  F-Iteration: 5 	MC-Sweep: 80000 	Time(s): 721544.916853
  F-Iteration: 5 	MC-Sweep: 90000 	Time(s): 723845.146803
  F-Iteration: 5 	MC-Sweep: 100000 	Time(s): 726555.175635
  F-Iteration: 5 	MC-Sweep: 110000 	Time(s): 729047.283791
  F-Iteration: 5 	MC-Sweep: 120000 	Time(s): 731805.161611
  F-Iteration: 5 	MC-Sweep: 130000 	Time(s): 734622.363359
  F-Iteration: 5 	MC-Sweep: 140000 	Time(s): 737413.038595
  F-Iteration: 5 	MC-Sweep: 150000 	Time(s): 740089.257788
  F-Iteration: 5 	MC-Sweep: 160000 	Time(s): 742855.318528
  F-Iteration: 5 	MC-Sweep: 170000 	Time(s): 745679.117043
  F-Iteration: 5 	MC-Sweep: 180000 	Time(s): 748477.313553
  F-Iteration: 5 	MC-Sweep: 190000 	Time(s): 751304.621579
  F-Iteration: 5 	MC-Sweep: 200000 	Time(s): 754151.053188
  F-Iteration: 5 	MC-Sweep: 210000 	Time(s): 756726.874194
  F-Iteration: 5 	MC-Sweep: 220000 	Time(s): 758998.281434
  F-Iteration: 5 	MC-Sweep: 230000 	Time(s): 761198.100400
  F-Iteration: 5 	MC-Sweep: 240000 	Time(s): 763400.296311
  F-Iteration: 5 	MC-Sweep: 250000 	Time(s): 765579.370424
  F-Iteration: 5 	MC-Sweep: 260000 	Time(s): 767711.530342
  F-Iteration: 5 	MC-Sweep: 270000 	Time(s): 769890.086938
  F-Iteration: 5 	MC-Sweep: 280000 	Time(s): 772050.230919
  F-Iteration: 5 	MC-Sweep: 290000 	Time(s): 774158.478161
  F-Iteration: 5 	MC-Sweep: 300000 	Time(s): 776341.661037
  F-Iteration: 5 	MC-Sweep: 310000 	Time(s): 778382.710148
  F-Iteration: 5 	MC-Sweep: 320000 	Time(s): 780508.926473
  F-Iteration: 5 	MC-Sweep: 330000 	Time(s): 782618.574267
  F-Iteration: 5 	MC-Sweep: 340000 	Time(s): 784816.949081
  F-Iteration: 5 	MC-Sweep: 350000 	Time(s): 787049.849414
  F-Iteration: 5 	MC-Sweep: 360000 	Time(s): 789261.679668
  F-Iteration: 5 	MC-Sweep: 370000 	Time(s): 791504.396993
  F-Iteration: 5 	MC-Sweep: 380000 	Time(s): 793707.216793
  F-Iteration: 5 	MC-Sweep: 390000 	Time(s): 795801.035105
  F-Iteration: 5 	MC-Sweep: 400000 	Time(s): 797766.611019
  F-Iteration: 5 	MC-Sweep: 410000 	Time(s): 799705.124114
  F-Iteration: 5 	MC-Sweep: 420000 	Time(s): 801601.485291
  F-Iteration: 5 	MC-Sweep: 430000 	Time(s): 803423.956039
  F-Iteration: 5 	MC-Sweep: 440000 	Time(s): 805378.488013
  F-Iteration: 5 	MC-Sweep: 450000 	Time(s): 807591.429998
  F-Iteration: 5 	MC-Sweep: 460000 	Time(s): 809868.133000
  F-Iteration: 5 	MC-Sweep: 470000 	Time(s): 812143.102147
  F-Iteration: 5 	MC-Sweep: 480000 	Time(s): 814414.903493
  F-Iteration: 5 	MC-Sweep: 490000 	Time(s): 816659.014391
  F-Iteration: 5 	MC-Sweep: 500000 	Time(s): 818774.774053
  F-Iteration: 5 	MC-Sweep: 510000 	Time(s): 820815.462422
  F-Iteration: 5 	MC-Sweep: 520000 	Time(s): 822856.073949
  F-Iteration: 5 	MC-Sweep: 530000 	Time(s): 824954.891427
  F-Iteration: 5 	MC-Sweep: 540000 	Time(s): 827047.605426
  F-Iteration: 5 	MC-Sweep: 550000 	Time(s): 829206.881006
  F-Iteration: 5 	MC-Sweep: 560000 	Time(s): 831331.870218
  F-Iteration: 5 	MC-Sweep: 570000 	Time(s): 833443.758654
  F-Iteration: 5 	MC-Sweep: 580000 	Time(s): 835591.846797
  F-Iteration: 5 	MC-Sweep: 590000 	Time(s): 837662.422471
  F-Iteration: 5 	MC-Sweep: 600000 	Time(s): 839759.056416
  F-Iteration: 5 	MC-Sweep: 610000 	Time(s): 841856.549762
  F-Iteration: 5 	MC-Sweep: 620000 	Time(s): 843928.534606
  F-Iteration: 5 	MC-Sweep: 626000 	Time(s): 845140.721265
  Cumulative number of energy calculations: 4425809
  F-Iteration: 6 	F = 1.015748
  F-Iteration: 6 	MC-Sweep: 0 	Time(s): 845141.325036
  F-Iteration: 6 	MC-Sweep: 10000 	Time(s): 847061.797903
  F-Iteration: 6 	MC-Sweep: 20000 	Time(s): 849006.676948
  F-Iteration: 6 	MC-Sweep: 30000 	Time(s): 850917.179265
  F-Iteration: 6 	MC-Sweep: 40000 	Time(s): 852810.769533
  F-Iteration: 6 	MC-Sweep: 50000 	Time(s): 854681.255004
  F-Iteration: 6 	MC-Sweep: 60000 	Time(s): 856581.572869
  F-Iteration: 6 	MC-Sweep: 70000 	Time(s): 858504.763803
  F-Iteration: 6 	MC-Sweep: 80000 	Time(s): 860373.690799
  F-Iteration: 6 	MC-Sweep: 90000 	Time(s): 862287.058001
  F-Iteration: 6 	MC-Sweep: 100000 	Time(s): 864150.003239
  F-Iteration: 6 	MC-Sweep: 110000 	Time(s): 866133.213680
  F-Iteration: 6 	MC-Sweep: 120000 	Time(s): 868304.934840
  F-Iteration: 6 	MC-Sweep: 130000 	Time(s): 870319.740964
  F-Iteration: 6 	MC-Sweep: 140000 	Time(s): 872125.355786
  F-Iteration: 6 	MC-Sweep: 150000 	Time(s): 874094.603950
  F-Iteration: 6 	MC-Sweep: 160000 	Time(s): 875680.085368
  F-Iteration: 6 	MC-Sweep: 170000 	Time(s): 877198.503904
  F-Iteration: 6 	MC-Sweep: 180000 	Time(s): 878793.964463
  F-Iteration: 6 	MC-Sweep: 190000 	Time(s): 880645.501857
  F-Iteration: 6 	MC-Sweep: 200000 	Time(s): 882363.131167
  F-Iteration: 6 	MC-Sweep: 210000 	Time(s): 884141.608192
  F-Iteration: 6 	MC-Sweep: 220000 	Time(s): 885832.579998
  F-Iteration: 6 	MC-Sweep: 230000 	Time(s): 887529.328439
  F-Iteration: 6 	MC-Sweep: 240000 	Time(s): 889255.349998
  F-Iteration: 6 	MC-Sweep: 250000 	Time(s): 890955.800747
  F-Iteration: 6 	MC-Sweep: 260000 	Time(s): 892814.594904
  F-Iteration: 6 	MC-Sweep: 270000 	Time(s): 894740.743840
  F-Iteration: 6 	MC-Sweep: 280000 	Time(s): 896464.395149
  F-Iteration: 6 	MC-Sweep: 290000 	Time(s): 898194.213275
  F-Iteration: 6 	MC-Sweep: 300000 	Time(s): 899967.225250
  F-Iteration: 6 	MC-Sweep: 310000 	Time(s): 901951.969206
  F-Iteration: 6 	MC-Sweep: 320000 	Time(s): 904363.047310
  F-Iteration: 6 	MC-Sweep: 330000 	Time(s): 906793.663810
  F-Iteration: 6 	MC-Sweep: 340000 	Time(s): 909207.116430
  F-Iteration: 6 	MC-Sweep: 350000 	Time(s): 911516.253966
  F-Iteration: 6 	MC-Sweep: 360000 	Time(s): 913999.568193
  F-Iteration: 6 	MC-Sweep: 370000 	Time(s): 916223.947408
  F-Iteration: 6 	MC-Sweep: 380000 	Time(s): 918366.236924
  F-Iteration: 6 	MC-Sweep: 390000 	Time(s): 920569.615931
  F-Iteration: 6 	MC-Sweep: 394500 	Time(s): 921534.054406
  Cumulative number of energy calculations: 4820310
  F-Iteration: 7 	F = 1.007843
  F-Iteration: 7 	MC-Sweep: 0 	Time(s): 921534.720345
  F-Iteration: 7 	MC-Sweep: 10000 	Time(s): 923713.490938
  F-Iteration: 7 	MC-Sweep: 20000 	Time(s): 925763.482829
  F-Iteration: 7 	MC-Sweep: 30000 	Time(s): 927808.488055
  F-Iteration: 7 	MC-Sweep: 40000 	Time(s): 929831.503802
  F-Iteration: 7 	MC-Sweep: 50000 	Time(s): 931859.196488
  F-Iteration: 7 	MC-Sweep: 60000 	Time(s): 933942.310638
  F-Iteration: 7 	MC-Sweep: 70000 	Time(s): 935982.648647
  F-Iteration: 7 	MC-Sweep: 80000 	Time(s): 938007.951267
  F-Iteration: 7 	MC-Sweep: 90000 	Time(s): 940008.367799
  F-Iteration: 7 	MC-Sweep: 100000 	Time(s): 942018.230876
  F-Iteration: 7 	MC-Sweep: 110000 	Time(s): 944108.309105
  F-Iteration: 7 	MC-Sweep: 120000 	Time(s): 946121.695122
  F-Iteration: 7 	MC-Sweep: 130000 	Time(s): 948195.939397
  F-Iteration: 7 	MC-Sweep: 140000 	Time(s): 950201.761043
  F-Iteration: 7 	MC-Sweep: 150000 	Time(s): 952220.362257
  F-Iteration: 7 	MC-Sweep: 160000 	Time(s): 954186.511024
  F-Iteration: 7 	MC-Sweep: 170000 	Time(s): 956225.744427
  F-Iteration: 7 	MC-Sweep: 180000 	Time(s): 958265.832429
  F-Iteration: 7 	MC-Sweep: 190000 	Time(s): 960284.340135
  F-Iteration: 7 	MC-Sweep: 200000 	Time(s): 962500.722750
  F-Iteration: 7 	MC-Sweep: 210000 	Time(s): 964723.422679
  F-Iteration: 7 	MC-Sweep: 220000 	Time(s): 966738.637048
  F-Iteration: 7 	MC-Sweep: 230000 	Time(s): 968762.793222
  F-Iteration: 7 	MC-Sweep: 240000 	Time(s): 970752.207379
  F-Iteration: 7 	MC-Sweep: 250000 	Time(s): 972688.425774
  F-Iteration: 7 	MC-Sweep: 260000 	Time(s): 974436.926740
  F-Iteration: 7 	MC-Sweep: 270000 	Time(s): 976043.336102
  F-Iteration: 7 	MC-Sweep: 280000 	Time(s): 977645.614156
  F-Iteration: 7 	MC-Sweep: 290000 	Time(s): 979223.845943
  F-Iteration: 7 	MC-Sweep: 300000 	Time(s): 980796.525876
  F-Iteration: 7 	MC-Sweep: 310000 	Time(s): 982495.140295
  F-Iteration: 7 	MC-Sweep: 320000 	Time(s): 984207.890750
  F-Iteration: 7 	MC-Sweep: 330000 	Time(s): 985885.005285
  F-Iteration: 7 	MC-Sweep: 340000 	Time(s): 987484.897819
  F-Iteration: 7 	MC-Sweep: 350000 	Time(s): 989118.518827
  F-Iteration: 7 	MC-Sweep: 360000 	Time(s): 990723.646777
  F-Iteration: 7 	MC-Sweep: 370000 	Time(s): 992337.749170
  F-Iteration: 7 	MC-Sweep: 380000 	Time(s): 993913.034472
  F-Iteration: 7 	MC-Sweep: 390000 	Time(s): 995505.611952
  F-Iteration: 7 	MC-Sweep: 400000 	Time(s): 997055.865933
  F-Iteration: 7 	MC-Sweep: 410000 	Time(s): 998652.373935
  F-Iteration: 7 	MC-Sweep: 420000 	Time(s): 1000221.457018
  F-Iteration: 7 	MC-Sweep: 430000 	Time(s): 1001833.574078
  F-Iteration: 7 	MC-Sweep: 440000 	Time(s): 1003459.206072
  F-Iteration: 7 	MC-Sweep: 450000 	Time(s): 1005003.146015
  F-Iteration: 7 	MC-Sweep: 460000 	Time(s): 1006641.700818
  F-Iteration: 7 	MC-Sweep: 470000 	Time(s): 1008205.867963
  F-Iteration: 7 	MC-Sweep: 480000 	Time(s): 1009810.474927
  F-Iteration: 7 	MC-Sweep: 488600 	Time(s): 1011178.933875
  Cumulative number of energy calculations: 5308911
  F-Iteration: 8 	F = 1.003914
  F-Iteration: 8 	MC-Sweep: 0 	Time(s): 1011179.635956
  F-Iteration: 8 	MC-Sweep: 10000 	Time(s): 1012762.084109
  F-Iteration: 8 	MC-Sweep: 20000 	Time(s): 1014391.291721
  F-Iteration: 8 	MC-Sweep: 30000 	Time(s): 1016031.817018
  F-Iteration: 8 	MC-Sweep: 40000 	Time(s): 1017646.849863
  F-Iteration: 8 	MC-Sweep: 50000 	Time(s): 1019203.364541
  F-Iteration: 8 	MC-Sweep: 60000 	Time(s): 1020805.503180
  F-Iteration: 8 	MC-Sweep: 70000 	Time(s): 1022415.576333
  F-Iteration: 8 	MC-Sweep: 80000 	Time(s): 1024035.805319
  F-Iteration: 8 	MC-Sweep: 90000 	Time(s): 1025608.233679
  F-Iteration: 8 	MC-Sweep: 100000 	Time(s): 1027226.982624
  F-Iteration: 8 	MC-Sweep: 110000 	Time(s): 1028851.361657
  F-Iteration: 8 	MC-Sweep: 120000 	Time(s): 1030440.348348
  F-Iteration: 8 	MC-Sweep: 130000 	Time(s): 1032045.808907
  F-Iteration: 8 	MC-Sweep: 140000 	Time(s): 1033664.451023
  F-Iteration: 8 	MC-Sweep: 150000 	Time(s): 1035287.737133
  F-Iteration: 8 	MC-Sweep: 160000 	Time(s): 1036921.592342
  F-Iteration: 8 	MC-Sweep: 170000 	Time(s): 1038540.707039
  F-Iteration: 8 	MC-Sweep: 180000 	Time(s): 1040160.276893
  F-Iteration: 8 	MC-Sweep: 190000 	Time(s): 1041770.078628
  F-Iteration: 8 	MC-Sweep: 200000 	Time(s): 1043364.872005
  F-Iteration: 8 	MC-Sweep: 210000 	Time(s): 1044993.786020
  F-Iteration: 8 	MC-Sweep: 220000 	Time(s): 1046601.967585
  F-Iteration: 8 	MC-Sweep: 230000 	Time(s): 1048204.030066
  F-Iteration: 8 	MC-Sweep: 240000 	Time(s): 1049781.266988
  F-Iteration: 8 	MC-Sweep: 250000 	Time(s): 1051244.176877
  F-Iteration: 8 	MC-Sweep: 260000 	Time(s): 1052759.509440
  F-Iteration: 8 	MC-Sweep: 270000 	Time(s): 1054211.441191
  F-Iteration: 8 	MC-Sweep: 280000 	Time(s): 1055677.721053
  F-Iteration: 8 	MC-Sweep: 290000 	Time(s): 1057152.631947
  F-Iteration: 8 	MC-Sweep: 300000 	Time(s): 1058626.034148
  F-Iteration: 8 	MC-Sweep: 310000 	Time(s): 1060094.525323
  F-Iteration: 8 	MC-Sweep: 320000 	Time(s): 1061506.055867
  F-Iteration: 8 	MC-Sweep: 330000 	Time(s): 1062944.333802
  F-Iteration: 8 	MC-Sweep: 340000 	Time(s): 1064366.443983
  F-Iteration: 8 	MC-Sweep: 350000 	Time(s): 1065798.592345
  F-Iteration: 8 	MC-Sweep: 360000 	Time(s): 1067380.031403
  F-Iteration: 8 	MC-Sweep: 370000 	Time(s): 1069003.222917
  F-Iteration: 8 	MC-Sweep: 380000 	Time(s): 1070618.062245
  F-Iteration: 8 	MC-Sweep: 390000 	Time(s): 1072083.238818
  F-Iteration: 8 	MC-Sweep: 400000 	Time(s): 1073554.984007
  F-Iteration: 8 	MC-Sweep: 410000 	Time(s): 1075043.318761
  F-Iteration: 8 	MC-Sweep: 420000 	Time(s): 1076528.425585
  F-Iteration: 8 	MC-Sweep: 430000 	Time(s): 1077996.088711
  F-Iteration: 8 	MC-Sweep: 440000 	Time(s): 1079468.656267
  F-Iteration: 8 	MC-Sweep: 450000 	Time(s): 1080945.271663
  F-Iteration: 8 	MC-Sweep: 460000 	Time(s): 1082463.740931
  F-Iteration: 8 	MC-Sweep: 470000 	Time(s): 1083943.390617
  F-Iteration: 8 	MC-Sweep: 480000 	Time(s): 1085438.212269
  F-Iteration: 8 	MC-Sweep: 490000 	Time(s): 1086928.013714
  F-Iteration: 8 	MC-Sweep: 500000 	Time(s): 1088392.838496
  F-Iteration: 8 	MC-Sweep: 510000 	Time(s): 1089857.644836
  F-Iteration: 8 	MC-Sweep: 520000 	Time(s): 1091359.191242
  F-Iteration: 8 	MC-Sweep: 530000 	Time(s): 1092813.529580
  F-Iteration: 8 	MC-Sweep: 540000 	Time(s): 1094288.731571
  F-Iteration: 8 	MC-Sweep: 550000 	Time(s): 1095828.022620
  F-Iteration: 8 	MC-Sweep: 560000 	Time(s): 1097436.373784
  F-Iteration: 8 	MC-Sweep: 570000 	Time(s): 1098962.017470
  F-Iteration: 8 	MC-Sweep: 580000 	Time(s): 1100489.806166
  F-Iteration: 8 	MC-Sweep: 590000 	Time(s): 1101992.404069
  F-Iteration: 8 	MC-Sweep: 600000 	Time(s): 1103502.918020
  F-Iteration: 8 	MC-Sweep: 610000 	Time(s): 1104991.409978
  F-Iteration: 8 	MC-Sweep: 620000 	Time(s): 1106460.918050
  F-Iteration: 8 	MC-Sweep: 630000 	Time(s): 1107927.168912
  F-Iteration: 8 	MC-Sweep: 640000 	Time(s): 1109409.418589
  F-Iteration: 8 	MC-Sweep: 650000 	Time(s): 1110894.516256
  F-Iteration: 8 	MC-Sweep: 660000 	Time(s): 1112330.675245
  F-Iteration: 8 	MC-Sweep: 670000 	Time(s): 1113784.098072
  F-Iteration: 8 	MC-Sweep: 680000 	Time(s): 1115264.188115
  F-Iteration: 8 	MC-Sweep: 690000 	Time(s): 1116700.922949
  F-Iteration: 8 	MC-Sweep: 700000 	Time(s): 1118207.752572
  F-Iteration: 8 	MC-Sweep: 710000 	Time(s): 1119640.572429
  F-Iteration: 8 	MC-Sweep: 720000 	Time(s): 1121188.601372
  F-Iteration: 8 	MC-Sweep: 730000 	Time(s): 1122620.549734
  F-Iteration: 8 	MC-Sweep: 740000 	Time(s): 1124112.284755
  F-Iteration: 8 	MC-Sweep: 750000 	Time(s): 1125596.577046
  F-Iteration: 8 	MC-Sweep: 760000 	Time(s): 1127099.774956
  F-Iteration: 8 	MC-Sweep: 770000 	Time(s): 1128561.056655
  F-Iteration: 8 	MC-Sweep: 780000 	Time(s): 1130035.769520
  F-Iteration: 8 	MC-Sweep: 790000 	Time(s): 1131538.953836
  F-Iteration: 8 	MC-Sweep: 800000 	Time(s): 1133014.984733
  F-Iteration: 8 	MC-Sweep: 810000 	Time(s): 1134465.428498
  F-Iteration: 8 	MC-Sweep: 820000 	Time(s): 1135916.812991
  F-Iteration: 8 	MC-Sweep: 830000 	Time(s): 1137405.271010
  F-Iteration: 8 	MC-Sweep: 840000 	Time(s): 1138902.442189
  F-Iteration: 8 	MC-Sweep: 850000 	Time(s): 1140408.021328
  F-Iteration: 8 	MC-Sweep: 860000 	Time(s): 1141896.041235
  F-Iteration: 8 	MC-Sweep: 870000 	Time(s): 1143351.000414
  F-Iteration: 8 	MC-Sweep: 880000 	Time(s): 1144826.821995
  F-Iteration: 8 	MC-Sweep: 890000 	Time(s): 1146334.016998
  F-Iteration: 8 	MC-Sweep: 900000 	Time(s): 1147831.620824
  F-Iteration: 8 	MC-Sweep: 910000 	Time(s): 1149335.414047
  F-Iteration: 8 	MC-Sweep: 920000 	Time(s): 1150820.835633
  F-Iteration: 8 	MC-Sweep: 930000 	Time(s): 1152263.145348
  F-Iteration: 8 	MC-Sweep: 940000 	Time(s): 1153764.086272
  F-Iteration: 8 	MC-Sweep: 950000 	Time(s): 1155213.408901
  F-Iteration: 8 	MC-Sweep: 960000 	Time(s): 1156714.841023
  F-Iteration: 8 	MC-Sweep: 970000 	Time(s): 1158221.965809
  F-Iteration: 8 	MC-Sweep: 980000 	Time(s): 1159738.012980
  F-Iteration: 8 	MC-Sweep: 990000 	Time(s): 1161234.845956
  F-Iteration: 8 	MC-Sweep: 1000000 	Time(s): 1162786.281870
  F-Iteration: 8 	MC-Sweep: 1010000 	Time(s): 1164267.302985
  F-Iteration: 8 	MC-Sweep: 1020000 	Time(s): 1165705.509178
  F-Iteration: 8 	MC-Sweep: 1030000 	Time(s): 1167180.298136
  F-Iteration: 8 	MC-Sweep: 1040000 	Time(s): 1168622.207602
  F-Iteration: 8 	MC-Sweep: 1050000 	Time(s): 1170075.179794
  F-Iteration: 8 	MC-Sweep: 1060000 	Time(s): 1171542.150888
  F-Iteration: 8 	MC-Sweep: 1070000 	Time(s): 1173049.614018
  F-Iteration: 8 	MC-Sweep: 1080000 	Time(s): 1174473.761440
  F-Iteration: 8 	MC-Sweep: 1090000 	Time(s): 1175968.203331
  F-Iteration: 8 	MC-Sweep: 1100000 	Time(s): 1177468.573559
  F-Iteration: 8 	MC-Sweep: 1110000 	Time(s): 1178905.082364
  F-Iteration: 8 	MC-Sweep: 1120000 	Time(s): 1180358.589390
  F-Iteration: 8 	MC-Sweep: 1130000 	Time(s): 1181803.232236
  F-Iteration: 8 	MC-Sweep: 1140000 	Time(s): 1183236.997452
  F-Iteration: 8 	MC-Sweep: 1150000 	Time(s): 1184679.069172
  F-Iteration: 8 	MC-Sweep: 1160000 	Time(s): 1186153.689459
  F-Iteration: 8 	MC-Sweep: 1170000 	Time(s): 1187618.018772
  F-Iteration: 8 	MC-Sweep: 1180000 	Time(s): 1189056.551897
  F-Iteration: 8 	MC-Sweep: 1190000 	Time(s): 1190531.853846
  F-Iteration: 8 	MC-Sweep: 1200000 	Time(s): 1191968.201868
  F-Iteration: 8 	MC-Sweep: 1210000 	Time(s): 1193429.896417
  F-Iteration: 8 	MC-Sweep: 1220000 	Time(s): 1194856.951922
  F-Iteration: 8 	MC-Sweep: 1230000 	Time(s): 1196315.086821
  F-Iteration: 8 	MC-Sweep: 1240000 	Time(s): 1197749.453305
  F-Iteration: 8 	MC-Sweep: 1250000 	Time(s): 1199218.377013
  F-Iteration: 8 	MC-Sweep: 1260000 	Time(s): 1200714.102369
  F-Iteration: 8 	MC-Sweep: 1270000 	Time(s): 1202167.596999
  F-Iteration: 8 	MC-Sweep: 1280000 	Time(s): 1203608.939625
  F-Iteration: 8 	MC-Sweep: 1290000 	Time(s): 1205090.467215
  F-Iteration: 8 	MC-Sweep: 1300000 	Time(s): 1206575.920964
  F-Iteration: 8 	MC-Sweep: 1310000 	Time(s): 1208159.222412
  F-Iteration: 8 	MC-Sweep: 1320000 	Time(s): 1209725.055488
  F-Iteration: 8 	MC-Sweep: 1330000 	Time(s): 1211236.548800
  F-Iteration: 8 	MC-Sweep: 1340000 	Time(s): 1212755.209246
  F-Iteration: 8 	MC-Sweep: 1350000 	Time(s): 1214254.019232
  F-Iteration: 8 	MC-Sweep: 1360000 	Time(s): 1215740.480973
  F-Iteration: 8 	MC-Sweep: 1370000 	Time(s): 1217261.714011
  F-Iteration: 8 	MC-Sweep: 1380000 	Time(s): 1218869.091684
  F-Iteration: 8 	MC-Sweep: 1390000 	Time(s): 1220498.152756
  F-Iteration: 8 	MC-Sweep: 1400000 	Time(s): 1222058.604960
  F-Iteration: 8 	MC-Sweep: 1410000 	Time(s): 1223579.769713
  F-Iteration: 8 	MC-Sweep: 1420000 	Time(s): 1225070.782240
  F-Iteration: 8 	MC-Sweep: 1430000 	Time(s): 1226577.509314
  F-Iteration: 8 	MC-Sweep: 1440000 	Time(s): 1228123.762833
  F-Iteration: 8 	MC-Sweep: 1450000 	Time(s): 1229667.177022
  F-Iteration: 8 	MC-Sweep: 1460000 	Time(s): 1231147.013649
  F-Iteration: 8 	MC-Sweep: 1470000 	Time(s): 1232732.951230
  F-Iteration: 8 	MC-Sweep: 1480000 	Time(s): 1234240.170954
  F-Iteration: 8 	MC-Sweep: 1490000 	Time(s): 1235753.270191
  F-Iteration: 8 	MC-Sweep: 1500000 	Time(s): 1237255.513199
  F-Iteration: 8 	MC-Sweep: 1510000 	Time(s): 1238741.105519
  F-Iteration: 8 	MC-Sweep: 1520000 	Time(s): 1240186.665220
  F-Iteration: 8 	MC-Sweep: 1530000 	Time(s): 1241665.907810
  F-Iteration: 8 	MC-Sweep: 1540000 	Time(s): 1243106.363232
  F-Iteration: 8 	MC-Sweep: 1550000 	Time(s): 1244581.344471
  F-Iteration: 8 	MC-Sweep: 1560000 	Time(s): 1246093.433894
  F-Iteration: 8 	MC-Sweep: 1570000 	Time(s): 1247624.872849
  F-Iteration: 8 	MC-Sweep: 1580000 	Time(s): 1249108.969955
  F-Iteration: 8 	MC-Sweep: 1590000 	Time(s): 1250627.605248
  F-Iteration: 8 	MC-Sweep: 1600000 	Time(s): 1252142.575687
  F-Iteration: 8 	MC-Sweep: 1610000 	Time(s): 1253625.493278
  F-Iteration: 8 	MC-Sweep: 1620000 	Time(s): 1255072.333049
  F-Iteration: 8 	MC-Sweep: 1630000 	Time(s): 1256556.606211
  F-Iteration: 8 	MC-Sweep: 1640000 	Time(s): 1258131.089259
  F-Iteration: 8 	MC-Sweep: 1649000 	Time(s): 1259504.152588
  Cumulative number of energy calculations: 6957912
  F-Iteration: 9 	F = 1.001955
  F-Iteration: 9 	MC-Sweep: 0 	Time(s): 1259504.884854
  F-Iteration: 9 	MC-Sweep: 10000 	Time(s): 1261067.001354
  F-Iteration: 9 	MC-Sweep: 20000 	Time(s): 1262629.419246
  F-Iteration: 9 	MC-Sweep: 30000 	Time(s): 1264175.313129
  F-Iteration: 9 	MC-Sweep: 40000 	Time(s): 1265694.254144
  F-Iteration: 9 	MC-Sweep: 50000 	Time(s): 1267192.629807
  F-Iteration: 9 	MC-Sweep: 60000 	Time(s): 1268635.922478
  F-Iteration: 9 	MC-Sweep: 70000 	Time(s): 1270112.952756
  F-Iteration: 9 	MC-Sweep: 80000 	Time(s): 1271590.946060
  F-Iteration: 9 	MC-Sweep: 90000 	Time(s): 1273035.643085
  F-Iteration: 9 	MC-Sweep: 100000 	Time(s): 1274509.821127
  F-Iteration: 9 	MC-Sweep: 110000 	Time(s): 1275997.117954
  F-Iteration: 9 	MC-Sweep: 120000 	Time(s): 1277475.063030
  F-Iteration: 9 	MC-Sweep: 130000 	Time(s): 1278948.393833
  F-Iteration: 9 	MC-Sweep: 140000 	Time(s): 1280421.357192
  F-Iteration: 9 	MC-Sweep: 150000 	Time(s): 1281917.413207
  F-Iteration: 9 	MC-Sweep: 160000 	Time(s): 1283498.631642
  F-Iteration: 9 	MC-Sweep: 170000 	Time(s): 1284956.644308
  F-Iteration: 9 	MC-Sweep: 180000 	Time(s): 1286430.492047
  F-Iteration: 9 	MC-Sweep: 190000 	Time(s): 1287940.577983
  F-Iteration: 9 	MC-Sweep: 200000 	Time(s): 1289556.058663
  F-Iteration: 9 	MC-Sweep: 210000 	Time(s): 1291126.033832
  F-Iteration: 9 	MC-Sweep: 220000 	Time(s): 1292676.606586
  F-Iteration: 9 	MC-Sweep: 230000 	Time(s): 1294159.417868
  F-Iteration: 9 	MC-Sweep: 240000 	Time(s): 1295556.085859
  F-Iteration: 9 	MC-Sweep: 250000 	Time(s): 1297040.287699
  F-Iteration: 9 	MC-Sweep: 260000 	Time(s): 1298524.378939
  F-Iteration: 9 	MC-Sweep: 270000 	Time(s): 1300029.883080
  F-Iteration: 9 	MC-Sweep: 280000 	Time(s): 1301540.461431
  F-Iteration: 9 	MC-Sweep: 290000 	Time(s): 1303084.474921
  F-Iteration: 9 	MC-Sweep: 300000 	Time(s): 1304643.557173
  F-Iteration: 9 	MC-Sweep: 310000 	Time(s): 1306127.566492
  F-Iteration: 9 	MC-Sweep: 320000 	Time(s): 1307647.723252
  F-Iteration: 9 	MC-Sweep: 330000 	Time(s): 1309153.627516
  F-Iteration: 9 	MC-Sweep: 340000 	Time(s): 1310649.635424
  F-Iteration: 9 	MC-Sweep: 350000 	Time(s): 1312327.753964
  F-Iteration: 9 	MC-Sweep: 360000 	Time(s): 1313929.325122
  F-Iteration: 9 	MC-Sweep: 370000 	Time(s): 1315429.508015
  F-Iteration: 9 	MC-Sweep: 380000 	Time(s): 1316919.050941
  F-Iteration: 9 	MC-Sweep: 390000 	Time(s): 1318397.979974
  F-Iteration: 9 	MC-Sweep: 400000 	Time(s): 1319857.105189
  F-Iteration: 9 	MC-Sweep: 410000 	Time(s): 1321475.573710
  F-Iteration: 9 	MC-Sweep: 420000 	Time(s): 1323025.151120
  F-Iteration: 9 	MC-Sweep: 430000 	Time(s): 1324611.076234
  F-Iteration: 9 	MC-Sweep: 440000 	Time(s): 1326207.206874
  F-Iteration: 9 	MC-Sweep: 450000 	Time(s): 1327764.628476
  F-Iteration: 9 	MC-Sweep: 460000 	Time(s): 1329406.116931
  F-Iteration: 9 	MC-Sweep: 470000 	Time(s): 1330934.778416
  F-Iteration: 9 	MC-Sweep: 480000 	Time(s): 1332488.408826
  F-Iteration: 9 	MC-Sweep: 490000 	Time(s): 1334111.384244
  F-Iteration: 9 	MC-Sweep: 500000 	Time(s): 1335631.781224
  F-Iteration: 9 	MC-Sweep: 510000 	Time(s): 1337158.747115
  F-Iteration: 9 	MC-Sweep: 520000 	Time(s): 1338713.517327
  F-Iteration: 9 	MC-Sweep: 530000 	Time(s): 1340354.750961
  F-Iteration: 9 	MC-Sweep: 540000 	Time(s): 1341879.501335
  F-Iteration: 9 	MC-Sweep: 550000 	Time(s): 1343360.158415
  F-Iteration: 9 	MC-Sweep: 560000 	Time(s): 1344853.051693
  F-Iteration: 9 	MC-Sweep: 570000 	Time(s): 1346322.457278
  F-Iteration: 9 	MC-Sweep: 580000 	Time(s): 1347825.799021
  F-Iteration: 9 	MC-Sweep: 590000 	Time(s): 1349283.356892
  F-Iteration: 9 	MC-Sweep: 600000 	Time(s): 1350768.554634
  F-Iteration: 9 	MC-Sweep: 610000 	Time(s): 1352204.745920
  F-Iteration: 9 	MC-Sweep: 620000 	Time(s): 1353752.243801
  F-Iteration: 9 	MC-Sweep: 630000 	Time(s): 1355227.952172
  F-Iteration: 9 	MC-Sweep: 640000 	Time(s): 1356688.668400
  F-Iteration: 9 	MC-Sweep: 650000 	Time(s): 1358198.400022
  F-Iteration: 9 	MC-Sweep: 660000 	Time(s): 1359730.466997
  F-Iteration: 9 	MC-Sweep: 670000 	Time(s): 1361272.501749
  F-Iteration: 9 	MC-Sweep: 680000 	Time(s): 1362767.431053
  F-Iteration: 9 	MC-Sweep: 690000 	Time(s): 1364253.175658
  F-Iteration: 9 	MC-Sweep: 700000 	Time(s): 1365785.297615
  F-Iteration: 9 	MC-Sweep: 710000 	Time(s): 1367323.855434
  F-Iteration: 9 	MC-Sweep: 720000 	Time(s): 1368808.244248
  F-Iteration: 9 	MC-Sweep: 730000 	Time(s): 1370319.027346
  F-Iteration: 9 	MC-Sweep: 740000 	Time(s): 1371845.490843
  F-Iteration: 9 	MC-Sweep: 750000 	Time(s): 1373306.425820
  F-Iteration: 9 	MC-Sweep: 760000 	Time(s): 1374816.033249
  F-Iteration: 9 	MC-Sweep: 770000 	Time(s): 1376369.162062
  F-Iteration: 9 	MC-Sweep: 780000 	Time(s): 1377934.583251
  F-Iteration: 9 	MC-Sweep: 790000 	Time(s): 1379441.510780
  F-Iteration: 9 	MC-Sweep: 800000 	Time(s): 1381001.416419
  F-Iteration: 9 	MC-Sweep: 810000 	Time(s): 1382557.929511
  F-Iteration: 9 	MC-Sweep: 813000 	Time(s): 1383012.342484
  Cumulative number of energy calculations: 7770913
  F-Iteration: 10 	F = 1.000977
  F-Iteration: 10 	MC-Sweep: 0 	Time(s): 1383012.922845
  F-Iteration: 10 	MC-Sweep: 10000 	Time(s): 1384596.232556
  F-Iteration: 10 	MC-Sweep: 20000 	Time(s): 1386118.071139
  F-Iteration: 10 	MC-Sweep: 30000 	Time(s): 1387605.964940
  F-Iteration: 10 	MC-Sweep: 40000 	Time(s): 1389137.608382
  F-Iteration: 10 	MC-Sweep: 50000 	Time(s): 1390655.777494
  F-Iteration: 10 	MC-Sweep: 60000 	Time(s): 1392213.688348
  F-Iteration: 10 	MC-Sweep: 70000 	Time(s): 1393785.594925
  F-Iteration: 10 	MC-Sweep: 80000 	Time(s): 1395329.184955
  F-Iteration: 10 	MC-Sweep: 90000 	Time(s): 1396924.721444
  F-Iteration: 10 	MC-Sweep: 100000 	Time(s): 1398519.583225
  F-Iteration: 10 	MC-Sweep: 110000 	Time(s): 1400144.407848
  F-Iteration: 10 	MC-Sweep: 120000 	Time(s): 1401707.861613
  F-Iteration: 10 	MC-Sweep: 130000 	Time(s): 1403290.408048
  F-Iteration: 10 	MC-Sweep: 140000 	Time(s): 1404713.757487
  F-Iteration: 10 	MC-Sweep: 150000 	Time(s): 1406203.043631
  F-Iteration: 10 	MC-Sweep: 160000 	Time(s): 1407710.525512
  F-Iteration: 10 	MC-Sweep: 170000 	Time(s): 1409207.171023
  F-Iteration: 10 	MC-Sweep: 180000 	Time(s): 1410724.724772
  F-Iteration: 10 	MC-Sweep: 190000 	Time(s): 1412257.515290
  F-Iteration: 10 	MC-Sweep: 200000 	Time(s): 1413759.910969
  F-Iteration: 10 	MC-Sweep: 210000 	Time(s): 1415258.140865
  F-Iteration: 10 	MC-Sweep: 220000 	Time(s): 1416772.681252
  F-Iteration: 10 	MC-Sweep: 230000 	Time(s): 1418264.488150
  F-Iteration: 10 	MC-Sweep: 240000 	Time(s): 1419746.516679
  F-Iteration: 10 	MC-Sweep: 250000 	Time(s): 1421243.326068
  F-Iteration: 10 	MC-Sweep: 260000 	Time(s): 1422769.173232
  F-Iteration: 10 	MC-Sweep: 270000 	Time(s): 1424274.713772
  F-Iteration: 10 	MC-Sweep: 280000 	Time(s): 1425797.258407
  F-Iteration: 10 	MC-Sweep: 290000 	Time(s): 1427338.528258
  F-Iteration: 10 	MC-Sweep: 300000 	Time(s): 1428852.027996
  F-Iteration: 10 	MC-Sweep: 310000 	Time(s): 1430355.599826
  F-Iteration: 10 	MC-Sweep: 320000 	Time(s): 1431840.755215
  F-Iteration: 10 	MC-Sweep: 330000 	Time(s): 1433358.381432
  F-Iteration: 10 	MC-Sweep: 340000 	Time(s): 1434899.662884
  F-Iteration: 10 	MC-Sweep: 350000 	Time(s): 1436404.823825
  F-Iteration: 10 	MC-Sweep: 360000 	Time(s): 1437930.350832
  F-Iteration: 10 	MC-Sweep: 370000 	Time(s): 1439414.330778
  F-Iteration: 10 	MC-Sweep: 380000 	Time(s): 1440912.381711
  F-Iteration: 10 	MC-Sweep: 390000 	Time(s): 1442436.825538
  F-Iteration: 10 	MC-Sweep: 394100 	Time(s): 1443047.364042
  Cumulative number of energy calculations: 8165014
  F-Iteration: 11 	F = 1.000488
  F-Iteration: 11 	MC-Sweep: 0 	Time(s): 1443048.218579
  F-Iteration: 11 	MC-Sweep: 10000 	Time(s): 1444603.129226
  F-Iteration: 11 	MC-Sweep: 20000 	Time(s): 1446092.174363
  F-Iteration: 11 	MC-Sweep: 30000 	Time(s): 1447594.702885
  F-Iteration: 11 	MC-Sweep: 40000 	Time(s): 1449140.346091
  F-Iteration: 11 	MC-Sweep: 50000 	Time(s): 1450639.483726
  F-Iteration: 11 	MC-Sweep: 60000 	Time(s): 1452165.344419
  F-Iteration: 11 	MC-Sweep: 70000 	Time(s): 1453660.764254
  F-Iteration: 11 	MC-Sweep: 80000 	Time(s): 1455209.631790
  F-Iteration: 11 	MC-Sweep: 90000 	Time(s): 1456733.706673
  F-Iteration: 11 	MC-Sweep: 100000 	Time(s): 1458230.750184
  F-Iteration: 11 	MC-Sweep: 110000 	Time(s): 1459753.310338
  F-Iteration: 11 	MC-Sweep: 120000 	Time(s): 1461269.592188
  F-Iteration: 11 	MC-Sweep: 130000 	Time(s): 1462789.058004
  F-Iteration: 11 	MC-Sweep: 140000 	Time(s): 1464322.501199
  F-Iteration: 11 	MC-Sweep: 150000 	Time(s): 1465873.102643
  F-Iteration: 11 	MC-Sweep: 160000 	Time(s): 1467468.873932
  F-Iteration: 11 	MC-Sweep: 170000 	Time(s): 1468999.662070
  F-Iteration: 11 	MC-Sweep: 180000 	Time(s): 1470625.663270
  F-Iteration: 11 	MC-Sweep: 190000 	Time(s): 1472231.062573
  F-Iteration: 11 	MC-Sweep: 200000 	Time(s): 1473712.926900
  F-Iteration: 11 	MC-Sweep: 210000 	Time(s): 1475197.637449
  F-Iteration: 11 	MC-Sweep: 220000 	Time(s): 1476746.107850
  F-Iteration: 11 	MC-Sweep: 230000 	Time(s): 1478299.690867
  F-Iteration: 11 	MC-Sweep: 240000 	Time(s): 1479801.858883
  F-Iteration: 11 	MC-Sweep: 240300 	Time(s): 1479846.248798
  Cumulative number of energy calculations: 8405315
  F-Iteration: 12 	F = 1.000244
  F-Iteration: 12 	MC-Sweep: 0 	Time(s): 1479846.921397
  F-Iteration: 12 	MC-Sweep: 10000 	Time(s): 1481362.476122
  F-Iteration: 12 	MC-Sweep: 20000 	Time(s): 1482887.361972
  F-Iteration: 12 	MC-Sweep: 30000 	Time(s): 1484395.917449
  F-Iteration: 12 	MC-Sweep: 40000 	Time(s): 1485870.040948
  F-Iteration: 12 	MC-Sweep: 50000 	Time(s): 1487369.784045
  F-Iteration: 12 	MC-Sweep: 60000 	Time(s): 1488990.435131
  F-Iteration: 12 	MC-Sweep: 70000 	Time(s): 1490404.138665
  F-Iteration: 12 	MC-Sweep: 80000 	Time(s): 1491885.546096
  F-Iteration: 12 	MC-Sweep: 90000 	Time(s): 1493399.480631
  F-Iteration: 12 	MC-Sweep: 100000 	Time(s): 1494837.528347
  F-Iteration: 12 	MC-Sweep: 110000 	Time(s): 1496310.956443
  F-Iteration: 12 	MC-Sweep: 120000 	Time(s): 1497783.436369
  F-Iteration: 12 	MC-Sweep: 130000 	Time(s): 1499238.759037
  F-Iteration: 12 	MC-Sweep: 140000 	Time(s): 1500700.214748
  F-Iteration: 12 	MC-Sweep: 150000 	Time(s): 1502197.340728
  F-Iteration: 12 	MC-Sweep: 160000 	Time(s): 1503703.029731
  F-Iteration: 12 	MC-Sweep: 170000 	Time(s): 1505258.339553
  F-Iteration: 12 	MC-Sweep: 180000 	Time(s): 1506659.225233
  F-Iteration: 12 	MC-Sweep: 190000 	Time(s): 1508092.327933
  F-Iteration: 12 	MC-Sweep: 200000 	Time(s): 1509556.195558
  F-Iteration: 12 	MC-Sweep: 210000 	Time(s): 1511000.675368
  F-Iteration: 12 	MC-Sweep: 220000 	Time(s): 1512392.673837
  F-Iteration: 12 	MC-Sweep: 230000 	Time(s): 1513824.202198
  F-Iteration: 12 	MC-Sweep: 240000 	Time(s): 1515287.630322
  F-Iteration: 12 	MC-Sweep: 250000 	Time(s): 1516717.609376
  F-Iteration: 12 	MC-Sweep: 260000 	Time(s): 1518111.156189
  F-Iteration: 12 	MC-Sweep: 270000 	Time(s): 1519570.151825
  F-Iteration: 12 	MC-Sweep: 280000 	Time(s): 1521093.442701
  F-Iteration: 12 	MC-Sweep: 290000 	Time(s): 1522557.740887
  F-Iteration: 12 	MC-Sweep: 300000 	Time(s): 1524063.680734
  F-Iteration: 12 	MC-Sweep: 310000 	Time(s): 1525496.483365
  F-Iteration: 12 	MC-Sweep: 320000 	Time(s): 1526974.167293
  F-Iteration: 12 	MC-Sweep: 330000 	Time(s): 1528486.927686
  F-Iteration: 12 	MC-Sweep: 340000 	Time(s): 1529975.706103
  F-Iteration: 12 	MC-Sweep: 350000 	Time(s): 1531513.195533
  F-Iteration: 12 	MC-Sweep: 360000 	Time(s): 1533046.663495
  F-Iteration: 12 	MC-Sweep: 370000 	Time(s): 1534574.363736
  F-Iteration: 12 	MC-Sweep: 380000 	Time(s): 1536033.168284
  F-Iteration: 12 	MC-Sweep: 390000 	Time(s): 1537527.402453
  F-Iteration: 12 	MC-Sweep: 400000 	Time(s): 1539094.252630
  F-Iteration: 12 	MC-Sweep: 410000 	Time(s): 1540626.918251
  F-Iteration: 12 	MC-Sweep: 420000 	Time(s): 1542163.783059
  F-Iteration: 12 	MC-Sweep: 430000 	Time(s): 1543709.823390
  F-Iteration: 12 	MC-Sweep: 440000 	Time(s): 1545258.088971
  F-Iteration: 12 	MC-Sweep: 450000 	Time(s): 1546779.807313
  F-Iteration: 12 	MC-Sweep: 460000 	Time(s): 1548313.609321
  F-Iteration: 12 	MC-Sweep: 470000 	Time(s): 1549851.308085
  F-Iteration: 12 	MC-Sweep: 480000 	Time(s): 1551384.774015
  F-Iteration: 12 	MC-Sweep: 490000 	Time(s): 1552906.765434
  F-Iteration: 12 	MC-Sweep: 500000 	Time(s): 1554404.002378
  F-Iteration: 12 	MC-Sweep: 510000 	Time(s): 1555797.455099
  F-Iteration: 12 	MC-Sweep: 520000 	Time(s): 1557292.355715
  F-Iteration: 12 	MC-Sweep: 530000 	Time(s): 1558824.672508
  F-Iteration: 12 	MC-Sweep: 540000 	Time(s): 1560348.970813
  F-Iteration: 12 	MC-Sweep: 550000 	Time(s): 1561885.736657
  F-Iteration: 12 	MC-Sweep: 560000 	Time(s): 1563394.813304
  F-Iteration: 12 	MC-Sweep: 570000 	Time(s): 1564870.098209
  F-Iteration: 12 	MC-Sweep: 580000 	Time(s): 1566356.249562
  F-Iteration: 12 	MC-Sweep: 590000 	Time(s): 1567839.898423
  F-Iteration: 12 	MC-Sweep: 600000 	Time(s): 1569322.789754
  F-Iteration: 12 	MC-Sweep: 610000 	Time(s): 1570793.744022
  F-Iteration: 12 	MC-Sweep: 620000 	Time(s): 1572284.220996
  F-Iteration: 12 	MC-Sweep: 630000 	Time(s): 1573762.141581
  F-Iteration: 12 	MC-Sweep: 640000 	Time(s): 1575246.360140
  F-Iteration: 12 	MC-Sweep: 650000 	Time(s): 1576723.458099
  F-Iteration: 12 	MC-Sweep: 660000 	Time(s): 1578217.640732
  F-Iteration: 12 	MC-Sweep: 670000 	Time(s): 1579728.365890
  F-Iteration: 12 	MC-Sweep: 680000 	Time(s): 1581236.638016
  F-Iteration: 12 	MC-Sweep: 690000 	Time(s): 1582723.140339
  F-Iteration: 12 	MC-Sweep: 700000 	Time(s): 1584269.610898
  F-Iteration: 12 	MC-Sweep: 710000 	Time(s): 1585781.264698
  F-Iteration: 12 	MC-Sweep: 720000 	Time(s): 1587252.034994
  F-Iteration: 12 	MC-Sweep: 730000 	Time(s): 1588738.017176
  F-Iteration: 12 	MC-Sweep: 734100 	Time(s): 1589340.660788
  Cumulative number of energy calculations: 9139416
  F-Iteration: 13 	F = 1.000122
  F-Iteration: 13 	MC-Sweep: 0 	Time(s): 1589341.172852
  F-Iteration: 13 	MC-Sweep: 10000 	Time(s): 1590798.886741
  F-Iteration: 13 	MC-Sweep: 20000 	Time(s): 1592301.439344
  F-Iteration: 13 	MC-Sweep: 30000 	Time(s): 1593781.366405
  F-Iteration: 13 	MC-Sweep: 40000 	Time(s): 1595258.245735
  F-Iteration: 13 	MC-Sweep: 50000 	Time(s): 1596711.167825
  F-Iteration: 13 	MC-Sweep: 60000 	Time(s): 1598171.220219
  F-Iteration: 13 	MC-Sweep: 70000 	Time(s): 1599626.388902
  F-Iteration: 13 	MC-Sweep: 80000 	Time(s): 1601068.018052
  F-Iteration: 13 	MC-Sweep: 90000 	Time(s): 1602534.457350
  F-Iteration: 13 	MC-Sweep: 100000 	Time(s): 1604007.319784
  F-Iteration: 13 	MC-Sweep: 110000 	Time(s): 1605491.957458
  F-Iteration: 13 	MC-Sweep: 120000 	Time(s): 1606955.092636
  F-Iteration: 13 	MC-Sweep: 130000 	Time(s): 1608424.254736
  F-Iteration: 13 	MC-Sweep: 140000 	Time(s): 1609870.053189
  F-Iteration: 13 	MC-Sweep: 150000 	Time(s): 1611322.312814
  F-Iteration: 13 	MC-Sweep: 160000 	Time(s): 1612786.107004
  F-Iteration: 13 	MC-Sweep: 170000 	Time(s): 1614204.248572
  F-Iteration: 13 	MC-Sweep: 180000 	Time(s): 1615701.539355
  F-Iteration: 13 	MC-Sweep: 190000 	Time(s): 1617143.034409
  F-Iteration: 13 	MC-Sweep: 200000 	Time(s): 1618645.887175
  F-Iteration: 13 	MC-Sweep: 210000 	Time(s): 1620151.480182
  F-Iteration: 13 	MC-Sweep: 220000 	Time(s): 1621652.673348
  F-Iteration: 13 	MC-Sweep: 230000 	Time(s): 1623159.924648
  F-Iteration: 13 	MC-Sweep: 240000 	Time(s): 1624618.192560
  F-Iteration: 13 	MC-Sweep: 250000 	Time(s): 1626119.630172
  F-Iteration: 13 	MC-Sweep: 260000 	Time(s): 1627577.030416
  F-Iteration: 13 	MC-Sweep: 270000 	Time(s): 1629081.502991
  F-Iteration: 13 	MC-Sweep: 280000 	Time(s): 1630550.073678
  F-Iteration: 13 	MC-Sweep: 290000 	Time(s): 1632059.474200
  F-Iteration: 13 	MC-Sweep: 300000 	Time(s): 1633521.086670
  F-Iteration: 13 	MC-Sweep: 310000 	Time(s): 1635007.859177
  F-Iteration: 13 	MC-Sweep: 320000 	Time(s): 1636517.724866
  F-Iteration: 13 	MC-Sweep: 330000 	Time(s): 1637995.516220
  F-Iteration: 13 	MC-Sweep: 340000 	Time(s): 1639510.107938
  F-Iteration: 13 	MC-Sweep: 350000 	Time(s): 1640987.601104
  F-Iteration: 13 	MC-Sweep: 360000 	Time(s): 1642544.997120
  F-Iteration: 13 	MC-Sweep: 370000 	Time(s): 1644072.677202
  F-Iteration: 13 	MC-Sweep: 380000 	Time(s): 1645568.463152
  F-Iteration: 13 	MC-Sweep: 390000 	Time(s): 1647122.798607
  F-Iteration: 13 	MC-Sweep: 400000 	Time(s): 1648667.142015
  F-Iteration: 13 	MC-Sweep: 410000 	Time(s): 1650189.218104
  F-Iteration: 13 	MC-Sweep: 420000 	Time(s): 1651710.042742
  F-Iteration: 13 	MC-Sweep: 430000 	Time(s): 1653230.931048
  F-Iteration: 13 	MC-Sweep: 440000 	Time(s): 1654760.179906
  F-Iteration: 13 	MC-Sweep: 450000 	Time(s): 1656238.650817
  F-Iteration: 13 	MC-Sweep: 460000 	Time(s): 1657740.636375
  F-Iteration: 13 	MC-Sweep: 470000 	Time(s): 1659245.024435
  F-Iteration: 13 	MC-Sweep: 480000 	Time(s): 1660762.829298
  F-Iteration: 13 	MC-Sweep: 490000 	Time(s): 1662248.777581
  F-Iteration: 13 	MC-Sweep: 500000 	Time(s): 1663776.777823
  F-Iteration: 13 	MC-Sweep: 510000 	Time(s): 1665318.553481
  F-Iteration: 13 	MC-Sweep: 520000 	Time(s): 1666866.736759
  F-Iteration: 13 	MC-Sweep: 530000 	Time(s): 1668404.300340
  F-Iteration: 13 	MC-Sweep: 540000 	Time(s): 1669960.995115
  F-Iteration: 13 	MC-Sweep: 550000 	Time(s): 1671513.087517
  F-Iteration: 13 	MC-Sweep: 560000 	Time(s): 1673074.565837
  F-Iteration: 13 	MC-Sweep: 570000 	Time(s): 1674589.915174
  F-Iteration: 13 	MC-Sweep: 580000 	Time(s): 1676088.262642
  F-Iteration: 13 	MC-Sweep: 590000 	Time(s): 1677605.205311
  F-Iteration: 13 	MC-Sweep: 600000 	Time(s): 1679132.639943
  F-Iteration: 13 	MC-Sweep: 610000 	Time(s): 1680645.392124
  F-Iteration: 13 	MC-Sweep: 620000 	Time(s): 1682136.406771
  F-Iteration: 13 	MC-Sweep: 630000 	Time(s): 1683620.072488
  F-Iteration: 13 	MC-Sweep: 640000 	Time(s): 1685119.297477
  F-Iteration: 13 	MC-Sweep: 650000 	Time(s): 1686670.631971
  F-Iteration: 13 	MC-Sweep: 660000 	Time(s): 1688198.687701
  F-Iteration: 13 	MC-Sweep: 670000 	Time(s): 1689744.998335
  F-Iteration: 13 	MC-Sweep: 680000 	Time(s): 1691271.713641
  F-Iteration: 13 	MC-Sweep: 690000 	Time(s): 1692792.218814
  F-Iteration: 13 	MC-Sweep: 700000 	Time(s): 1694345.835933
  F-Iteration: 13 	MC-Sweep: 710000 	Time(s): 1695893.368119
  F-Iteration: 13 	MC-Sweep: 720000 	Time(s): 1697392.987325
  F-Iteration: 13 	MC-Sweep: 730000 	Time(s): 1698932.528184
  F-Iteration: 13 	MC-Sweep: 740000 	Time(s): 1700445.707894
  F-Iteration: 13 	MC-Sweep: 750000 	Time(s): 1701915.705091
  F-Iteration: 13 	MC-Sweep: 760000 	Time(s): 1703459.302039
  F-Iteration: 13 	MC-Sweep: 770000 	Time(s): 1704986.107751
  F-Iteration: 13 	MC-Sweep: 780000 	Time(s): 1706479.075041
  F-Iteration: 13 	MC-Sweep: 790000 	Time(s): 1707970.837781
  F-Iteration: 13 	MC-Sweep: 800000 	Time(s): 1709513.690710
  F-Iteration: 13 	MC-Sweep: 810000 	Time(s): 1711042.431869
  F-Iteration: 13 	MC-Sweep: 820000 	Time(s): 1712576.958725
  F-Iteration: 13 	MC-Sweep: 830000 	Time(s): 1714115.366910
  F-Iteration: 13 	MC-Sweep: 840000 	Time(s): 1715648.061881
  F-Iteration: 13 	MC-Sweep: 850000 	Time(s): 1717156.135949
  F-Iteration: 13 	MC-Sweep: 860000 	Time(s): 1718666.486091
  F-Iteration: 13 	MC-Sweep: 870000 	Time(s): 1720186.413131
  F-Iteration: 13 	MC-Sweep: 880000 	Time(s): 1721699.822410
  F-Iteration: 13 	MC-Sweep: 890000 	Time(s): 1723210.615170
  F-Iteration: 13 	MC-Sweep: 900000 	Time(s): 1724726.746332
  F-Iteration: 13 	MC-Sweep: 910000 	Time(s): 1726216.709939
  F-Iteration: 13 	MC-Sweep: 920000 	Time(s): 1727700.281264
  F-Iteration: 13 	MC-Sweep: 930000 	Time(s): 1729234.928522
  F-Iteration: 13 	MC-Sweep: 940000 	Time(s): 1730775.761779
  F-Iteration: 13 	MC-Sweep: 950000 	Time(s): 1732384.568021
  F-Iteration: 13 	MC-Sweep: 960000 	Time(s): 1733890.916120
  F-Iteration: 13 	MC-Sweep: 970000 	Time(s): 1735423.939963
  F-Iteration: 13 	MC-Sweep: 980000 	Time(s): 1736961.525164
  F-Iteration: 13 	MC-Sweep: 990000 	Time(s): 1738475.691059
  F-Iteration: 13 	MC-Sweep: 1000000 	Time(s): 1740045.187376
  F-Iteration: 13 	MC-Sweep: 1010000 	Time(s): 1741575.708695
  F-Iteration: 13 	MC-Sweep: 1020000 	Time(s): 1743118.170510
  F-Iteration: 13 	MC-Sweep: 1030000 	Time(s): 1744641.120124
  F-Iteration: 13 	MC-Sweep: 1040000 	Time(s): 1746179.276938
  F-Iteration: 13 	MC-Sweep: 1050000 	Time(s): 1747712.488610
  F-Iteration: 13 	MC-Sweep: 1060000 	Time(s): 1749251.866805
  F-Iteration: 13 	MC-Sweep: 1070000 	Time(s): 1750752.719950
  F-Iteration: 13 	MC-Sweep: 1080000 	Time(s): 1752258.591326
  F-Iteration: 13 	MC-Sweep: 1090000 	Time(s): 1753769.518733
  F-Iteration: 13 	MC-Sweep: 1100000 	Time(s): 1755256.077186
  F-Iteration: 13 	MC-Sweep: 1110000 	Time(s): 1756800.642251
  F-Iteration: 13 	MC-Sweep: 1120000 	Time(s): 1758375.972120
  F-Iteration: 13 	MC-Sweep: 1130000 	Time(s): 1759909.998775
  F-Iteration: 13 	MC-Sweep: 1140000 	Time(s): 1761431.108014
  F-Iteration: 13 	MC-Sweep: 1150000 	Time(s): 1762942.667543
  F-Iteration: 13 	MC-Sweep: 1160000 	Time(s): 1764455.646141
  F-Iteration: 13 	MC-Sweep: 1170000 	Time(s): 1765970.702121
  F-Iteration: 13 	MC-Sweep: 1180000 	Time(s): 1767489.866366
  F-Iteration: 13 	MC-Sweep: 1190000 	Time(s): 1769075.779801
  F-Iteration: 13 	MC-Sweep: 1200000 	Time(s): 1770621.024904
  F-Iteration: 13 	MC-Sweep: 1206000 	Time(s): 1771543.102381
  Cumulative number of energy calculations: 10345417
  F-Iteration: 14 	F = 1.000061
  F-Iteration: 14 	MC-Sweep: 0 	Time(s): 1771543.636679
  F-Iteration: 14 	MC-Sweep: 10000 	Time(s): 1773184.342163
  F-Iteration: 14 	MC-Sweep: 20000 	Time(s): 1774785.859319
  F-Iteration: 14 	MC-Sweep: 30000 	Time(s): 1776344.539904
  F-Iteration: 14 	MC-Sweep: 40000 	Time(s): 1777977.803923
  F-Iteration: 14 	MC-Sweep: 50000 	Time(s): 1779533.823621
  F-Iteration: 14 	MC-Sweep: 60000 	Time(s): 1781087.144071
  F-Iteration: 14 	MC-Sweep: 70000 	Time(s): 1782597.535442
  F-Iteration: 14 	MC-Sweep: 80000 	Time(s): 1784117.621095
  F-Iteration: 14 	MC-Sweep: 90000 	Time(s): 1785617.917259
  F-Iteration: 14 	MC-Sweep: 100000 	Time(s): 1787111.735090
  F-Iteration: 14 	MC-Sweep: 110000 	Time(s): 1788592.136516
  F-Iteration: 14 	MC-Sweep: 120000 	Time(s): 1790077.901796
  F-Iteration: 14 	MC-Sweep: 130000 	Time(s): 1791574.312885
  F-Iteration: 14 	MC-Sweep: 140000 	Time(s): 1793026.487137
  F-Iteration: 14 	MC-Sweep: 150000 	Time(s): 1794506.822062
  F-Iteration: 14 	MC-Sweep: 160000 	Time(s): 1795986.567298
  F-Iteration: 14 	MC-Sweep: 170000 	Time(s): 1797472.755844
  F-Iteration: 14 	MC-Sweep: 180000 	Time(s): 1798953.006051
  F-Iteration: 14 	MC-Sweep: 190000 	Time(s): 1800446.556020
  F-Iteration: 14 	MC-Sweep: 200000 	Time(s): 1801937.601113
  F-Iteration: 14 	MC-Sweep: 210000 	Time(s): 1803439.737945
  F-Iteration: 14 	MC-Sweep: 220000 	Time(s): 1804922.481017
  F-Iteration: 14 	MC-Sweep: 230000 	Time(s): 1806405.114923
  F-Iteration: 14 	MC-Sweep: 240000 	Time(s): 1807881.620747
  F-Iteration: 14 	MC-Sweep: 250000 	Time(s): 1809375.132288
  F-Iteration: 14 	MC-Sweep: 260000 	Time(s): 1810873.037531
  F-Iteration: 14 	MC-Sweep: 270000 	Time(s): 1812368.706950
  F-Iteration: 14 	MC-Sweep: 280000 	Time(s): 1813883.771219
  F-Iteration: 14 	MC-Sweep: 290000 	Time(s): 1815375.734072
  F-Iteration: 14 	MC-Sweep: 300000 	Time(s): 1816845.682567
  F-Iteration: 14 	MC-Sweep: 310000 	Time(s): 1818306.147992
  F-Iteration: 14 	MC-Sweep: 320000 	Time(s): 1819832.994020
  F-Iteration: 14 	MC-Sweep: 330000 	Time(s): 1821322.001395
  F-Iteration: 14 	MC-Sweep: 340000 	Time(s): 1822735.238310
  F-Iteration: 14 	MC-Sweep: 350000 	Time(s): 1824256.321063
  F-Iteration: 14 	MC-Sweep: 360000 	Time(s): 1825791.837802
  F-Iteration: 14 	MC-Sweep: 370000 	Time(s): 1827344.124129
  F-Iteration: 14 	MC-Sweep: 380000 	Time(s): 1828871.756410
  F-Iteration: 14 	MC-Sweep: 390000 	Time(s): 1830472.859265
  F-Iteration: 14 	MC-Sweep: 400000 	Time(s): 1831963.326719
  F-Iteration: 14 	MC-Sweep: 410000 	Time(s): 1833457.400962
  F-Iteration: 14 	MC-Sweep: 420000 	Time(s): 1834948.239480
  F-Iteration: 14 	MC-Sweep: 430000 	Time(s): 1836663.728180
  F-Iteration: 14 	MC-Sweep: 440000 	Time(s): 1838295.842619
  F-Iteration: 14 	MC-Sweep: 450000 	Time(s): 1839878.496502
  F-Iteration: 14 	MC-Sweep: 460000 	Time(s): 1841397.586855
  F-Iteration: 14 	MC-Sweep: 470000 	Time(s): 1843034.036581
  F-Iteration: 14 	MC-Sweep: 480000 	Time(s): 1844541.668234
  F-Iteration: 14 	MC-Sweep: 490000 	Time(s): 1846022.652899
  F-Iteration: 14 	MC-Sweep: 500000 	Time(s): 1847512.893725
  F-Iteration: 14 	MC-Sweep: 510000 	Time(s): 1848978.737507
  F-Iteration: 14 	MC-Sweep: 520000 	Time(s): 1850465.172794
  F-Iteration: 14 	MC-Sweep: 530000 	Time(s): 1852000.791184
  F-Iteration: 14 	MC-Sweep: 540000 	Time(s): 1853437.385075
  F-Iteration: 14 	MC-Sweep: 550000 	Time(s): 1854879.627934
  F-Iteration: 14 	MC-Sweep: 560000 	Time(s): 1856334.154153
  F-Iteration: 14 	MC-Sweep: 570000 	Time(s): 1857752.372684
  F-Iteration: 14 	MC-Sweep: 580000 	Time(s): 1859230.553892
  F-Iteration: 14 	MC-Sweep: 590000 	Time(s): 1860717.793117
  F-Iteration: 14 	MC-Sweep: 600000 	Time(s): 1862185.099960
  F-Iteration: 14 	MC-Sweep: 610000 	Time(s): 1863628.871981
  F-Iteration: 14 	MC-Sweep: 620000 	Time(s): 1865094.331213
  F-Iteration: 14 	MC-Sweep: 630000 	Time(s): 1866519.805937
  F-Iteration: 14 	MC-Sweep: 640000 	Time(s): 1867942.059358
  F-Iteration: 14 	MC-Sweep: 650000 	Time(s): 1869373.716949
  F-Iteration: 14 	MC-Sweep: 660000 	Time(s): 1870770.829078
  F-Iteration: 14 	MC-Sweep: 670000 	Time(s): 1872232.214672
  F-Iteration: 14 	MC-Sweep: 680000 	Time(s): 1873694.487590
  F-Iteration: 14 	MC-Sweep: 690000 	Time(s): 1875152.068013
  F-Iteration: 14 	MC-Sweep: 700000 	Time(s): 1876614.466918
  F-Iteration: 14 	MC-Sweep: 710000 	Time(s): 1878070.358823
  F-Iteration: 14 	MC-Sweep: 720000 	Time(s): 1879531.861263
  F-Iteration: 14 	MC-Sweep: 730000 	Time(s): 1880999.358562
  F-Iteration: 14 	MC-Sweep: 740000 	Time(s): 1882469.675024
  F-Iteration: 14 	MC-Sweep: 750000 	Time(s): 1883923.774286
  F-Iteration: 14 	MC-Sweep: 760000 	Time(s): 1885387.105631
  F-Iteration: 14 	MC-Sweep: 770000 	Time(s): 1886868.535074
  F-Iteration: 14 	MC-Sweep: 780000 	Time(s): 1888317.564725
  F-Iteration: 14 	MC-Sweep: 790000 	Time(s): 1889748.673207
  F-Iteration: 14 	MC-Sweep: 800000 	Time(s): 1891193.788909
  F-Iteration: 14 	MC-Sweep: 810000 	Time(s): 1892646.590822
  F-Iteration: 14 	MC-Sweep: 820000 	Time(s): 1894094.580223
  F-Iteration: 14 	MC-Sweep: 830000 	Time(s): 1895534.633900
  F-Iteration: 14 	MC-Sweep: 840000 	Time(s): 1896971.668603
  F-Iteration: 14 	MC-Sweep: 850000 	Time(s): 1898394.078886
  F-Iteration: 14 	MC-Sweep: 860000 	Time(s): 1899788.757085
  F-Iteration: 14 	MC-Sweep: 870000 	Time(s): 1901264.280462
  F-Iteration: 14 	MC-Sweep: 880000 	Time(s): 1902832.341499
  F-Iteration: 14 	MC-Sweep: 890000 	Time(s): 1904377.542756
  F-Iteration: 14 	MC-Sweep: 900000 	Time(s): 1905901.140097
  F-Iteration: 14 	MC-Sweep: 910000 	Time(s): 1907409.413521
  F-Iteration: 14 	MC-Sweep: 920000 	Time(s): 1908949.328184
  F-Iteration: 14 	MC-Sweep: 930000 	Time(s): 1910397.695926
  F-Iteration: 14 	MC-Sweep: 940000 	Time(s): 1911843.875343
  F-Iteration: 14 	MC-Sweep: 950000 	Time(s): 1913318.657336
  F-Iteration: 14 	MC-Sweep: 960000 	Time(s): 1914743.041264
  F-Iteration: 14 	MC-Sweep: 970000 	Time(s): 1916155.930653
  F-Iteration: 14 	MC-Sweep: 980000 	Time(s): 1917644.316377
  F-Iteration: 14 	MC-Sweep: 990000 	Time(s): 1919121.621917
  F-Iteration: 14 	MC-Sweep: 1000000 	Time(s): 1920640.693440
  F-Iteration: 14 	MC-Sweep: 1010000 	Time(s): 1922207.118928
  F-Iteration: 14 	MC-Sweep: 1020000 	Time(s): 1923816.452170
  F-Iteration: 14 	MC-Sweep: 1030000 	Time(s): 1925324.237529
  F-Iteration: 14 	MC-Sweep: 1040000 	Time(s): 1926818.550404
  F-Iteration: 14 	MC-Sweep: 1050000 	Time(s): 1928325.305670
  F-Iteration: 14 	MC-Sweep: 1060000 	Time(s): 1929848.119573
  F-Iteration: 14 	MC-Sweep: 1070000 	Time(s): 1931407.390474
  F-Iteration: 14 	MC-Sweep: 1080000 	Time(s): 1932948.170194
  F-Iteration: 14 	MC-Sweep: 1090000 	Time(s): 1934424.257773
  F-Iteration: 14 	MC-Sweep: 1100000 	Time(s): 1935886.095202
  F-Iteration: 14 	MC-Sweep: 1110000 	Time(s): 1937369.972772
  F-Iteration: 14 	MC-Sweep: 1120000 	Time(s): 1938830.878535
  F-Iteration: 14 	MC-Sweep: 1130000 	Time(s): 1940281.444768
  F-Iteration: 14 	MC-Sweep: 1140000 	Time(s): 1941723.179861
  F-Iteration: 14 	MC-Sweep: 1150000 	Time(s): 1943192.342598
  F-Iteration: 14 	MC-Sweep: 1160000 	Time(s): 1944650.381411
  F-Iteration: 14 	MC-Sweep: 1170000 	Time(s): 1946168.443910
  F-Iteration: 14 	MC-Sweep: 1180000 	Time(s): 1947677.206292
  F-Iteration: 14 	MC-Sweep: 1190000 	Time(s): 1949160.379686
  F-Iteration: 14 	MC-Sweep: 1200000 	Time(s): 1950776.695861
  F-Iteration: 14 	MC-Sweep: 1210000 	Time(s): 1952527.631240
  F-Iteration: 14 	MC-Sweep: 1220000 	Time(s): 1954266.016102
  F-Iteration: 14 	MC-Sweep: 1230000 	Time(s): 1956012.845820
  F-Iteration: 14 	MC-Sweep: 1240000 	Time(s): 1957735.953592
  F-Iteration: 14 	MC-Sweep: 1250000 	Time(s): 1959274.229704
  F-Iteration: 14 	MC-Sweep: 1260000 	Time(s): 1960693.013802
  F-Iteration: 14 	MC-Sweep: 1270000 	Time(s): 1962134.919891
  F-Iteration: 14 	MC-Sweep: 1280000 	Time(s): 1963558.574782
  F-Iteration: 14 	MC-Sweep: 1290000 	Time(s): 1965006.662678
  F-Iteration: 14 	MC-Sweep: 1300000 	Time(s): 1966457.754263
  F-Iteration: 14 	MC-Sweep: 1310000 	Time(s): 1967914.234141
  F-Iteration: 14 	MC-Sweep: 1320000 	Time(s): 1969365.625873
  F-Iteration: 14 	MC-Sweep: 1330000 	Time(s): 1970810.585211
  F-Iteration: 14 	MC-Sweep: 1340000 	Time(s): 1972264.021511
  F-Iteration: 14 	MC-Sweep: 1350000 	Time(s): 1973707.203638
  F-Iteration: 14 	MC-Sweep: 1360000 	Time(s): 1975197.006938
  F-Iteration: 14 	MC-Sweep: 1370000 	Time(s): 1976712.495413
  F-Iteration: 14 	MC-Sweep: 1380000 	Time(s): 1978219.185675
  F-Iteration: 14 	MC-Sweep: 1390000 	Time(s): 1979734.724395
  F-Iteration: 14 	MC-Sweep: 1400000 	Time(s): 1981239.784848
  F-Iteration: 14 	MC-Sweep: 1410000 	Time(s): 1982768.699180
  F-Iteration: 14 	MC-Sweep: 1420000 	Time(s): 1984362.244841
  F-Iteration: 14 	MC-Sweep: 1430000 	Time(s): 1985831.792427
  F-Iteration: 14 	MC-Sweep: 1440000 	Time(s): 1987325.033295
  F-Iteration: 14 	MC-Sweep: 1450000 	Time(s): 1988837.929593
  F-Iteration: 14 	MC-Sweep: 1460000 	Time(s): 1990384.332516
  F-Iteration: 14 	MC-Sweep: 1470000 	Time(s): 1991951.207048
  F-Iteration: 14 	MC-Sweep: 1480000 	Time(s): 1993498.277392
  F-Iteration: 14 	MC-Sweep: 1490000 	Time(s): 1995037.805083
  F-Iteration: 14 	MC-Sweep: 1500000 	Time(s): 1996574.083630
  F-Iteration: 14 	MC-Sweep: 1510000 	Time(s): 1998101.475405
  F-Iteration: 14 	MC-Sweep: 1520000 	Time(s): 1999668.468658
  F-Iteration: 14 	MC-Sweep: 1530000 	Time(s): 2001223.668119
  F-Iteration: 14 	MC-Sweep: 1540000 	Time(s): 2002711.159312
  F-Iteration: 14 	MC-Sweep: 1550000 	Time(s): 2004219.656618
  F-Iteration: 14 	MC-Sweep: 1560000 	Time(s): 2005691.002129
  F-Iteration: 14 	MC-Sweep: 1570000 	Time(s): 2007235.269404
  F-Iteration: 14 	MC-Sweep: 1580000 	Time(s): 2008739.471746
  F-Iteration: 14 	MC-Sweep: 1590000 	Time(s): 2010281.890609
  F-Iteration: 14 	MC-Sweep: 1600000 	Time(s): 2011835.853718
  F-Iteration: 14 	MC-Sweep: 1610000 	Time(s): 2013312.914630
  F-Iteration: 14 	MC-Sweep: 1620000 	Time(s): 2014791.611053
  F-Iteration: 14 	MC-Sweep: 1630000 	Time(s): 2016285.084850
  F-Iteration: 14 	MC-Sweep: 1640000 	Time(s): 2017813.648347
  F-Iteration: 14 	MC-Sweep: 1650000 	Time(s): 2019558.297002
  F-Iteration: 14 	MC-Sweep: 1660000 	Time(s): 2021147.478491
  F-Iteration: 14 	MC-Sweep: 1670000 	Time(s): 2022724.924916
  F-Iteration: 14 	MC-Sweep: 1680000 	Time(s): 2024530.199432
  F-Iteration: 14 	MC-Sweep: 1690000 	Time(s): 2026401.596949
  F-Iteration: 14 	MC-Sweep: 1700000 	Time(s): 2028242.022582
  F-Iteration: 14 	MC-Sweep: 1710000 	Time(s): 2030095.888428
  F-Iteration: 14 	MC-Sweep: 1720000 	Time(s): 2031969.644772
  F-Iteration: 14 	MC-Sweep: 1730000 	Time(s): 2033811.463437
  F-Iteration: 14 	MC-Sweep: 1740000 	Time(s): 2035676.046054
  F-Iteration: 14 	MC-Sweep: 1750000 	Time(s): 2037504.730693
  F-Iteration: 14 	MC-Sweep: 1760000 	Time(s): 2039355.753585
  F-Iteration: 14 	MC-Sweep: 1770000 	Time(s): 2041197.975211
  F-Iteration: 14 	MC-Sweep: 1780000 	Time(s): 2043027.175125
  F-Iteration: 14 	MC-Sweep: 1790000 	Time(s): 2044634.663015
  F-Iteration: 14 	MC-Sweep: 1800000 	Time(s): 2046195.855844
  F-Iteration: 14 	MC-Sweep: 1810000 	Time(s): 2047774.672333
  F-Iteration: 14 	MC-Sweep: 1820000 	Time(s): 2049234.653171
  F-Iteration: 14 	MC-Sweep: 1830000 	Time(s): 2050628.723352
  F-Iteration: 14 	MC-Sweep: 1840000 	Time(s): 2052089.243188
  F-Iteration: 14 	MC-Sweep: 1850000 	Time(s): 2053527.936390
  F-Iteration: 14 	MC-Sweep: 1860000 	Time(s): 2054952.106081
  F-Iteration: 14 	MC-Sweep: 1870000 	Time(s): 2056394.515833
  F-Iteration: 14 	MC-Sweep: 1880000 	Time(s): 2057836.216258
  F-Iteration: 14 	MC-Sweep: 1890000 	Time(s): 2059269.279372
  F-Iteration: 14 	MC-Sweep: 1900000 	Time(s): 2060700.977553
  F-Iteration: 14 	MC-Sweep: 1910000 	Time(s): 2062166.268271
  F-Iteration: 14 	MC-Sweep: 1920000 	Time(s): 2063595.199876
  F-Iteration: 14 	MC-Sweep: 1930000 	Time(s): 2065027.183282
  F-Iteration: 14 	MC-Sweep: 1940000 	Time(s): 2066465.907590
  F-Iteration: 14 	MC-Sweep: 1950000 	Time(s): 2067895.195112
  F-Iteration: 14 	MC-Sweep: 1960000 	Time(s): 2069331.853401
  F-Iteration: 14 	MC-Sweep: 1970000 	Time(s): 2070801.222060
  F-Iteration: 14 	MC-Sweep: 1980000 	Time(s): 2072260.807845
  F-Iteration: 14 	MC-Sweep: 1990000 	Time(s): 2073743.264534
  F-Iteration: 14 	MC-Sweep: 2000000 	Time(s): 2075220.927721
  F-Iteration: 14 	MC-Sweep: 2010000 	Time(s): 2076654.314560
  F-Iteration: 14 	MC-Sweep: 2020000 	Time(s): 2078126.386950
  F-Iteration: 14 	MC-Sweep: 2030000 	Time(s): 2079632.680213
  F-Iteration: 14 	MC-Sweep: 2040000 	Time(s): 2081128.776587
  F-Iteration: 14 	MC-Sweep: 2050000 	Time(s): 2082591.816077
  F-Iteration: 14 	MC-Sweep: 2060000 	Time(s): 2084049.826969
  F-Iteration: 14 	MC-Sweep: 2070000 	Time(s): 2085531.840497
  F-Iteration: 14 	MC-Sweep: 2080000 	Time(s): 2086995.701155
  F-Iteration: 14 	MC-Sweep: 2090000 	Time(s): 2088478.721848
  F-Iteration: 14 	MC-Sweep: 2100000 	Time(s): 2089944.944650
  F-Iteration: 14 	MC-Sweep: 2110000 	Time(s): 2091389.771963
  F-Iteration: 14 	MC-Sweep: 2120000 	Time(s): 2092881.411090
  F-Iteration: 14 	MC-Sweep: 2130000 	Time(s): 2094320.878386
  F-Iteration: 14 	MC-Sweep: 2140000 	Time(s): 2095776.821292
  F-Iteration: 14 	MC-Sweep: 2150000 	Time(s): 2097197.220515
  F-Iteration: 14 	MC-Sweep: 2160000 	Time(s): 2098736.899765
  F-Iteration: 14 	MC-Sweep: 2170000 	Time(s): 2100226.911663
  F-Iteration: 14 	MC-Sweep: 2180000 	Time(s): 2101707.916466
  F-Iteration: 14 	MC-Sweep: 2190000 	Time(s): 2103225.477365
  F-Iteration: 14 	MC-Sweep: 2200000 	Time(s): 2104720.779819
  F-Iteration: 14 	MC-Sweep: 2210000 	Time(s): 2106217.888634
  F-Iteration: 14 	MC-Sweep: 2220000 	Time(s): 2107903.479188
  F-Iteration: 14 	MC-Sweep: 2230000 	Time(s): 2109677.144867
  F-Iteration: 14 	MC-Sweep: 2240000 	Time(s): 2111282.380298
  F-Iteration: 14 	MC-Sweep: 2250000 	Time(s): 2112794.013923
  F-Iteration: 14 	MC-Sweep: 2260000 	Time(s): 2114268.684751
  F-Iteration: 14 	MC-Sweep: 2270000 	Time(s): 2115720.720087
  F-Iteration: 14 	MC-Sweep: 2280000 	Time(s): 2117180.386412
  F-Iteration: 14 	MC-Sweep: 2290000 	Time(s): 2118672.529876
  F-Iteration: 14 	MC-Sweep: 2300000 	Time(s): 2120106.472032
  F-Iteration: 14 	MC-Sweep: 2310000 	Time(s): 2121520.704055
  F-Iteration: 14 	MC-Sweep: 2320000 	Time(s): 2122946.856597
  F-Iteration: 14 	MC-Sweep: 2330000 	Time(s): 2124370.030293
  F-Iteration: 14 	MC-Sweep: 2340000 	Time(s): 2125806.379657
  F-Iteration: 14 	MC-Sweep: 2350000 	Time(s): 2127266.035780
  F-Iteration: 14 	MC-Sweep: 2360000 	Time(s): 2128704.258604
  F-Iteration: 14 	MC-Sweep: 2370000 	Time(s): 2130160.368806
  F-Iteration: 14 	MC-Sweep: 2380000 	Time(s): 2131598.904456
  F-Iteration: 14 	MC-Sweep: 2390000 	Time(s): 2133024.676029
  F-Iteration: 14 	MC-Sweep: 2400000 	Time(s): 2134475.494464
  F-Iteration: 14 	MC-Sweep: 2410000 	Time(s): 2135897.448092
  F-Iteration: 14 	MC-Sweep: 2420000 	Time(s): 2137299.559773
  F-Iteration: 14 	MC-Sweep: 2430000 	Time(s): 2138736.486835
  F-Iteration: 14 	MC-Sweep: 2440000 	Time(s): 2140164.748323
  F-Iteration: 14 	MC-Sweep: 2450000 	Time(s): 2141591.475196
  F-Iteration: 14 	MC-Sweep: 2460000 	Time(s): 2142992.306368
  F-Iteration: 14 	MC-Sweep: 2470000 	Time(s): 2144420.661829
  F-Iteration: 14 	MC-Sweep: 2480000 	Time(s): 2145833.043659
  F-Iteration: 14 	MC-Sweep: 2490000 	Time(s): 2147214.631267
  F-Iteration: 14 	MC-Sweep: 2500000 	Time(s): 2148641.919565
  F-Iteration: 14 	MC-Sweep: 2510000 	Time(s): 2150076.285500
  F-Iteration: 14 	MC-Sweep: 2520000 	Time(s): 2151515.316513
  F-Iteration: 14 	MC-Sweep: 2530000 	Time(s): 2153029.381221
  F-Iteration: 14 	MC-Sweep: 2540000 	Time(s): 2154577.740031
  F-Iteration: 14 	MC-Sweep: 2550000 	Time(s): 2156125.339187
  F-Iteration: 14 	MC-Sweep: 2560000 	Time(s): 2157676.105834
  F-Iteration: 14 	MC-Sweep: 2570000 	Time(s): 2159213.116909
  F-Iteration: 14 	MC-Sweep: 2580000 	Time(s): 2160754.761881
  F-Iteration: 14 	MC-Sweep: 2590000 	Time(s): 2162428.961418
  F-Iteration: 14 	MC-Sweep: 2600000 	Time(s): 2164002.826050
  F-Iteration: 14 	MC-Sweep: 2610000 	Time(s): 2165613.155419
  F-Iteration: 14 	MC-Sweep: 2620000 	Time(s): 2167169.921441
  F-Iteration: 14 	MC-Sweep: 2630000 	Time(s): 2168712.811299
  F-Iteration: 14 	MC-Sweep: 2640000 	Time(s): 2170246.871399
  F-Iteration: 14 	MC-Sweep: 2650000 	Time(s): 2171819.832799
  F-Iteration: 14 	MC-Sweep: 2660000 	Time(s): 2173390.226362
  F-Iteration: 14 	MC-Sweep: 2670000 	Time(s): 2174922.169635
  F-Iteration: 14 	MC-Sweep: 2680000 	Time(s): 2176428.158010
  F-Iteration: 14 	MC-Sweep: 2690000 	Time(s): 2177926.188403
  F-Iteration: 14 	MC-Sweep: 2700000 	Time(s): 2179377.860238
  F-Iteration: 14 	MC-Sweep: 2710000 	Time(s): 2180835.861948
  F-Iteration: 14 	MC-Sweep: 2720000 	Time(s): 2182278.356871
  F-Iteration: 14 	MC-Sweep: 2730000 	Time(s): 2183796.203656
  F-Iteration: 14 	MC-Sweep: 2740000 	Time(s): 2185303.934398
  F-Iteration: 14 	MC-Sweep: 2750000 	Time(s): 2186797.774995
  F-Iteration: 14 	MC-Sweep: 2760000 	Time(s): 2188294.740371
  F-Iteration: 14 	MC-Sweep: 2770000 	Time(s): 2189797.691101
  F-Iteration: 14 	MC-Sweep: 2780000 	Time(s): 2191266.125689
  F-Iteration: 14 	MC-Sweep: 2790000 	Time(s): 2192746.099550
  F-Iteration: 14 	MC-Sweep: 2800000 	Time(s): 2194232.422815
  F-Iteration: 14 	MC-Sweep: 2810000 	Time(s): 2195683.516719
  F-Iteration: 14 	MC-Sweep: 2820000 	Time(s): 2197149.276952
  F-Iteration: 14 	MC-Sweep: 2830000 	Time(s): 2198576.926636
  F-Iteration: 14 	MC-Sweep: 2840000 	Time(s): 2200066.298866
  F-Iteration: 14 	MC-Sweep: 2850000 	Time(s): 2201500.572216
  F-Iteration: 14 	MC-Sweep: 2860000 	Time(s): 2202998.899786
  F-Iteration: 14 	MC-Sweep: 2870000 	Time(s): 2204397.816249
  F-Iteration: 14 	MC-Sweep: 2880000 	Time(s): 2205852.542808
  F-Iteration: 14 	MC-Sweep: 2890000 	Time(s): 2207314.335557
  F-Iteration: 14 	MC-Sweep: 2900000 	Time(s): 2208777.619631
  F-Iteration: 14 	MC-Sweep: 2910000 	Time(s): 2210233.610625
  F-Iteration: 14 	MC-Sweep: 2920000 	Time(s): 2211653.414248
  F-Iteration: 14 	MC-Sweep: 2930000 	Time(s): 2213119.587954
  F-Iteration: 14 	MC-Sweep: 2940000 	Time(s): 2214551.079591
  F-Iteration: 14 	MC-Sweep: 2950000 	Time(s): 2216035.463809
  F-Iteration: 14 	MC-Sweep: 2960000 	Time(s): 2217430.179371
  F-Iteration: 14 	MC-Sweep: 2970000 	Time(s): 2218885.860296
  F-Iteration: 14 	MC-Sweep: 2980000 	Time(s): 2220366.988504
  F-Iteration: 14 	MC-Sweep: 2990000 	Time(s): 2221749.893342
  F-Iteration: 14 	MC-Sweep: 3000000 	Time(s): 2223197.940958
  F-Iteration: 14 	MC-Sweep: 3010000 	Time(s): 2224644.269029
  F-Iteration: 14 	MC-Sweep: 3020000 	Time(s): 2226107.279881
  F-Iteration: 14 	MC-Sweep: 3030000 	Time(s): 2227566.024863
  F-Iteration: 14 	MC-Sweep: 3040000 	Time(s): 2229059.830904
  F-Iteration: 14 	MC-Sweep: 3050000 	Time(s): 2230515.818933
  F-Iteration: 14 	MC-Sweep: 3060000 	Time(s): 2231969.124273
  F-Iteration: 14 	MC-Sweep: 3070000 	Time(s): 2233442.682939
  F-Iteration: 14 	MC-Sweep: 3080000 	Time(s): 2234936.258054
  F-Iteration: 14 	MC-Sweep: 3090000 	Time(s): 2236439.273961
  F-Iteration: 14 	MC-Sweep: 3100000 	Time(s): 2237945.457199
  F-Iteration: 14 	MC-Sweep: 3110000 	Time(s): 2239453.240272
  F-Iteration: 14 	MC-Sweep: 3120000 	Time(s): 2240915.587054
  F-Iteration: 14 	MC-Sweep: 3130000 	Time(s): 2242317.753292
  F-Iteration: 14 	MC-Sweep: 3140000 	Time(s): 2243810.953675
  F-Iteration: 14 	MC-Sweep: 3150000 	Time(s): 2245250.193012
  F-Iteration: 14 	MC-Sweep: 3160000 	Time(s): 2246690.680908
  F-Iteration: 14 	MC-Sweep: 3170000 	Time(s): 2248151.510981
  F-Iteration: 14 	MC-Sweep: 3180000 	Time(s): 2249605.575371
  F-Iteration: 14 	MC-Sweep: 3190000 	Time(s): 2251092.115576
  F-Iteration: 14 	MC-Sweep: 3200000 	Time(s): 2252523.933540
  F-Iteration: 14 	MC-Sweep: 3210000 	Time(s): 2254012.448517
  F-Iteration: 14 	MC-Sweep: 3220000 	Time(s): 2255468.127950
  F-Iteration: 14 	MC-Sweep: 3230000 	Time(s): 2256982.280340
  F-Iteration: 14 	MC-Sweep: 3240000 	Time(s): 2258435.176211
  F-Iteration: 14 	MC-Sweep: 3250000 	Time(s): 2259861.724334
  F-Iteration: 14 	MC-Sweep: 3260000 	Time(s): 2261346.700424
  F-Iteration: 14 	MC-Sweep: 3270000 	Time(s): 2262794.997995
  F-Iteration: 14 	MC-Sweep: 3280000 	Time(s): 2264264.773984
  F-Iteration: 14 	MC-Sweep: 3290000 	Time(s): 2265739.896892
  F-Iteration: 14 	MC-Sweep: 3300000 	Time(s): 2267206.058707
  F-Iteration: 14 	MC-Sweep: 3310000 	Time(s): 2268698.028439
  F-Iteration: 14 	MC-Sweep: 3320000 	Time(s): 2270185.993466
  F-Iteration: 14 	MC-Sweep: 3330000 	Time(s): 2271677.292463
  F-Iteration: 14 	MC-Sweep: 3340000 	Time(s): 2273167.505509
  F-Iteration: 14 	MC-Sweep: 3350000 	Time(s): 2274654.305406
  F-Iteration: 14 	MC-Sweep: 3360000 	Time(s): 2276160.576446
  F-Iteration: 14 	MC-Sweep: 3370000 	Time(s): 2277658.774528
  F-Iteration: 14 	MC-Sweep: 3380000 	Time(s): 2279201.988340
  F-Iteration: 14 	MC-Sweep: 3390000 	Time(s): 2280750.607985
  F-Iteration: 14 	MC-Sweep: 3400000 	Time(s): 2282273.143581
  F-Iteration: 14 	MC-Sweep: 3410000 	Time(s): 2283796.713805
  F-Iteration: 14 	MC-Sweep: 3420000 	Time(s): 2285309.789322
  F-Iteration: 14 	MC-Sweep: 3430000 	Time(s): 2286872.401707
  F-Iteration: 14 	MC-Sweep: 3440000 	Time(s): 2288371.379780
  F-Iteration: 14 	MC-Sweep: 3450000 	Time(s): 2289915.575270
  F-Iteration: 14 	MC-Sweep: 3460000 	Time(s): 2291467.115329
  F-Iteration: 14 	MC-Sweep: 3470000 	Time(s): 2292891.762746
  F-Iteration: 14 	MC-Sweep: 3480000 	Time(s): 2294296.588875
  F-Iteration: 14 	MC-Sweep: 3490000 	Time(s): 2295749.452802
  F-Iteration: 14 	MC-Sweep: 3500000 	Time(s): 2297099.127389
  F-Iteration: 14 	MC-Sweep: 3510000 	Time(s): 2298595.411603
  F-Iteration: 14 	MC-Sweep: 3520000 	Time(s): 2299974.631572
  F-Iteration: 14 	MC-Sweep: 3530000 	Time(s): 2301454.845384
  F-Iteration: 14 	MC-Sweep: 3540000 	Time(s): 2302939.541219
  F-Iteration: 14 	MC-Sweep: 3550000 	Time(s): 2304443.114184
  F-Iteration: 14 	MC-Sweep: 3560000 	Time(s): 2305896.158451
  F-Iteration: 14 	MC-Sweep: 3570000 	Time(s): 2307387.879702
  F-Iteration: 14 	MC-Sweep: 3580000 	Time(s): 2308863.303611
  F-Iteration: 14 	MC-Sweep: 3590000 	Time(s): 2310319.581270
  F-Iteration: 14 	MC-Sweep: 3600000 	Time(s): 2311796.278001
  F-Iteration: 14 	MC-Sweep: 3610000 	Time(s): 2313257.782542
  F-Iteration: 14 	MC-Sweep: 3620000 	Time(s): 2314733.568429
  F-Iteration: 14 	MC-Sweep: 3630000 	Time(s): 2316215.983562
  F-Iteration: 14 	MC-Sweep: 3640000 	Time(s): 2317706.040885
  F-Iteration: 14 	MC-Sweep: 3650000 	Time(s): 2319196.367969
  F-Iteration: 14 	MC-Sweep: 3660000 	Time(s): 2320703.214911
  F-Iteration: 14 	MC-Sweep: 3670000 	Time(s): 2322197.414987
  F-Iteration: 14 	MC-Sweep: 3680000 	Time(s): 2323694.142866
  F-Iteration: 14 	MC-Sweep: 3690000 	Time(s): 2325191.924274
  F-Iteration: 14 	MC-Sweep: 3700000 	Time(s): 2326723.649105
  F-Iteration: 14 	MC-Sweep: 3710000 	Time(s): 2328240.700826
  F-Iteration: 14 	MC-Sweep: 3720000 	Time(s): 2329731.691283
  F-Iteration: 14 	MC-Sweep: 3730000 	Time(s): 2331229.321073
  F-Iteration: 14 	MC-Sweep: 3733200 	Time(s): 2331717.615379
  Cumulative number of energy calculations: 14078618
  F-Iteration: 15 	F = 1.000031
  F-Iteration: 15 	MC-Sweep: 0 	Time(s): 2331718.209743
  F-Iteration: 15 	MC-Sweep: 10000 	Time(s): 2333234.760587
  F-Iteration: 15 	MC-Sweep: 20000 	Time(s): 2334794.163076
  F-Iteration: 15 	MC-Sweep: 30000 	Time(s): 2336399.264054
  F-Iteration: 15 	MC-Sweep: 40000 	Time(s): 2337985.377232
  F-Iteration: 15 	MC-Sweep: 50000 	Time(s): 2339556.200335
  F-Iteration: 15 	MC-Sweep: 60000 	Time(s): 2341188.165226
  F-Iteration: 15 	MC-Sweep: 70000 	Time(s): 2342781.686861
  F-Iteration: 15 	MC-Sweep: 80000 	Time(s): 2344372.520779
  F-Iteration: 15 	MC-Sweep: 90000 	Time(s): 2346049.848863
  F-Iteration: 15 	MC-Sweep: 100000 	Time(s): 2347660.725972
  F-Iteration: 15 	MC-Sweep: 110000 	Time(s): 2349204.384032
  F-Iteration: 15 	MC-Sweep: 120000 	Time(s): 2350732.913229
  F-Iteration: 15 	MC-Sweep: 130000 	Time(s): 2352296.862706
  F-Iteration: 15 	MC-Sweep: 140000 	Time(s): 2353896.589144
  F-Iteration: 15 	MC-Sweep: 150000 	Time(s): 2355492.561980
  F-Iteration: 15 	MC-Sweep: 160000 	Time(s): 2357080.883507
  F-Iteration: 15 	MC-Sweep: 170000 	Time(s): 2358662.117769
  F-Iteration: 15 	MC-Sweep: 180000 	Time(s): 2360242.518896
  F-Iteration: 15 	MC-Sweep: 190000 	Time(s): 2361815.568024
  F-Iteration: 15 	MC-Sweep: 200000 	Time(s): 2363412.530212
  F-Iteration: 15 	MC-Sweep: 210000 	Time(s): 2364943.753902
  F-Iteration: 15 	MC-Sweep: 220000 	Time(s): 2366551.100575
  F-Iteration: 15 	MC-Sweep: 230000 	Time(s): 2368178.760741
  F-Iteration: 15 	MC-Sweep: 240000 	Time(s): 2369765.169481
  F-Iteration: 15 	MC-Sweep: 250000 	Time(s): 2371320.284886
  F-Iteration: 15 	MC-Sweep: 260000 	Time(s): 2372843.446614
  F-Iteration: 15 	MC-Sweep: 270000 	Time(s): 2374350.089931
  F-Iteration: 15 	MC-Sweep: 280000 	Time(s): 2375875.734708
  F-Iteration: 15 	MC-Sweep: 290000 	Time(s): 2377401.503660
  F-Iteration: 15 	MC-Sweep: 300000 	Time(s): 2378963.149229
  F-Iteration: 15 	MC-Sweep: 310000 	Time(s): 2380508.458625
  F-Iteration: 15 	MC-Sweep: 320000 	Time(s): 2382012.713625
  F-Iteration: 15 	MC-Sweep: 330000 	Time(s): 2383481.518380
  F-Iteration: 15 	MC-Sweep: 340000 	Time(s): 2384891.595195
  F-Iteration: 15 	MC-Sweep: 350000 	Time(s): 2386434.083771
  F-Iteration: 15 	MC-Sweep: 360000 	Time(s): 2387927.978519
  F-Iteration: 15 	MC-Sweep: 370000 	Time(s): 2389448.272044
  F-Iteration: 15 	MC-Sweep: 380000 	Time(s): 2390943.852299
  F-Iteration: 15 	MC-Sweep: 390000 	Time(s): 2392502.150272
  F-Iteration: 15 	MC-Sweep: 400000 	Time(s): 2394031.576868
  F-Iteration: 15 	MC-Sweep: 410000 	Time(s): 2395458.328209
  F-Iteration: 15 	MC-Sweep: 420000 	Time(s): 2397003.200304
  F-Iteration: 15 	MC-Sweep: 430000 	Time(s): 2398563.683100
  F-Iteration: 15 	MC-Sweep: 440000 	Time(s): 2400122.561729
  F-Iteration: 15 	MC-Sweep: 450000 	Time(s): 2401674.689312
  F-Iteration: 15 	MC-Sweep: 460000 	Time(s): 2403230.446568
  F-Iteration: 15 	MC-Sweep: 470000 	Time(s): 2404784.903585
  F-Iteration: 15 	MC-Sweep: 480000 	Time(s): 2406318.270129
  F-Iteration: 15 	MC-Sweep: 490000 	Time(s): 2407884.285637
  F-Iteration: 15 	MC-Sweep: 500000 	Time(s): 2409443.561383
  F-Iteration: 15 	MC-Sweep: 510000 	Time(s): 2410996.959843
  F-Iteration: 15 	MC-Sweep: 520000 	Time(s): 2412535.068915
  F-Iteration: 15 	MC-Sweep: 530000 	Time(s): 2414060.880457
  F-Iteration: 15 	MC-Sweep: 540000 	Time(s): 2415640.453812
  F-Iteration: 15 	MC-Sweep: 550000 	Time(s): 2417217.501994
  F-Iteration: 15 	MC-Sweep: 560000 	Time(s): 2418835.076142
  F-Iteration: 15 	MC-Sweep: 570000 	Time(s): 2420436.576281
  F-Iteration: 15 	MC-Sweep: 580000 	Time(s): 2422010.393920
  F-Iteration: 15 	MC-Sweep: 590000 	Time(s): 2423570.998141
  F-Iteration: 15 	MC-Sweep: 600000 	Time(s): 2425182.354128
  F-Iteration: 15 	MC-Sweep: 610000 	Time(s): 2426751.381962
  F-Iteration: 15 	MC-Sweep: 620000 	Time(s): 2428307.567790
  F-Iteration: 15 	MC-Sweep: 630000 	Time(s): 2429833.846366
  F-Iteration: 15 	MC-Sweep: 640000 	Time(s): 2431449.539689
  F-Iteration: 15 	MC-Sweep: 650000 	Time(s): 2432990.813347
  F-Iteration: 15 	MC-Sweep: 660000 	Time(s): 2434472.284448
  F-Iteration: 15 	MC-Sweep: 670000 	Time(s): 2436059.425717
  F-Iteration: 15 	MC-Sweep: 680000 	Time(s): 2437558.324808
  F-Iteration: 15 	MC-Sweep: 690000 	Time(s): 2438967.386687
  F-Iteration: 15 	MC-Sweep: 700000 	Time(s): 2440555.604662
  F-Iteration: 15 	MC-Sweep: 710000 	Time(s): 2442181.151016
  F-Iteration: 15 	MC-Sweep: 720000 	Time(s): 2443940.047328
  F-Iteration: 15 	MC-Sweep: 730000 	Time(s): 2445729.479872
  F-Iteration: 15 	MC-Sweep: 740000 	Time(s): 2447542.167999
  F-Iteration: 15 	MC-Sweep: 750000 	Time(s): 2449260.739066
  F-Iteration: 15 	MC-Sweep: 760000 	Time(s): 2450954.857003
  F-Iteration: 15 	MC-Sweep: 770000 	Time(s): 2452653.048572
  F-Iteration: 15 	MC-Sweep: 780000 	Time(s): 2454162.268131
  F-Iteration: 15 	MC-Sweep: 790000 	Time(s): 2455698.877590
  F-Iteration: 15 	MC-Sweep: 800000 	Time(s): 2457263.355303
  F-Iteration: 15 	MC-Sweep: 810000 	Time(s): 2458801.938296
  F-Iteration: 15 	MC-Sweep: 820000 	Time(s): 2460346.872252
  F-Iteration: 15 	MC-Sweep: 830000 	Time(s): 2461956.432104
  F-Iteration: 15 	MC-Sweep: 840000 	Time(s): 2463639.422346
  F-Iteration: 15 	MC-Sweep: 850000 	Time(s): 2465352.957833
  F-Iteration: 15 	MC-Sweep: 860000 	Time(s): 2467003.204667
  F-Iteration: 15 	MC-Sweep: 870000 	Time(s): 2468557.759071
  F-Iteration: 15 	MC-Sweep: 880000 	Time(s): 2470100.560611
  F-Iteration: 15 	MC-Sweep: 890000 	Time(s): 2471681.254817
  F-Iteration: 15 	MC-Sweep: 900000 	Time(s): 2473228.839019
  F-Iteration: 15 	MC-Sweep: 910000 	Time(s): 2474798.192573
  F-Iteration: 15 	MC-Sweep: 920000 	Time(s): 2476345.422036
  F-Iteration: 15 	MC-Sweep: 930000 	Time(s): 2477928.852055
  F-Iteration: 15 	MC-Sweep: 940000 	Time(s): 2479522.892359
  F-Iteration: 15 	MC-Sweep: 950000 	Time(s): 2481100.410407
  F-Iteration: 15 	MC-Sweep: 960000 	Time(s): 2482671.220150
  F-Iteration: 15 	MC-Sweep: 970000 	Time(s): 2484234.078672
  F-Iteration: 15 	MC-Sweep: 980000 	Time(s): 2485804.031384
  F-Iteration: 15 	MC-Sweep: 990000 	Time(s): 2487355.525929
  F-Iteration: 15 	MC-Sweep: 1000000 	Time(s): 2488909.251480
  F-Iteration: 15 	MC-Sweep: 1010000 	Time(s): 2490449.366133
  F-Iteration: 15 	MC-Sweep: 1020000 	Time(s): 2492005.421446
  F-Iteration: 15 	MC-Sweep: 1030000 	Time(s): 2493584.486160
  F-Iteration: 15 	MC-Sweep: 1040000 	Time(s): 2495147.544516
  F-Iteration: 15 	MC-Sweep: 1050000 	Time(s): 2496721.998883
  F-Iteration: 15 	MC-Sweep: 1060000 	Time(s): 2498288.932054
  F-Iteration: 15 	MC-Sweep: 1070000 	Time(s): 2499868.579281
  F-Iteration: 15 	MC-Sweep: 1080000 	Time(s): 2501401.276989
  F-Iteration: 15 	MC-Sweep: 1090000 	Time(s): 2502984.528555
  F-Iteration: 15 	MC-Sweep: 1100000 	Time(s): 2504510.670552
  F-Iteration: 15 	MC-Sweep: 1110000 	Time(s): 2506037.556386
  F-Iteration: 15 	MC-Sweep: 1120000 	Time(s): 2507578.517654
  F-Iteration: 15 	MC-Sweep: 1130000 	Time(s): 2509140.000426
  F-Iteration: 15 	MC-Sweep: 1140000 	Time(s): 2510713.985489
  F-Iteration: 15 	MC-Sweep: 1150000 	Time(s): 2512318.861492
  F-Iteration: 15 	MC-Sweep: 1160000 	Time(s): 2513851.068297
  F-Iteration: 15 	MC-Sweep: 1170000 	Time(s): 2515370.248369
  F-Iteration: 15 	MC-Sweep: 1180000 	Time(s): 2516957.786442
  F-Iteration: 15 	MC-Sweep: 1190000 	Time(s): 2518491.040744
  F-Iteration: 15 	MC-Sweep: 1200000 	Time(s): 2520026.526367
  F-Iteration: 15 	MC-Sweep: 1210000 	Time(s): 2521563.010205
  F-Iteration: 15 	MC-Sweep: 1220000 	Time(s): 2523105.842356
  F-Iteration: 15 	MC-Sweep: 1230000 	Time(s): 2524643.725382
  F-Iteration: 15 	MC-Sweep: 1240000 	Time(s): 2526187.524569
  F-Iteration: 15 	MC-Sweep: 1250000 	Time(s): 2527724.797388
  F-Iteration: 15 	MC-Sweep: 1260000 	Time(s): 2529340.616999
  F-Iteration: 15 	MC-Sweep: 1270000 	Time(s): 2530891.271715
  F-Iteration: 15 	MC-Sweep: 1280000 	Time(s): 2532582.085053
  F-Iteration: 15 	MC-Sweep: 1290000 	Time(s): 2534163.703569
  F-Iteration: 15 	MC-Sweep: 1300000 	Time(s): 2535924.606782
  F-Iteration: 15 	MC-Sweep: 1310000 	Time(s): 2537541.550411
  F-Iteration: 15 	MC-Sweep: 1320000 	Time(s): 2539031.306989
  F-Iteration: 15 	MC-Sweep: 1330000 	Time(s): 2540544.755366
  F-Iteration: 15 	MC-Sweep: 1340000 	Time(s): 2542087.451735
  F-Iteration: 15 	MC-Sweep: 1350000 	Time(s): 2543638.940744
  F-Iteration: 15 	MC-Sweep: 1360000 	Time(s): 2545178.988602
  F-Iteration: 15 	MC-Sweep: 1370000 	Time(s): 2546731.413312
  F-Iteration: 15 	MC-Sweep: 1380000 	Time(s): 2548304.115772
  F-Iteration: 15 	MC-Sweep: 1390000 	Time(s): 2549838.790035
  F-Iteration: 15 	MC-Sweep: 1400000 	Time(s): 2551331.608314
  F-Iteration: 15 	MC-Sweep: 1410000 	Time(s): 2552918.865489
  F-Iteration: 15 	MC-Sweep: 1420000 	Time(s): 2554433.252018
  F-Iteration: 15 	MC-Sweep: 1430000 	Time(s): 2555949.382602
  F-Iteration: 15 	MC-Sweep: 1440000 	Time(s): 2557480.148993
  F-Iteration: 15 	MC-Sweep: 1450000 	Time(s): 2559014.781127
  F-Iteration: 15 	MC-Sweep: 1460000 	Time(s): 2560547.667248
  F-Iteration: 15 	MC-Sweep: 1470000 	Time(s): 2562080.693032
  F-Iteration: 15 	MC-Sweep: 1480000 	Time(s): 2563634.748159
  F-Iteration: 15 	MC-Sweep: 1490000 	Time(s): 2565153.108663
  F-Iteration: 15 	MC-Sweep: 1490900 	Time(s): 2565283.841348
  Cumulative number of energy calculations: 15569519
  F-Iteration: 16 	F = 1.000015
  F-Iteration: 16 	MC-Sweep: 0 	Time(s): 2565284.392464
  F-Iteration: 16 	MC-Sweep: 10000 	Time(s): 2566874.807674
  F-Iteration: 16 	MC-Sweep: 20000 	Time(s): 2568421.033473
  F-Iteration: 16 	MC-Sweep: 30000 	Time(s): 2569965.390911
  F-Iteration: 16 	MC-Sweep: 40000 	Time(s): 2571491.909922
  F-Iteration: 16 	MC-Sweep: 50000 	Time(s): 2572989.803545
  F-Iteration: 16 	MC-Sweep: 60000 	Time(s): 2574545.048173
  F-Iteration: 16 	MC-Sweep: 70000 	Time(s): 2576066.729843
  F-Iteration: 16 	MC-Sweep: 80000 	Time(s): 2577593.196291
  F-Iteration: 16 	MC-Sweep: 90000 	Time(s): 2579150.419767
  F-Iteration: 16 	MC-Sweep: 100000 	Time(s): 2580665.191117
  F-Iteration: 16 	MC-Sweep: 110000 	Time(s): 2582216.752458
  F-Iteration: 16 	MC-Sweep: 120000 	Time(s): 2583769.503553
  F-Iteration: 16 	MC-Sweep: 130000 	Time(s): 2585302.680409
  F-Iteration: 16 	MC-Sweep: 140000 	Time(s): 2586848.371116
  F-Iteration: 16 	MC-Sweep: 150000 	Time(s): 2588432.835013
  F-Iteration: 16 	MC-Sweep: 160000 	Time(s): 2589988.201963
  F-Iteration: 16 	MC-Sweep: 170000 	Time(s): 2591524.781369
  F-Iteration: 16 	MC-Sweep: 180000 	Time(s): 2593166.262789
  F-Iteration: 16 	MC-Sweep: 190000 	Time(s): 2594765.352925
  F-Iteration: 16 	MC-Sweep: 200000 	Time(s): 2596315.177785
  F-Iteration: 16 	MC-Sweep: 210000 	Time(s): 2598338.250108
  F-Iteration: 16 	MC-Sweep: 220000 	Time(s): 2600352.648540
  F-Iteration: 16 	MC-Sweep: 230000 	Time(s): 2602502.896343
  F-Iteration: 16 	MC-Sweep: 240000 	Time(s): 2604533.055295
  F-Iteration: 16 	MC-Sweep: 250000 	Time(s): 2606692.499039
  F-Iteration: 16 	MC-Sweep: 260000 	Time(s): 2608862.570508
  F-Iteration: 16 	MC-Sweep: 270000 	Time(s): 2611071.503179
  F-Iteration: 16 	MC-Sweep: 280000 	Time(s): 2613279.641260
  F-Iteration: 16 	MC-Sweep: 290000 	Time(s): 2615339.219509
  F-Iteration: 16 	MC-Sweep: 300000 	Time(s): 2617454.259702
  F-Iteration: 16 	MC-Sweep: 310000 	Time(s): 2619816.076268
  F-Iteration: 16 	MC-Sweep: 320000 	Time(s): 2621993.888740
  F-Iteration: 16 	MC-Sweep: 330000 	Time(s): 2624425.422104
  F-Iteration: 16 	MC-Sweep: 340000 	Time(s): 2626916.906253
  F-Iteration: 16 	MC-Sweep: 350000 	Time(s): 2629392.795624
  F-Iteration: 16 	MC-Sweep: 360000 	Time(s): 2631821.864793
  F-Iteration: 16 	MC-Sweep: 370000 	Time(s): 2634187.128230
  F-Iteration: 16 	MC-Sweep: 380000 	Time(s): 2636680.939625
  F-Iteration: 16 	MC-Sweep: 390000 	Time(s): 2639200.336324
  F-Iteration: 16 	MC-Sweep: 400000 	Time(s): 2641765.016845
  F-Iteration: 16 	MC-Sweep: 410000 	Time(s): 2644316.441193
  F-Iteration: 16 	MC-Sweep: 420000 	Time(s): 2646858.058183
  F-Iteration: 16 	MC-Sweep: 430000 	Time(s): 2649419.702870
  F-Iteration: 16 	MC-Sweep: 440000 	Time(s): 2651934.716201
  F-Iteration: 16 	MC-Sweep: 450000 	Time(s): 2654468.737029
  F-Iteration: 16 	MC-Sweep: 460000 	Time(s): 2656948.103811
  F-Iteration: 16 	MC-Sweep: 470000 	Time(s): 2659477.474342
  F-Iteration: 16 	MC-Sweep: 480000 	Time(s): 2662037.211410
  F-Iteration: 16 	MC-Sweep: 490000 	Time(s): 2664555.968651
  F-Iteration: 16 	MC-Sweep: 500000 	Time(s): 2667015.261133
  F-Iteration: 16 	MC-Sweep: 510000 	Time(s): 2669575.266070
  F-Iteration: 16 	MC-Sweep: 520000 	Time(s): 2672047.223904
  F-Iteration: 16 	MC-Sweep: 530000 	Time(s): 2674446.676042
  F-Iteration: 16 	MC-Sweep: 540000 	Time(s): 2676905.557316
  F-Iteration: 16 	MC-Sweep: 550000 	Time(s): 2679559.921306
  F-Iteration: 16 	MC-Sweep: 560000 	Time(s): 2682245.411695
  F-Iteration: 16 	MC-Sweep: 570000 	Time(s): 2684899.353047
  F-Iteration: 16 	MC-Sweep: 580000 	Time(s): 2687415.225495
  F-Iteration: 16 	MC-Sweep: 590000 	Time(s): 2689727.712983
  F-Iteration: 16 	MC-Sweep: 600000 	Time(s): 2691982.666529
  F-Iteration: 16 	MC-Sweep: 610000 	Time(s): 2694342.233173
  F-Iteration: 16 	MC-Sweep: 620000 	Time(s): 2696988.313577
  F-Iteration: 16 	MC-Sweep: 630000 	Time(s): 2699541.133032
  F-Iteration: 16 	MC-Sweep: 640000 	Time(s): 2702162.863056
  F-Iteration: 16 	MC-Sweep: 650000 	Time(s): 2704874.778479
  F-Iteration: 16 	MC-Sweep: 660000 	Time(s): 2707504.581399
  F-Iteration: 16 	MC-Sweep: 670000 	Time(s): 2710173.006984
  F-Iteration: 16 	MC-Sweep: 680000 	Time(s): 2712698.628050
  F-Iteration: 16 	MC-Sweep: 690000 	Time(s): 2715385.301900
  F-Iteration: 16 	MC-Sweep: 700000 	Time(s): 2718011.982413
  F-Iteration: 16 	MC-Sweep: 710000 	Time(s): 2720693.794304
  F-Iteration: 16 	MC-Sweep: 720000 	Time(s): 2723233.250155
  F-Iteration: 16 	MC-Sweep: 730000 	Time(s): 2725839.147098
  F-Iteration: 16 	MC-Sweep: 740000 	Time(s): 2728497.235658
  F-Iteration: 16 	MC-Sweep: 750000 	Time(s): 2731118.091960
  F-Iteration: 16 	MC-Sweep: 760000 	Time(s): 2733702.440398
  F-Iteration: 16 	MC-Sweep: 770000 	Time(s): 2736310.492335
  F-Iteration: 16 	MC-Sweep: 780000 	Time(s): 2738957.245917
  F-Iteration: 16 	MC-Sweep: 790000 	Time(s): 2741605.487226
  F-Iteration: 16 	MC-Sweep: 800000 	Time(s): 2744164.144605
  F-Iteration: 16 	MC-Sweep: 810000 	Time(s): 2746772.502043
  F-Iteration: 16 	MC-Sweep: 820000 	Time(s): 2749396.494411
  F-Iteration: 16 	MC-Sweep: 830000 	Time(s): 2751979.306623
  F-Iteration: 16 	MC-Sweep: 840000 	Time(s): 2754572.498044
  F-Iteration: 16 	MC-Sweep: 850000 	Time(s): 2757182.499408
  F-Iteration: 16 	MC-Sweep: 860000 	Time(s): 2759787.607819
  F-Iteration: 16 	MC-Sweep: 870000 	Time(s): 2762186.676084
  F-Iteration: 16 	MC-Sweep: 880000 	Time(s): 2764488.773416
  F-Iteration: 16 	MC-Sweep: 890000 	Time(s): 2766678.032655
  F-Iteration: 16 	MC-Sweep: 900000 	Time(s): 2768846.326948
  F-Iteration: 16 	MC-Sweep: 910000 	Time(s): 2771038.464993
  F-Iteration: 16 	MC-Sweep: 920000 	Time(s): 2773398.982840
  F-Iteration: 16 	MC-Sweep: 930000 	Time(s): 2776016.985019
  F-Iteration: 16 	MC-Sweep: 940000 	Time(s): 2778664.470582
  F-Iteration: 16 	MC-Sweep: 950000 	Time(s): 2781263.302188
  F-Iteration: 16 	MC-Sweep: 960000 	Time(s): 2783924.176240
  F-Iteration: 16 	MC-Sweep: 970000 	Time(s): 2786474.357893
  F-Iteration: 16 	MC-Sweep: 971600 	Time(s): 2786817.919349
  Cumulative number of energy calculations: 16541120
  F-Iteration: 17 	F = 1.000008
  F-Iteration: 17 	MC-Sweep: 0 	Time(s): 2786818.822710
  F-Iteration: 17 	MC-Sweep: 10000 	Time(s): 2789327.773220
  F-Iteration: 17 	MC-Sweep: 20000 	Time(s): 2791815.632256
  F-Iteration: 17 	MC-Sweep: 30000 	Time(s): 2794428.311303
  F-Iteration: 17 	MC-Sweep: 40000 	Time(s): 2797049.208550
  F-Iteration: 17 	MC-Sweep: 50000 	Time(s): 2799648.026902
  F-Iteration: 17 	MC-Sweep: 60000 	Time(s): 2802281.222920
  F-Iteration: 17 	MC-Sweep: 70000 	Time(s): 2804933.738499
  F-Iteration: 17 	MC-Sweep: 80000 	Time(s): 2807558.903039
  F-Iteration: 17 	MC-Sweep: 90000 	Time(s): 2810171.377148
  F-Iteration: 17 	MC-Sweep: 100000 	Time(s): 2812795.956725
  F-Iteration: 17 	MC-Sweep: 110000 	Time(s): 2815490.755764
  F-Iteration: 17 	MC-Sweep: 120000 	Time(s): 2818160.743224
  F-Iteration: 17 	MC-Sweep: 130000 	Time(s): 2820849.704505
  F-Iteration: 17 	MC-Sweep: 140000 	Time(s): 2823511.605135
  F-Iteration: 17 	MC-Sweep: 150000 	Time(s): 2826143.226813
  F-Iteration: 17 	MC-Sweep: 160000 	Time(s): 2828743.020276
  F-Iteration: 17 	MC-Sweep: 170000 	Time(s): 2831368.091400
  F-Iteration: 17 	MC-Sweep: 180000 	Time(s): 2834012.882035
  F-Iteration: 17 	MC-Sweep: 190000 	Time(s): 2836685.308687
  F-Iteration: 17 	MC-Sweep: 200000 	Time(s): 2839333.563145
  F-Iteration: 17 	MC-Sweep: 210000 	Time(s): 2842011.657641
  F-Iteration: 17 	MC-Sweep: 220000 	Time(s): 2844679.087624
  F-Iteration: 17 	MC-Sweep: 230000 	Time(s): 2847339.176046
  F-Iteration: 17 	MC-Sweep: 240000 	Time(s): 2849990.278576
  F-Iteration: 17 	MC-Sweep: 250000 	Time(s): 2852612.671842
  F-Iteration: 17 	MC-Sweep: 260000 	Time(s): 2855230.401461
  F-Iteration: 17 	MC-Sweep: 270000 	Time(s): 2857841.158903
  F-Iteration: 17 	MC-Sweep: 280000 	Time(s): 2860441.690591
  F-Iteration: 17 	MC-Sweep: 290000 	Time(s): 2863051.339539
  F-Iteration: 17 	MC-Sweep: 300000 	Time(s): 2865629.441424
  F-Iteration: 17 	MC-Sweep: 310000 	Time(s): 2868248.396532
  F-Iteration: 17 	MC-Sweep: 320000 	Time(s): 2870909.365715
  F-Iteration: 17 	MC-Sweep: 330000 	Time(s): 2873522.870674
  F-Iteration: 17 	MC-Sweep: 340000 	Time(s): 2876173.182471
  F-Iteration: 17 	MC-Sweep: 350000 	Time(s): 2878785.469574
  F-Iteration: 17 	MC-Sweep: 360000 	Time(s): 2881367.452407
  F-Iteration: 17 	MC-Sweep: 370000 	Time(s): 2884077.649784
  F-Iteration: 17 	MC-Sweep: 380000 	Time(s): 2886756.738813
  F-Iteration: 17 	MC-Sweep: 390000 	Time(s): 2889406.970172
  F-Iteration: 17 	MC-Sweep: 400000 	Time(s): 2892044.013920
  F-Iteration: 17 	MC-Sweep: 410000 	Time(s): 2894685.408437
  F-Iteration: 17 	MC-Sweep: 420000 	Time(s): 2897316.932555
  F-Iteration: 17 	MC-Sweep: 430000 	Time(s): 2899949.476425
  F-Iteration: 17 	MC-Sweep: 440000 	Time(s): 2902625.902709
  F-Iteration: 17 	MC-Sweep: 450000 	Time(s): 2905290.408244
  F-Iteration: 17 	MC-Sweep: 460000 	Time(s): 2907916.890923
  F-Iteration: 17 	MC-Sweep: 470000 	Time(s): 2910526.289490
  F-Iteration: 17 	MC-Sweep: 480000 	Time(s): 2913194.620601
  F-Iteration: 17 	MC-Sweep: 490000 	Time(s): 2915801.364864
  F-Iteration: 17 	MC-Sweep: 500000 	Time(s): 2918416.694061
  F-Iteration: 17 	MC-Sweep: 510000 	Time(s): 2920983.790913
  F-Iteration: 17 	MC-Sweep: 520000 	Time(s): 2923501.162090
  F-Iteration: 17 	MC-Sweep: 530000 	Time(s): 2925901.642464
  F-Iteration: 17 	MC-Sweep: 540000 	Time(s): 2928049.786330
  F-Iteration: 17 	MC-Sweep: 550000 	Time(s): 2930038.079817
  F-Iteration: 17 	MC-Sweep: 560000 	Time(s): 2932054.125100
  F-Iteration: 17 	MC-Sweep: 570000 	Time(s): 2934064.460530
  F-Iteration: 17 	MC-Sweep: 580000 	Time(s): 2936455.167556
  F-Iteration: 17 	MC-Sweep: 590000 	Time(s): 2938849.217313
  F-Iteration: 17 	MC-Sweep: 600000 	Time(s): 2941164.451823
  F-Iteration: 17 	MC-Sweep: 610000 	Time(s): 2943331.747561
  F-Iteration: 17 	MC-Sweep: 620000 	Time(s): 2945281.806017
  F-Iteration: 17 	MC-Sweep: 630000 	Time(s): 2947066.402023
  F-Iteration: 17 	MC-Sweep: 640000 	Time(s): 2948683.524266
  F-Iteration: 17 	MC-Sweep: 650000 	Time(s): 2950267.113734
  F-Iteration: 17 	MC-Sweep: 660000 	Time(s): 2951858.498429
  F-Iteration: 17 	MC-Sweep: 670000 	Time(s): 2953445.253816
  F-Iteration: 17 	MC-Sweep: 680000 	Time(s): 2955037.453448
  F-Iteration: 17 	MC-Sweep: 690000 	Time(s): 2956622.063890
  F-Iteration: 17 	MC-Sweep: 700000 	Time(s): 2958195.032815
  F-Iteration: 17 	MC-Sweep: 710000 	Time(s): 2959765.646974
  F-Iteration: 17 	MC-Sweep: 720000 	Time(s): 2961339.631904
  F-Iteration: 17 	MC-Sweep: 730000 	Time(s): 2962943.700109
  F-Iteration: 17 	MC-Sweep: 740000 	Time(s): 2964539.564613
  F-Iteration: 17 	MC-Sweep: 750000 	Time(s): 2966166.398069
  F-Iteration: 17 	MC-Sweep: 760000 	Time(s): 2967805.832739
  F-Iteration: 17 	MC-Sweep: 770000 	Time(s): 2969456.352457
  F-Iteration: 17 	MC-Sweep: 780000 	Time(s): 2971082.712160
  F-Iteration: 17 	MC-Sweep: 790000 	Time(s): 2972688.791202
  F-Iteration: 17 	MC-Sweep: 800000 	Time(s): 2974293.559057
  F-Iteration: 17 	MC-Sweep: 810000 	Time(s): 2975929.137374
  F-Iteration: 17 	MC-Sweep: 820000 	Time(s): 2977545.060837
  F-Iteration: 17 	MC-Sweep: 830000 	Time(s): 2979187.359135
  F-Iteration: 17 	MC-Sweep: 840000 	Time(s): 2980730.184430
  F-Iteration: 17 	MC-Sweep: 850000 	Time(s): 2982253.271204
  F-Iteration: 17 	MC-Sweep: 860000 	Time(s): 2983741.710666
  F-Iteration: 17 	MC-Sweep: 870000 	Time(s): 2985284.817056
  F-Iteration: 17 	MC-Sweep: 880000 	Time(s): 2986870.329478
  F-Iteration: 17 	MC-Sweep: 890000 	Time(s): 2988395.215556
  F-Iteration: 17 	MC-Sweep: 900000 	Time(s): 2989951.412173
  F-Iteration: 17 	MC-Sweep: 910000 	Time(s): 2991527.894721
  F-Iteration: 17 	MC-Sweep: 920000 	Time(s): 2993055.881473
  F-Iteration: 17 	MC-Sweep: 930000 	Time(s): 2994583.682646
  F-Iteration: 17 	MC-Sweep: 940000 	Time(s): 2996094.254635
  F-Iteration: 17 	MC-Sweep: 950000 	Time(s): 2997578.926879
  F-Iteration: 17 	MC-Sweep: 960000 	Time(s): 2999085.777318
  F-Iteration: 17 	MC-Sweep: 970000 	Time(s): 3000552.920607
  F-Iteration: 17 	MC-Sweep: 980000 	Time(s): 3002053.382637
  F-Iteration: 17 	MC-Sweep: 990000 	Time(s): 3003593.643159
  F-Iteration: 17 	MC-Sweep: 1000000 	Time(s): 3005021.278107
  F-Iteration: 17 	MC-Sweep: 1010000 	Time(s): 3006547.601528
  F-Iteration: 17 	MC-Sweep: 1020000 	Time(s): 3008079.468243
  F-Iteration: 17 	MC-Sweep: 1030000 	Time(s): 3009636.757274
  F-Iteration: 17 	MC-Sweep: 1040000 	Time(s): 3011188.258529
  F-Iteration: 17 	MC-Sweep: 1050000 	Time(s): 3012690.756128
  F-Iteration: 17 	MC-Sweep: 1060000 	Time(s): 3014225.881461
  F-Iteration: 17 	MC-Sweep: 1070000 	Time(s): 3015778.403148
  F-Iteration: 17 	MC-Sweep: 1080000 	Time(s): 3017310.929100
  F-Iteration: 17 	MC-Sweep: 1090000 	Time(s): 3018856.861207
  F-Iteration: 17 	MC-Sweep: 1100000 	Time(s): 3020425.251200
  F-Iteration: 17 	MC-Sweep: 1110000 	Time(s): 3021922.437493
  F-Iteration: 17 	MC-Sweep: 1120000 	Time(s): 3023484.510741
  F-Iteration: 17 	MC-Sweep: 1130000 	Time(s): 3025075.821310
  F-Iteration: 17 	MC-Sweep: 1140000 	Time(s): 3026613.808622
  F-Iteration: 17 	MC-Sweep: 1150000 	Time(s): 3028155.427984
  F-Iteration: 17 	MC-Sweep: 1160000 	Time(s): 3029666.914532
  F-Iteration: 17 	MC-Sweep: 1170000 	Time(s): 3031177.520162
  F-Iteration: 17 	MC-Sweep: 1180000 	Time(s): 3032735.390167
  F-Iteration: 17 	MC-Sweep: 1190000 	Time(s): 3034407.459374
  F-Iteration: 17 	MC-Sweep: 1200000 	Time(s): 3036048.857410
  F-Iteration: 17 	MC-Sweep: 1210000 	Time(s): 3037538.949074
  F-Iteration: 17 	MC-Sweep: 1220000 	Time(s): 3039068.653179
  F-Iteration: 17 	MC-Sweep: 1230000 	Time(s): 3040647.715606
  F-Iteration: 17 	MC-Sweep: 1240000 	Time(s): 3042220.288442
  F-Iteration: 17 	MC-Sweep: 1250000 	Time(s): 3043773.220886
  F-Iteration: 17 	MC-Sweep: 1260000 	Time(s): 3045519.105752
  F-Iteration: 17 	MC-Sweep: 1270000 	Time(s): 3047539.080554
  F-Iteration: 17 	MC-Sweep: 1280000 	Time(s): 3049706.847240
  F-Iteration: 17 	MC-Sweep: 1290000 	Time(s): 3051848.121403
  F-Iteration: 17 	MC-Sweep: 1300000 	Time(s): 3053979.906293
  F-Iteration: 17 	MC-Sweep: 1310000 	Time(s): 3056072.108636
  F-Iteration: 17 	MC-Sweep: 1320000 	Time(s): 3058214.681119
  F-Iteration: 17 	MC-Sweep: 1330000 	Time(s): 3060368.389785
  F-Iteration: 17 	MC-Sweep: 1340000 	Time(s): 3062461.986480
  F-Iteration: 17 	MC-Sweep: 1350000 	Time(s): 3064455.189926
  F-Iteration: 17 	MC-Sweep: 1360000 	Time(s): 3066487.278979
  F-Iteration: 17 	MC-Sweep: 1370000 	Time(s): 3068406.040943
  F-Iteration: 17 	MC-Sweep: 1380000 	Time(s): 3070335.062794
  F-Iteration: 17 	MC-Sweep: 1390000 	Time(s): 3072265.613128
  F-Iteration: 17 	MC-Sweep: 1400000 	Time(s): 3074209.578191
  F-Iteration: 17 	MC-Sweep: 1410000 	Time(s): 3076002.923847
  F-Iteration: 17 	MC-Sweep: 1420000 	Time(s): 3077772.341203
  F-Iteration: 17 	MC-Sweep: 1430000 	Time(s): 3079517.775602
  F-Iteration: 17 	MC-Sweep: 1440000 	Time(s): 3081293.380653
  F-Iteration: 17 	MC-Sweep: 1450000 	Time(s): 3083127.451402
  F-Iteration: 17 	MC-Sweep: 1460000 	Time(s): 3084944.466864
  F-Iteration: 17 	MC-Sweep: 1470000 	Time(s): 3086672.957300
  F-Iteration: 17 	MC-Sweep: 1480000 	Time(s): 3088188.555505
  F-Iteration: 17 	MC-Sweep: 1490000 	Time(s): 3089691.459605
  F-Iteration: 17 	MC-Sweep: 1500000 	Time(s): 3091209.692382
  F-Iteration: 17 	MC-Sweep: 1510000 	Time(s): 3092738.191565
  F-Iteration: 17 	MC-Sweep: 1520000 	Time(s): 3094243.404144
  F-Iteration: 17 	MC-Sweep: 1530000 	Time(s): 3095745.151112
  F-Iteration: 17 	MC-Sweep: 1540000 	Time(s): 3097246.423084
  F-Iteration: 17 	MC-Sweep: 1550000 	Time(s): 3098750.800925
  F-Iteration: 17 	MC-Sweep: 1560000 	Time(s): 3100238.966784
  F-Iteration: 17 	MC-Sweep: 1570000 	Time(s): 3101757.826059
  F-Iteration: 17 	MC-Sweep: 1580000 	Time(s): 3103241.147309
  F-Iteration: 17 	MC-Sweep: 1590000 	Time(s): 3104746.933295
  F-Iteration: 17 	MC-Sweep: 1600000 	Time(s): 3106240.505561
  F-Iteration: 17 	MC-Sweep: 1610000 	Time(s): 3107690.045796
  F-Iteration: 17 	MC-Sweep: 1620000 	Time(s): 3109179.776037
  F-Iteration: 17 	MC-Sweep: 1630000 	Time(s): 3110711.216828
  F-Iteration: 17 	MC-Sweep: 1640000 	Time(s): 3112321.546207
  F-Iteration: 17 	MC-Sweep: 1650000 	Time(s): 3113911.585581
  F-Iteration: 17 	MC-Sweep: 1660000 	Time(s): 3115596.579982
  F-Iteration: 17 	MC-Sweep: 1670000 	Time(s): 3117416.393284
  F-Iteration: 17 	MC-Sweep: 1680000 	Time(s): 3119380.803079
  F-Iteration: 17 	MC-Sweep: 1690000 	Time(s): 3121213.100211
  F-Iteration: 17 	MC-Sweep: 1700000 	Time(s): 3123127.851535
  F-Iteration: 17 	MC-Sweep: 1710000 	Time(s): 3124989.191290
  F-Iteration: 17 	MC-Sweep: 1720000 	Time(s): 3126935.665931
  F-Iteration: 17 	MC-Sweep: 1730000 	Time(s): 3128821.783421
  F-Iteration: 17 	MC-Sweep: 1740000 	Time(s): 3130761.300309
  F-Iteration: 17 	MC-Sweep: 1750000 	Time(s): 3132751.693510
  F-Iteration: 17 	MC-Sweep: 1760000 	Time(s): 3135173.928674
  F-Iteration: 17 	MC-Sweep: 1770000 	Time(s): 3137657.677929
  F-Iteration: 17 	MC-Sweep: 1780000 	Time(s): 3139813.248284
  F-Iteration: 17 	MC-Sweep: 1790000 	Time(s): 3142323.924799
  F-Iteration: 17 	MC-Sweep: 1800000 	Time(s): 3144588.506581
  F-Iteration: 17 	MC-Sweep: 1810000 	Time(s): 3146589.349579
  F-Iteration: 17 	MC-Sweep: 1820000 	Time(s): 3148483.506098
  F-Iteration: 17 	MC-Sweep: 1830000 	Time(s): 3150324.880054
  F-Iteration: 17 	MC-Sweep: 1840000 	Time(s): 3152127.079394
  F-Iteration: 17 	MC-Sweep: 1850000 	Time(s): 3153965.228962
  F-Iteration: 17 	MC-Sweep: 1860000 	Time(s): 3155805.238727
  F-Iteration: 17 	MC-Sweep: 1870000 	Time(s): 3157664.855222
  F-Iteration: 17 	MC-Sweep: 1880000 	Time(s): 3159523.301407
  F-Iteration: 17 	MC-Sweep: 1890000 	Time(s): 3161365.952394
  F-Iteration: 17 	MC-Sweep: 1900000 	Time(s): 3163186.156455
  F-Iteration: 17 	MC-Sweep: 1910000 	Time(s): 3164982.770357
  F-Iteration: 17 	MC-Sweep: 1920000 	Time(s): 3166802.164839
  F-Iteration: 17 	MC-Sweep: 1930000 	Time(s): 3168612.756967
  F-Iteration: 17 	MC-Sweep: 1940000 	Time(s): 3170485.536896
  F-Iteration: 17 	MC-Sweep: 1950000 	Time(s): 3172331.587373
  F-Iteration: 17 	MC-Sweep: 1960000 	Time(s): 3174195.744240
  F-Iteration: 17 	MC-Sweep: 1970000 	Time(s): 3176002.225365
  F-Iteration: 17 	MC-Sweep: 1970800 	Time(s): 3176144.843731
  Cumulative number of energy calculations: 18511921
  F-Iteration: 18 	F = 1.000004
  F-Iteration: 18 	MC-Sweep: 0 	Time(s): 3176145.444428
  F-Iteration: 18 	MC-Sweep: 10000 	Time(s): 3177900.297430
  F-Iteration: 18 	MC-Sweep: 20000 	Time(s): 3179639.485334
  F-Iteration: 18 	MC-Sweep: 30000 	Time(s): 3181213.012017
  F-Iteration: 18 	MC-Sweep: 40000 	Time(s): 3182725.634452
  F-Iteration: 18 	MC-Sweep: 50000 	Time(s): 3184243.606492
  F-Iteration: 18 	MC-Sweep: 60000 	Time(s): 3185806.604803
  F-Iteration: 18 	MC-Sweep: 70000 	Time(s): 3187346.345047
  F-Iteration: 18 	MC-Sweep: 80000 	Time(s): 3188881.214147
  F-Iteration: 18 	MC-Sweep: 90000 	Time(s): 3190423.269997
  F-Iteration: 18 	MC-Sweep: 100000 	Time(s): 3192075.624571
  F-Iteration: 18 	MC-Sweep: 110000 	Time(s): 3193586.564829
  F-Iteration: 18 	MC-Sweep: 120000 	Time(s): 3195011.275885
  F-Iteration: 18 	MC-Sweep: 130000 	Time(s): 3196961.910992
  F-Iteration: 18 	MC-Sweep: 140000 	Time(s): 3199343.746929
  F-Iteration: 18 	MC-Sweep: 150000 	Time(s): 3201746.886904
  F-Iteration: 18 	MC-Sweep: 160000 	Time(s): 3204216.124744
  F-Iteration: 18 	MC-Sweep: 170000 	Time(s): 3206638.423199
  F-Iteration: 18 	MC-Sweep: 180000 	Time(s): 3209065.551229
  F-Iteration: 18 	MC-Sweep: 190000 	Time(s): 3211526.376832
  F-Iteration: 18 	MC-Sweep: 200000 	Time(s): 3213940.955664
  F-Iteration: 18 	MC-Sweep: 210000 	Time(s): 3216368.487131
  F-Iteration: 18 	MC-Sweep: 220000 	Time(s): 3218776.578091
  F-Iteration: 18 	MC-Sweep: 230000 	Time(s): 3221039.762881
  F-Iteration: 18 	MC-Sweep: 240000 	Time(s): 3223382.196703
  F-Iteration: 18 	MC-Sweep: 250000 	Time(s): 3225720.218928
  F-Iteration: 18 	MC-Sweep: 260000 	Time(s): 3228099.708912
  F-Iteration: 18 	MC-Sweep: 270000 	Time(s): 3230469.453540
  F-Iteration: 18 	MC-Sweep: 280000 	Time(s): 3232805.094222
  F-Iteration: 18 	MC-Sweep: 290000 	Time(s): 3235239.275908
  F-Iteration: 18 	MC-Sweep: 300000 	Time(s): 3237428.111708
  F-Iteration: 18 	MC-Sweep: 310000 	Time(s): 3239276.327044
  F-Iteration: 18 	MC-Sweep: 320000 	Time(s): 3241101.331613
  F-Iteration: 18 	MC-Sweep: 330000 	Time(s): 3242947.250332
  F-Iteration: 18 	MC-Sweep: 340000 	Time(s): 3244784.612109
  F-Iteration: 18 	MC-Sweep: 350000 	Time(s): 3246608.709359
  F-Iteration: 18 	MC-Sweep: 360000 	Time(s): 3248448.293562
  F-Iteration: 18 	MC-Sweep: 370000 	Time(s): 3250276.251697
  F-Iteration: 18 	MC-Sweep: 380000 	Time(s): 3252071.128923
  F-Iteration: 18 	MC-Sweep: 390000 	Time(s): 3253807.606696
  F-Iteration: 18 	MC-Sweep: 400000 	Time(s): 3255552.877854
  F-Iteration: 18 	MC-Sweep: 410000 	Time(s): 3257206.375137
  F-Iteration: 18 	MC-Sweep: 420000 	Time(s): 3258781.247101
  F-Iteration: 18 	MC-Sweep: 430000 	Time(s): 3260388.012914
  F-Iteration: 18 	MC-Sweep: 440000 	Time(s): 3261849.493437
  F-Iteration: 18 	MC-Sweep: 450000 	Time(s): 3263323.236435
  F-Iteration: 18 	MC-Sweep: 460000 	Time(s): 3264763.789318
  F-Iteration: 18 	MC-Sweep: 470000 	Time(s): 3266215.264825
  F-Iteration: 18 	MC-Sweep: 480000 	Time(s): 3267677.794623
  F-Iteration: 18 	MC-Sweep: 490000 	Time(s): 3269106.686761
  F-Iteration: 18 	MC-Sweep: 500000 	Time(s): 3270582.884421
  F-Iteration: 18 	MC-Sweep: 510000 	Time(s): 3272016.029500
  F-Iteration: 18 	MC-Sweep: 520000 	Time(s): 3273432.265996
  F-Iteration: 18 	MC-Sweep: 530000 	Time(s): 3274870.327081
  F-Iteration: 18 	MC-Sweep: 540000 	Time(s): 3276662.790414
  F-Iteration: 18 	MC-Sweep: 550000 	Time(s): 3278517.234415
  F-Iteration: 18 	MC-Sweep: 560000 	Time(s): 3280354.125076
  F-Iteration: 18 	MC-Sweep: 570000 	Time(s): 3282192.071247
  F-Iteration: 18 	MC-Sweep: 580000 	Time(s): 3283991.225767
  F-Iteration: 18 	MC-Sweep: 590000 	Time(s): 3285625.498941
  F-Iteration: 18 	MC-Sweep: 600000 	Time(s): 3287252.068388
  F-Iteration: 18 	MC-Sweep: 610000 	Time(s): 3288909.591594
  F-Iteration: 18 	MC-Sweep: 620000 	Time(s): 3290432.289116
  F-Iteration: 18 	MC-Sweep: 630000 	Time(s): 3291982.252725
  F-Iteration: 18 	MC-Sweep: 640000 	Time(s): 3293686.857400
  F-Iteration: 18 	MC-Sweep: 650000 	Time(s): 3295678.937926
  F-Iteration: 18 	MC-Sweep: 660000 	Time(s): 3297739.500233
  F-Iteration: 18 	MC-Sweep: 670000 	Time(s): 3299776.824271
  F-Iteration: 18 	MC-Sweep: 680000 	Time(s): 3301833.530941
  F-Iteration: 18 	MC-Sweep: 690000 	Time(s): 3303870.307150
  F-Iteration: 18 	MC-Sweep: 700000 	Time(s): 3305711.021646
  F-Iteration: 18 	MC-Sweep: 710000 	Time(s): 3307542.389002
  F-Iteration: 18 	MC-Sweep: 720000 	Time(s): 3309625.074296
  F-Iteration: 18 	MC-Sweep: 730000 	Time(s): 3311866.178959
  F-Iteration: 18 	MC-Sweep: 740000 	Time(s): 3313969.065002
  F-Iteration: 18 	MC-Sweep: 750000 	Time(s): 3315827.312707
  F-Iteration: 18 	MC-Sweep: 760000 	Time(s): 3317587.539948
  F-Iteration: 18 	MC-Sweep: 770000 	Time(s): 3319373.641311
  F-Iteration: 18 	MC-Sweep: 780000 	Time(s): 3321230.228944
  F-Iteration: 18 	MC-Sweep: 790000 	Time(s): 3323050.879485
  F-Iteration: 18 	MC-Sweep: 800000 	Time(s): 3324812.424297
  F-Iteration: 18 	MC-Sweep: 810000 	Time(s): 3326571.627386
  F-Iteration: 18 	MC-Sweep: 820000 	Time(s): 3328385.336545
  F-Iteration: 18 	MC-Sweep: 830000 	Time(s): 3330184.634133
  F-Iteration: 18 	MC-Sweep: 840000 	Time(s): 3331986.720376
  F-Iteration: 18 	MC-Sweep: 850000 	Time(s): 3333779.031023
  F-Iteration: 18 	MC-Sweep: 860000 	Time(s): 3335621.548701
  F-Iteration: 18 	MC-Sweep: 870000 	Time(s): 3337474.920630
  F-Iteration: 18 	MC-Sweep: 880000 	Time(s): 3339299.039415
  F-Iteration: 18 	MC-Sweep: 890000 	Time(s): 3341168.482740
  F-Iteration: 18 	MC-Sweep: 900000 	Time(s): 3343050.353997
  F-Iteration: 18 	MC-Sweep: 910000 	Time(s): 3344886.180871
  F-Iteration: 18 	MC-Sweep: 920000 	Time(s): 3346711.163683
  F-Iteration: 18 	MC-Sweep: 930000 	Time(s): 3348538.215823
  F-Iteration: 18 	MC-Sweep: 940000 	Time(s): 3350374.327353
  F-Iteration: 18 	MC-Sweep: 950000 	Time(s): 3352219.689531
  F-Iteration: 18 	MC-Sweep: 960000 	Time(s): 3354054.707192
  F-Iteration: 18 	MC-Sweep: 970000 	Time(s): 3355917.505986
  F-Iteration: 18 	MC-Sweep: 980000 	Time(s): 3357764.522063
  F-Iteration: 18 	MC-Sweep: 990000 	Time(s): 3359566.814973
  F-Iteration: 18 	MC-Sweep: 1000000 	Time(s): 3361324.690521
  F-Iteration: 18 	MC-Sweep: 1010000 	Time(s): 3363124.686627
  F-Iteration: 18 	MC-Sweep: 1020000 	Time(s): 3364893.157511
  F-Iteration: 18 	MC-Sweep: 1030000 	Time(s): 3366647.302764
  F-Iteration: 18 	MC-Sweep: 1040000 	Time(s): 3368399.397027
  F-Iteration: 18 	MC-Sweep: 1050000 	Time(s): 3370068.316531
  F-Iteration: 18 	MC-Sweep: 1060000 	Time(s): 3371592.588493
  F-Iteration: 18 	MC-Sweep: 1070000 	Time(s): 3373160.492801
  F-Iteration: 18 	MC-Sweep: 1080000 	Time(s): 3374658.506448
  F-Iteration: 18 	MC-Sweep: 1090000 	Time(s): 3376139.740977
  F-Iteration: 18 	MC-Sweep: 1100000 	Time(s): 3377690.701476
  F-Iteration: 18 	MC-Sweep: 1110000 	Time(s): 3379217.620096
  F-Iteration: 18 	MC-Sweep: 1120000 	Time(s): 3380875.284516
  F-Iteration: 18 	MC-Sweep: 1130000 	Time(s): 3382442.279838
  F-Iteration: 18 	MC-Sweep: 1140000 	Time(s): 3383956.568638
  F-Iteration: 18 	MC-Sweep: 1150000 	Time(s): 3385453.129119
  F-Iteration: 18 	MC-Sweep: 1160000 	Time(s): 3386942.996082
  F-Iteration: 18 	MC-Sweep: 1170000 	Time(s): 3388482.138516
  F-Iteration: 18 	MC-Sweep: 1180000 	Time(s): 3390022.849359
  F-Iteration: 18 	MC-Sweep: 1190000 	Time(s): 3391531.587984
  F-Iteration: 18 	MC-Sweep: 1200000 	Time(s): 3393209.559076
  F-Iteration: 18 	MC-Sweep: 1210000 	Time(s): 3394900.490134
  F-Iteration: 18 	MC-Sweep: 1220000 	Time(s): 3396447.572438
  F-Iteration: 18 	MC-Sweep: 1230000 	Time(s): 3398019.032609
  F-Iteration: 18 	MC-Sweep: 1240000 	Time(s): 3399935.110479
  F-Iteration: 18 	MC-Sweep: 1250000 	Time(s): 3402210.584951
  F-Iteration: 18 	MC-Sweep: 1260000 	Time(s): 3404425.188159
  F-Iteration: 18 	MC-Sweep: 1270000 	Time(s): 3406414.395241
  F-Iteration: 18 	MC-Sweep: 1280000 	Time(s): 3408441.131434
  F-Iteration: 18 	MC-Sweep: 1290000 	Time(s): 3410550.206134
  F-Iteration: 18 	MC-Sweep: 1300000 	Time(s): 3412659.855367
  F-Iteration: 18 	MC-Sweep: 1310000 	Time(s): 3414753.375142
  F-Iteration: 18 	MC-Sweep: 1320000 	Time(s): 3416867.489018
  F-Iteration: 18 	MC-Sweep: 1330000 	Time(s): 3418972.664176
  F-Iteration: 18 	MC-Sweep: 1340000 	Time(s): 3420878.725277
  F-Iteration: 18 	MC-Sweep: 1350000 	Time(s): 3422662.415384
  F-Iteration: 18 	MC-Sweep: 1360000 	Time(s): 3424420.698756
  F-Iteration: 18 	MC-Sweep: 1370000 	Time(s): 3426213.418083
  F-Iteration: 18 	MC-Sweep: 1380000 	Time(s): 3427957.660079
  F-Iteration: 18 	MC-Sweep: 1390000 	Time(s): 3429730.630005
  F-Iteration: 18 	MC-Sweep: 1400000 	Time(s): 3431521.412579
  F-Iteration: 18 	MC-Sweep: 1410000 	Time(s): 3433288.786686
  F-Iteration: 18 	MC-Sweep: 1420000 	Time(s): 3435082.645547
  F-Iteration: 18 	MC-Sweep: 1430000 	Time(s): 3436832.960914
  F-Iteration: 18 	MC-Sweep: 1440000 	Time(s): 3438589.890969
  F-Iteration: 18 	MC-Sweep: 1450000 	Time(s): 3440364.243615
  F-Iteration: 18 	MC-Sweep: 1460000 	Time(s): 3442152.966723
  F-Iteration: 18 	MC-Sweep: 1470000 	Time(s): 3443896.444054
  F-Iteration: 18 	MC-Sweep: 1480000 	Time(s): 3445691.038450
  F-Iteration: 18 	MC-Sweep: 1490000 	Time(s): 3447449.852459
  F-Iteration: 18 	MC-Sweep: 1500000 	Time(s): 3449185.784820
  F-Iteration: 18 	MC-Sweep: 1510000 	Time(s): 3450973.739854
  F-Iteration: 18 	MC-Sweep: 1520000 	Time(s): 3452750.595284
  F-Iteration: 18 	MC-Sweep: 1530000 	Time(s): 3454497.011572
  F-Iteration: 18 	MC-Sweep: 1540000 	Time(s): 3456278.102268
  F-Iteration: 18 	MC-Sweep: 1550000 	Time(s): 3458007.293882
  F-Iteration: 18 	MC-Sweep: 1560000 	Time(s): 3459742.249372
  F-Iteration: 18 	MC-Sweep: 1570000 	Time(s): 3461468.579188
  F-Iteration: 18 	MC-Sweep: 1580000 	Time(s): 3463218.555171
  F-Iteration: 18 	MC-Sweep: 1590000 	Time(s): 3464942.421448
  F-Iteration: 18 	MC-Sweep: 1600000 	Time(s): 3466689.456550
  F-Iteration: 18 	MC-Sweep: 1610000 	Time(s): 3468436.523230
  F-Iteration: 18 	MC-Sweep: 1620000 	Time(s): 3470192.041249
  F-Iteration: 18 	MC-Sweep: 1630000 	Time(s): 3471891.283890
  F-Iteration: 18 	MC-Sweep: 1640000 	Time(s): 3473637.555365
  F-Iteration: 18 	MC-Sweep: 1650000 	Time(s): 3475373.907849
  F-Iteration: 18 	MC-Sweep: 1660000 	Time(s): 3477097.504868
  F-Iteration: 18 	MC-Sweep: 1670000 	Time(s): 3478832.765122
  F-Iteration: 18 	MC-Sweep: 1680000 	Time(s): 3480555.168695
  F-Iteration: 18 	MC-Sweep: 1690000 	Time(s): 3482266.142276
  F-Iteration: 18 	MC-Sweep: 1700000 	Time(s): 3483932.717277
  F-Iteration: 18 	MC-Sweep: 1710000 	Time(s): 3485540.574692
  F-Iteration: 18 	MC-Sweep: 1720000 	Time(s): 3487155.798584
  F-Iteration: 18 	MC-Sweep: 1730000 	Time(s): 3488896.579237
  F-Iteration: 18 	MC-Sweep: 1740000 	Time(s): 3490620.572399
  F-Iteration: 18 	MC-Sweep: 1750000 	Time(s): 3492367.441198
  F-Iteration: 18 	MC-Sweep: 1760000 	Time(s): 3494125.888481
  F-Iteration: 18 	MC-Sweep: 1770000 	Time(s): 3495856.590610
  F-Iteration: 18 	MC-Sweep: 1780000 	Time(s): 3497576.573929
  F-Iteration: 18 	MC-Sweep: 1790000 	Time(s): 3499333.653806
  F-Iteration: 18 	MC-Sweep: 1800000 	Time(s): 3501097.018848
  F-Iteration: 18 	MC-Sweep: 1810000 	Time(s): 3502841.344111
  F-Iteration: 18 	MC-Sweep: 1820000 	Time(s): 3504595.447900
  F-Iteration: 18 	MC-Sweep: 1830000 	Time(s): 3506341.312674
  F-Iteration: 18 	MC-Sweep: 1840000 	Time(s): 3508079.292226
  F-Iteration: 18 	MC-Sweep: 1850000 	Time(s): 3509820.607371
  F-Iteration: 18 	MC-Sweep: 1860000 	Time(s): 3511561.119487
  F-Iteration: 18 	MC-Sweep: 1870000 	Time(s): 3513289.475966
  F-Iteration: 18 	MC-Sweep: 1880000 	Time(s): 3515014.874223
  F-Iteration: 18 	MC-Sweep: 1890000 	Time(s): 3516722.025243
  F-Iteration: 18 	MC-Sweep: 1900000 	Time(s): 3518428.600198
  F-Iteration: 18 	MC-Sweep: 1910000 	Time(s): 3520157.241993
  F-Iteration: 18 	MC-Sweep: 1920000 	Time(s): 3521856.382208
  F-Iteration: 18 	MC-Sweep: 1930000 	Time(s): 3523595.815942
  F-Iteration: 18 	MC-Sweep: 1940000 	Time(s): 3525330.077508
  F-Iteration: 18 	MC-Sweep: 1950000 	Time(s): 3527091.209295
  F-Iteration: 18 	MC-Sweep: 1960000 	Time(s): 3528817.539770
  F-Iteration: 18 	MC-Sweep: 1970000 	Time(s): 3530563.112924
  F-Iteration: 18 	MC-Sweep: 1980000 	Time(s): 3532320.219735
  F-Iteration: 18 	MC-Sweep: 1990000 	Time(s): 3534054.489480
  F-Iteration: 18 	MC-Sweep: 2000000 	Time(s): 3535776.461440
  F-Iteration: 18 	MC-Sweep: 2010000 	Time(s): 3537537.875507
  F-Iteration: 18 	MC-Sweep: 2020000 	Time(s): 3539306.545479
  F-Iteration: 18 	MC-Sweep: 2030000 	Time(s): 3541032.470654
  F-Iteration: 18 	MC-Sweep: 2040000 	Time(s): 3542807.746396
  F-Iteration: 18 	MC-Sweep: 2050000 	Time(s): 3544497.800055
  F-Iteration: 18 	MC-Sweep: 2060000 	Time(s): 3546222.583269
  F-Iteration: 18 	MC-Sweep: 2070000 	Time(s): 3547967.992959
  F-Iteration: 18 	MC-Sweep: 2080000 	Time(s): 3549702.920532
  F-Iteration: 18 	MC-Sweep: 2090000 	Time(s): 3551427.164502
  F-Iteration: 18 	MC-Sweep: 2100000 	Time(s): 3553157.916235
  F-Iteration: 18 	MC-Sweep: 2110000 	Time(s): 3554871.839923
  F-Iteration: 18 	MC-Sweep: 2120000 	Time(s): 3556589.996775
  F-Iteration: 18 	MC-Sweep: 2130000 	Time(s): 3558329.661349
  F-Iteration: 18 	MC-Sweep: 2140000 	Time(s): 3560026.778584
  F-Iteration: 18 	MC-Sweep: 2150000 	Time(s): 3561761.693401
  F-Iteration: 18 	MC-Sweep: 2160000 	Time(s): 3563520.844576
  F-Iteration: 18 	MC-Sweep: 2170000 	Time(s): 3565266.710471
  F-Iteration: 18 	MC-Sweep: 2180000 	Time(s): 3567027.755619
  F-Iteration: 18 	MC-Sweep: 2190000 	Time(s): 3568707.473261
  F-Iteration: 18 	MC-Sweep: 2200000 	Time(s): 3570401.205896
  F-Iteration: 18 	MC-Sweep: 2210000 	Time(s): 3571948.115791
  F-Iteration: 18 	MC-Sweep: 2220000 	Time(s): 3573503.036878
  F-Iteration: 18 	MC-Sweep: 2230000 	Time(s): 3574998.976725
  F-Iteration: 18 	MC-Sweep: 2240000 	Time(s): 3576506.101079
  F-Iteration: 18 	MC-Sweep: 2250000 	Time(s): 3578059.280930
  F-Iteration: 18 	MC-Sweep: 2260000 	Time(s): 3579609.250986
  F-Iteration: 18 	MC-Sweep: 2270000 	Time(s): 3581174.253460
  F-Iteration: 18 	MC-Sweep: 2280000 	Time(s): 3582766.197706
  F-Iteration: 18 	MC-Sweep: 2290000 	Time(s): 3584300.315502
  F-Iteration: 18 	MC-Sweep: 2300000 	Time(s): 3585926.223916
  F-Iteration: 18 	MC-Sweep: 2310000 	Time(s): 3587466.725408
  F-Iteration: 18 	MC-Sweep: 2320000 	Time(s): 3589036.185178
  F-Iteration: 18 	MC-Sweep: 2330000 	Time(s): 3590643.286007
  F-Iteration: 18 	MC-Sweep: 2340000 	Time(s): 3592175.637216
  F-Iteration: 18 	MC-Sweep: 2350000 	Time(s): 3593740.120530
  F-Iteration: 18 	MC-Sweep: 2360000 	Time(s): 3595259.187871
  F-Iteration: 18 	MC-Sweep: 2370000 	Time(s): 3596887.768879
  F-Iteration: 18 	MC-Sweep: 2380000 	Time(s): 3598402.231251
  F-Iteration: 18 	MC-Sweep: 2390000 	Time(s): 3599916.693278
  F-Iteration: 18 	MC-Sweep: 2400000 	Time(s): 3601488.703279
  F-Iteration: 18 	MC-Sweep: 2410000 	Time(s): 3603055.782421
  F-Iteration: 18 	MC-Sweep: 2420000 	Time(s): 3604606.105900
  F-Iteration: 18 	MC-Sweep: 2430000 	Time(s): 3606098.603794
  F-Iteration: 18 	MC-Sweep: 2440000 	Time(s): 3607694.784299
  F-Iteration: 18 	MC-Sweep: 2450000 	Time(s): 3609232.508176
  F-Iteration: 18 	MC-Sweep: 2460000 	Time(s): 3610844.810127
  F-Iteration: 18 	MC-Sweep: 2470000 	Time(s): 3612376.646053
  F-Iteration: 18 	MC-Sweep: 2480000 	Time(s): 3613897.406636
  F-Iteration: 18 	MC-Sweep: 2490000 	Time(s): 3615464.266356
  F-Iteration: 18 	MC-Sweep: 2500000 	Time(s): 3616990.462671
  F-Iteration: 18 	MC-Sweep: 2510000 	Time(s): 3618514.206963
  F-Iteration: 18 	MC-Sweep: 2520000 	Time(s): 3619992.263300
  F-Iteration: 18 	MC-Sweep: 2530000 	Time(s): 3621553.041571
  F-Iteration: 18 	MC-Sweep: 2540000 	Time(s): 3623120.840732
  F-Iteration: 18 	MC-Sweep: 2550000 	Time(s): 3624680.492918
  F-Iteration: 18 	MC-Sweep: 2560000 	Time(s): 3626224.561645
  F-Iteration: 18 	MC-Sweep: 2570000 	Time(s): 3627703.483680
  F-Iteration: 18 	MC-Sweep: 2580000 	Time(s): 3629185.941980
  F-Iteration: 18 	MC-Sweep: 2590000 	Time(s): 3630738.574907
  F-Iteration: 18 	MC-Sweep: 2600000 	Time(s): 3632296.147204
  F-Iteration: 18 	MC-Sweep: 2610000 	Time(s): 3633849.432807
  F-Iteration: 18 	MC-Sweep: 2620000 	Time(s): 3635396.110540
  F-Iteration: 18 	MC-Sweep: 2630000 	Time(s): 3636904.424821
  F-Iteration: 18 	MC-Sweep: 2640000 	Time(s): 3638473.638350
  F-Iteration: 18 	MC-Sweep: 2650000 	Time(s): 3640027.686363
  F-Iteration: 18 	MC-Sweep: 2660000 	Time(s): 3641579.863099
  F-Iteration: 18 	MC-Sweep: 2670000 	Time(s): 3643169.871943
  F-Iteration: 18 	MC-Sweep: 2680000 	Time(s): 3644720.060059
  F-Iteration: 18 	MC-Sweep: 2690000 	Time(s): 3646272.463510
  F-Iteration: 18 	MC-Sweep: 2700000 	Time(s): 3647875.186623
  F-Iteration: 18 	MC-Sweep: 2710000 	Time(s): 3649623.828925
  F-Iteration: 18 	MC-Sweep: 2720000 	Time(s): 3651274.422034
  F-Iteration: 18 	MC-Sweep: 2730000 	Time(s): 3653020.496692
  F-Iteration: 18 	MC-Sweep: 2740000 	Time(s): 3654628.228257
  F-Iteration: 18 	MC-Sweep: 2750000 	Time(s): 3656135.265002
  F-Iteration: 18 	MC-Sweep: 2760000 	Time(s): 3657688.428176
  F-Iteration: 18 	MC-Sweep: 2770000 	Time(s): 3659182.068218
  F-Iteration: 18 	MC-Sweep: 2780000 	Time(s): 3660673.770522
  F-Iteration: 18 	MC-Sweep: 2790000 	Time(s): 3662124.591875
  F-Iteration: 18 	MC-Sweep: 2800000 	Time(s): 3663657.029836
  F-Iteration: 18 	MC-Sweep: 2810000 	Time(s): 3665154.731862
  F-Iteration: 18 	MC-Sweep: 2820000 	Time(s): 3666687.673915
  F-Iteration: 18 	MC-Sweep: 2830000 	Time(s): 3668372.425122
  F-Iteration: 18 	MC-Sweep: 2840000 	Time(s): 3670165.842499
  F-Iteration: 18 	MC-Sweep: 2850000 	Time(s): 3671952.875275
  F-Iteration: 18 	MC-Sweep: 2860000 	Time(s): 3673738.599681
  F-Iteration: 18 	MC-Sweep: 2870000 	Time(s): 3675468.293401
  F-Iteration: 18 	MC-Sweep: 2880000 	Time(s): 3677199.438363
  F-Iteration: 18 	MC-Sweep: 2890000 	Time(s): 3678955.205900
  F-Iteration: 18 	MC-Sweep: 2900000 	Time(s): 3680763.434114
  F-Iteration: 18 	MC-Sweep: 2910000 	Time(s): 3682506.022299
  F-Iteration: 18 	MC-Sweep: 2920000 	Time(s): 3684248.169755
  F-Iteration: 18 	MC-Sweep: 2930000 	Time(s): 3686019.920874
  F-Iteration: 18 	MC-Sweep: 2940000 	Time(s): 3687723.841110
  F-Iteration: 18 	MC-Sweep: 2948000 	Time(s): 3689115.037709
  Cumulative number of energy calculations: 21459922
  F-Iteration: 19 	F = 1.000002
  F-Iteration: 19 	MC-Sweep: 0 	Time(s): 3689115.728683
  F-Iteration: 19 	MC-Sweep: 10000 	Time(s): 3690862.623037
  F-Iteration: 19 	MC-Sweep: 20000 	Time(s): 3692614.120848
  F-Iteration: 19 	MC-Sweep: 30000 	Time(s): 3694322.605362
  F-Iteration: 19 	MC-Sweep: 40000 	Time(s): 3696050.715685
  F-Iteration: 19 	MC-Sweep: 50000 	Time(s): 3697751.599951
  F-Iteration: 19 	MC-Sweep: 60000 	Time(s): 3699463.849029
  F-Iteration: 19 	MC-Sweep: 70000 	Time(s): 3701168.469946
  F-Iteration: 19 	MC-Sweep: 80000 	Time(s): 3702884.056045
  F-Iteration: 19 	MC-Sweep: 90000 	Time(s): 3704584.780694
  F-Iteration: 19 	MC-Sweep: 100000 	Time(s): 3706306.501521
  F-Iteration: 19 	MC-Sweep: 110000 	Time(s): 3708022.789405
  F-Iteration: 19 	MC-Sweep: 120000 	Time(s): 3709762.389601
  F-Iteration: 19 	MC-Sweep: 130000 	Time(s): 3711498.153136
  F-Iteration: 19 	MC-Sweep: 140000 	Time(s): 3713244.506202
  F-Iteration: 19 	MC-Sweep: 150000 	Time(s): 3715006.263983
  F-Iteration: 19 	MC-Sweep: 160000 	Time(s): 3716736.015513
  F-Iteration: 19 	MC-Sweep: 170000 	Time(s): 3718480.601323
  F-Iteration: 19 	MC-Sweep: 180000 	Time(s): 3720269.862167
  F-Iteration: 19 	MC-Sweep: 190000 	Time(s): 3722004.931011
  F-Iteration: 19 	MC-Sweep: 200000 	Time(s): 3723718.936500
  F-Iteration: 19 	MC-Sweep: 210000 	Time(s): 3725460.051588
  F-Iteration: 19 	MC-Sweep: 220000 	Time(s): 3727176.046602
  F-Iteration: 19 	MC-Sweep: 230000 	Time(s): 3728880.222116
  F-Iteration: 19 	MC-Sweep: 240000 	Time(s): 3730645.607650
  F-Iteration: 19 	MC-Sweep: 250000 	Time(s): 3732367.337438
  F-Iteration: 19 	MC-Sweep: 260000 	Time(s): 3734131.725865
  F-Iteration: 19 	MC-Sweep: 270000 	Time(s): 3735938.067528
  F-Iteration: 19 	MC-Sweep: 280000 	Time(s): 3737602.218437
  F-Iteration: 19 	MC-Sweep: 290000 	Time(s): 3739337.068978
  F-Iteration: 19 	MC-Sweep: 300000 	Time(s): 3741088.741708
  F-Iteration: 19 	MC-Sweep: 310000 	Time(s): 3742758.184056
  F-Iteration: 19 	MC-Sweep: 320000 	Time(s): 3744408.088813
  F-Iteration: 19 	MC-Sweep: 330000 	Time(s): 3746043.756342
  F-Iteration: 19 	MC-Sweep: 340000 	Time(s): 3747672.373898
  F-Iteration: 19 	MC-Sweep: 350000 	Time(s): 3749271.845696
  F-Iteration: 19 	MC-Sweep: 360000 	Time(s): 3750863.757073
  F-Iteration: 19 	MC-Sweep: 370000 	Time(s): 3752462.842646
  F-Iteration: 19 	MC-Sweep: 380000 	Time(s): 3754029.550370
  F-Iteration: 19 	MC-Sweep: 390000 	Time(s): 3755951.580035
  F-Iteration: 19 	MC-Sweep: 400000 	Time(s): 3757742.377026
  F-Iteration: 19 	MC-Sweep: 410000 	Time(s): 3759433.462559
  F-Iteration: 19 	MC-Sweep: 420000 	Time(s): 3761137.489887
  F-Iteration: 19 	MC-Sweep: 430000 	Time(s): 3762840.110293
  F-Iteration: 19 	MC-Sweep: 440000 	Time(s): 3764566.481077
  F-Iteration: 19 	MC-Sweep: 448600 	Time(s): 3766026.691357
  Cumulative number of energy calculations: 21908523
Saving final MCMC simulation data ...
****************************************
Done successfully!
Elapsed time: 3766027.654966831 seconds
