PFP client version: 1.6.3
Model version: v3.0.0
Calculation mode: CRYSTAL_PLUS_D3
****************************************
Examining NCM622 ...
  Importing initial (known) stable/unstable structures ...
  Supercell size: 5 × 4 × 1
  Number of atoms (perfect): 240
  Cell parameters (a, b, c): 2.873440, 2.877225, 14.130600
Estimating energy range ...
  NOTE: Energy range is estimated from imported structures!
  Energy range (min, max): -1075.388829, -1064.828767
Performing Wang-Landau MCMC sampling ...
  Number of energy states: 60
  Energy spacing (eV): 0.178984
  Histogram flatness threshold: 0.8
  Initial modification factor: 2.718282
  Modification factor threshold: 1.00e-06
  Number of F-iterations: 0 + 19
  F-Iteration: 0 	F = 2.718282
  F-Iteration: 0 	MC-Sweep: 0 	Time(s): 0.856573
  F-Iteration: 0 	MC-Sweep: 10000 	Time(s): 1532.803280
  F-Iteration: 0 	MC-Sweep: 20000 	Time(s): 3147.205713
  F-Iteration: 0 	MC-Sweep: 30000 	Time(s): 4666.775256
  F-Iteration: 0 	MC-Sweep: 40000 	Time(s): 6161.692766
  F-Iteration: 0 	MC-Sweep: 50000 	Time(s): 7673.857384
  F-Iteration: 0 	MC-Sweep: 60000 	Time(s): 9212.262626
  F-Iteration: 0 	MC-Sweep: 70000 	Time(s): 10686.842026
  F-Iteration: 0 	MC-Sweep: 80000 	Time(s): 12181.725110
  F-Iteration: 0 	MC-Sweep: 90000 	Time(s): 13677.467233
  F-Iteration: 0 	MC-Sweep: 100000 	Time(s): 15284.677580
  F-Iteration: 0 	MC-Sweep: 110000 	Time(s): 16752.021440
  F-Iteration: 0 	MC-Sweep: 120000 	Time(s): 18188.512647
  F-Iteration: 0 	MC-Sweep: 130000 	Time(s): 19572.234392
  F-Iteration: 0 	MC-Sweep: 140000 	Time(s): 21055.387303
  F-Iteration: 0 	MC-Sweep: 150000 	Time(s): 22463.013170
  F-Iteration: 0 	MC-Sweep: 160000 	Time(s): 23882.631967
  F-Iteration: 0 	MC-Sweep: 170000 	Time(s): 25301.085081
  F-Iteration: 0 	MC-Sweep: 180000 	Time(s): 26762.197692
  F-Iteration: 0 	MC-Sweep: 190000 	Time(s): 28218.258214
  F-Iteration: 0 	MC-Sweep: 200000 	Time(s): 29651.699466
  F-Iteration: 0 	MC-Sweep: 210000 	Time(s): 31075.677323
  F-Iteration: 0 	MC-Sweep: 220000 	Time(s): 32509.723086
  F-Iteration: 0 	MC-Sweep: 230000 	Time(s): 34005.904734
  F-Iteration: 0 	MC-Sweep: 240000 	Time(s): 35499.671835
  F-Iteration: 0 	MC-Sweep: 250000 	Time(s): 36947.088364
  F-Iteration: 0 	MC-Sweep: 260000 	Time(s): 38381.581517
  F-Iteration: 0 	MC-Sweep: 270000 	Time(s): 39877.409285
  F-Iteration: 0 	MC-Sweep: 280000 	Time(s): 41365.582300
  F-Iteration: 0 	MC-Sweep: 290000 	Time(s): 42813.423272
  F-Iteration: 0 	MC-Sweep: 300000 	Time(s): 44271.118742
  F-Iteration: 0 	MC-Sweep: 310000 	Time(s): 45753.236397
  F-Iteration: 0 	MC-Sweep: 320000 	Time(s): 47189.665267
  F-Iteration: 0 	MC-Sweep: 330000 	Time(s): 48625.089484
  F-Iteration: 0 	MC-Sweep: 340000 	Time(s): 50155.557415
  F-Iteration: 0 	MC-Sweep: 350000 	Time(s): 51688.819037
  F-Iteration: 0 	MC-Sweep: 360000 	Time(s): 53169.447183
  F-Iteration: 0 	MC-Sweep: 370000 	Time(s): 54684.560892
  F-Iteration: 0 	MC-Sweep: 380000 	Time(s): 56194.529723
  F-Iteration: 0 	MC-Sweep: 390000 	Time(s): 57679.706007
  F-Iteration: 0 	MC-Sweep: 400000 	Time(s): 59217.901289
  F-Iteration: 0 	MC-Sweep: 410000 	Time(s): 60712.101849
  F-Iteration: 0 	MC-Sweep: 420000 	Time(s): 62136.080334
  F-Iteration: 0 	MC-Sweep: 430000 	Time(s): 63617.847249
  F-Iteration: 0 	MC-Sweep: 440000 	Time(s): 65091.115932
  F-Iteration: 0 	MC-Sweep: 450000 	Time(s): 66647.013871
  F-Iteration: 0 	MC-Sweep: 460000 	Time(s): 68124.605847
  F-Iteration: 0 	MC-Sweep: 470000 	Time(s): 69628.294509
  F-Iteration: 0 	MC-Sweep: 474200 	Time(s): 70278.044924
  Cumulative number of energy calculations: 474204
  F-Iteration: 1 	F = 1.648721
  F-Iteration: 1 	MC-Sweep: 0 	Time(s): 70278.812490
  F-Iteration: 1 	MC-Sweep: 10000 	Time(s): 71854.924594
  F-Iteration: 1 	MC-Sweep: 20000 	Time(s): 73395.116970
  F-Iteration: 1 	MC-Sweep: 30000 	Time(s): 74966.403092
  F-Iteration: 1 	MC-Sweep: 38400 	Time(s): 76253.158408
  Cumulative number of energy calculations: 512605
  F-Iteration: 2 	F = 1.284025
  F-Iteration: 2 	MC-Sweep: 0 	Time(s): 76253.862643
  F-Iteration: 2 	MC-Sweep: 10000 	Time(s): 77736.128821
  F-Iteration: 2 	MC-Sweep: 20000 	Time(s): 79138.745311
  F-Iteration: 2 	MC-Sweep: 30000 	Time(s): 80583.774371
  F-Iteration: 2 	MC-Sweep: 40000 	Time(s): 82028.738408
  F-Iteration: 2 	MC-Sweep: 50000 	Time(s): 83482.618231
  F-Iteration: 2 	MC-Sweep: 60000 	Time(s): 84958.370190
  F-Iteration: 2 	MC-Sweep: 70000 	Time(s): 86448.587994
  F-Iteration: 2 	MC-Sweep: 80000 	Time(s): 87917.410028
  F-Iteration: 2 	MC-Sweep: 90000 	Time(s): 89374.904337
  F-Iteration: 2 	MC-Sweep: 100000 	Time(s): 90847.497166
  F-Iteration: 2 	MC-Sweep: 110000 	Time(s): 92297.516334
  F-Iteration: 2 	MC-Sweep: 120000 	Time(s): 93723.675820
  F-Iteration: 2 	MC-Sweep: 130000 	Time(s): 95159.862284
  F-Iteration: 2 	MC-Sweep: 140000 	Time(s): 96638.753510
  F-Iteration: 2 	MC-Sweep: 150000 	Time(s): 98079.644234
  F-Iteration: 2 	MC-Sweep: 160000 	Time(s): 99543.677578
  F-Iteration: 2 	MC-Sweep: 170000 	Time(s): 101013.780213
  F-Iteration: 2 	MC-Sweep: 180000 	Time(s): 102477.622672
  F-Iteration: 2 	MC-Sweep: 190000 	Time(s): 103936.223333
  F-Iteration: 2 	MC-Sweep: 200000 	Time(s): 105364.569227
  F-Iteration: 2 	MC-Sweep: 210000 	Time(s): 106825.359948
  F-Iteration: 2 	MC-Sweep: 220000 	Time(s): 108291.260209
  F-Iteration: 2 	MC-Sweep: 230000 	Time(s): 109777.776266
  F-Iteration: 2 	MC-Sweep: 240000 	Time(s): 111238.228303
  F-Iteration: 2 	MC-Sweep: 250000 	Time(s): 112682.074941
  F-Iteration: 2 	MC-Sweep: 260000 	Time(s): 114132.699854
  F-Iteration: 2 	MC-Sweep: 270000 	Time(s): 115582.925062
  F-Iteration: 2 	MC-Sweep: 280000 	Time(s): 117061.134266
  F-Iteration: 2 	MC-Sweep: 290000 	Time(s): 118568.596114
  F-Iteration: 2 	MC-Sweep: 300000 	Time(s): 120007.458331
  F-Iteration: 2 	MC-Sweep: 310000 	Time(s): 121450.213721
  F-Iteration: 2 	MC-Sweep: 320000 	Time(s): 122942.871602
  F-Iteration: 2 	MC-Sweep: 330000 	Time(s): 124395.407750
  F-Iteration: 2 	MC-Sweep: 340000 	Time(s): 125880.403200
  F-Iteration: 2 	MC-Sweep: 350000 	Time(s): 127319.807127
  F-Iteration: 2 	MC-Sweep: 360000 	Time(s): 128822.887685
  F-Iteration: 2 	MC-Sweep: 370000 	Time(s): 130271.079347
  F-Iteration: 2 	MC-Sweep: 380000 	Time(s): 131757.918802
  F-Iteration: 2 	MC-Sweep: 390000 	Time(s): 133197.941799
  F-Iteration: 2 	MC-Sweep: 400000 	Time(s): 134677.474566
  F-Iteration: 2 	MC-Sweep: 410000 	Time(s): 136147.574355
  F-Iteration: 2 	MC-Sweep: 420000 	Time(s): 137616.924432
  F-Iteration: 2 	MC-Sweep: 430000 	Time(s): 139099.447868
  F-Iteration: 2 	MC-Sweep: 440000 	Time(s): 140584.028394
  F-Iteration: 2 	MC-Sweep: 450000 	Time(s): 142142.734467
  F-Iteration: 2 	MC-Sweep: 460000 	Time(s): 143624.235660
  F-Iteration: 2 	MC-Sweep: 470000 	Time(s): 145209.045079
  F-Iteration: 2 	MC-Sweep: 480000 	Time(s): 146761.642041
  F-Iteration: 2 	MC-Sweep: 490000 	Time(s): 148229.010521
  F-Iteration: 2 	MC-Sweep: 500000 	Time(s): 149691.443634
  F-Iteration: 2 	MC-Sweep: 510000 	Time(s): 151186.744991
  F-Iteration: 2 	MC-Sweep: 520000 	Time(s): 152702.673342
  F-Iteration: 2 	MC-Sweep: 530000 	Time(s): 154172.004465
  F-Iteration: 2 	MC-Sweep: 540000 	Time(s): 155674.387017
  F-Iteration: 2 	MC-Sweep: 546800 	Time(s): 156683.655903
  Cumulative number of energy calculations: 1059406
  F-Iteration: 3 	F = 1.133148
  F-Iteration: 3 	MC-Sweep: 0 	Time(s): 156684.120410
  F-Iteration: 3 	MC-Sweep: 10000 	Time(s): 158138.350563
  F-Iteration: 3 	MC-Sweep: 20000 	Time(s): 159586.262736
  F-Iteration: 3 	MC-Sweep: 30000 	Time(s): 161031.017847
  F-Iteration: 3 	MC-Sweep: 40000 	Time(s): 162521.707207
  F-Iteration: 3 	MC-Sweep: 50000 	Time(s): 164047.155883
  F-Iteration: 3 	MC-Sweep: 60000 	Time(s): 165432.900965
  F-Iteration: 3 	MC-Sweep: 70000 	Time(s): 166887.281531
  F-Iteration: 3 	MC-Sweep: 80000 	Time(s): 168344.596686
  F-Iteration: 3 	MC-Sweep: 90000 	Time(s): 169738.880720
  F-Iteration: 3 	MC-Sweep: 100000 	Time(s): 171175.551685
  F-Iteration: 3 	MC-Sweep: 110000 	Time(s): 172598.726087
  F-Iteration: 3 	MC-Sweep: 120000 	Time(s): 173994.761071
  F-Iteration: 3 	MC-Sweep: 126500 	Time(s): 174928.056398
  Cumulative number of energy calculations: 1185907
  F-Iteration: 4 	F = 1.064494
  F-Iteration: 4 	MC-Sweep: 0 	Time(s): 174928.633247
  F-Iteration: 4 	MC-Sweep: 10000 	Time(s): 176378.015130
  F-Iteration: 4 	MC-Sweep: 20000 	Time(s): 177827.542605
  F-Iteration: 4 	MC-Sweep: 30000 	Time(s): 179344.948271
  F-Iteration: 4 	MC-Sweep: 40000 	Time(s): 180722.698844
  F-Iteration: 4 	MC-Sweep: 50000 	Time(s): 182112.548671
  F-Iteration: 4 	MC-Sweep: 60000 	Time(s): 183517.731679
  F-Iteration: 4 	MC-Sweep: 70000 	Time(s): 184920.311767
  F-Iteration: 4 	MC-Sweep: 80000 	Time(s): 186283.056258
  F-Iteration: 4 	MC-Sweep: 90000 	Time(s): 187657.124194
  F-Iteration: 4 	MC-Sweep: 100000 	Time(s): 189064.122808
  F-Iteration: 4 	MC-Sweep: 107800 	Time(s): 190160.747121
  Cumulative number of energy calculations: 1293708
  F-Iteration: 5 	F = 1.031743
  F-Iteration: 5 	MC-Sweep: 0 	Time(s): 190161.299622
  F-Iteration: 5 	MC-Sweep: 10000 	Time(s): 191524.238225
  F-Iteration: 5 	MC-Sweep: 20000 	Time(s): 192895.353107
  F-Iteration: 5 	MC-Sweep: 30000 	Time(s): 194328.514046
  F-Iteration: 5 	MC-Sweep: 40000 	Time(s): 195794.989400
  F-Iteration: 5 	MC-Sweep: 46700 	Time(s): 196737.491991
  Cumulative number of energy calculations: 1340409
  F-Iteration: 6 	F = 1.015748
  F-Iteration: 6 	MC-Sweep: 0 	Time(s): 196737.953078
  F-Iteration: 6 	MC-Sweep: 10000 	Time(s): 198200.055577
  F-Iteration: 6 	MC-Sweep: 20000 	Time(s): 199587.620046
  F-Iteration: 6 	MC-Sweep: 30000 	Time(s): 201019.804859
  F-Iteration: 6 	MC-Sweep: 40000 	Time(s): 202479.312070
  F-Iteration: 6 	MC-Sweep: 50000 	Time(s): 203911.301961
  F-Iteration: 6 	MC-Sweep: 60000 	Time(s): 205407.005129
  F-Iteration: 6 	MC-Sweep: 70000 	Time(s): 206894.812475
  F-Iteration: 6 	MC-Sweep: 80000 	Time(s): 208352.944747
  F-Iteration: 6 	MC-Sweep: 90000 	Time(s): 209800.737945
  F-Iteration: 6 	MC-Sweep: 100000 	Time(s): 211210.964115
  F-Iteration: 6 	MC-Sweep: 110000 	Time(s): 212706.634958
  F-Iteration: 6 	MC-Sweep: 120000 	Time(s): 214192.160122
  F-Iteration: 6 	MC-Sweep: 130000 	Time(s): 215671.275843
  F-Iteration: 6 	MC-Sweep: 140000 	Time(s): 217153.097615
  F-Iteration: 6 	MC-Sweep: 150000 	Time(s): 218633.234453
  F-Iteration: 6 	MC-Sweep: 160000 	Time(s): 220109.327163
  F-Iteration: 6 	MC-Sweep: 170000 	Time(s): 221580.727257
  F-Iteration: 6 	MC-Sweep: 180000 	Time(s): 223046.613699
  F-Iteration: 6 	MC-Sweep: 190000 	Time(s): 224539.886773
  F-Iteration: 6 	MC-Sweep: 200000 	Time(s): 226013.598603
  F-Iteration: 6 	MC-Sweep: 210000 	Time(s): 227481.899634
  Cumulative number of energy calculations: 1550410
  F-Iteration: 7 	F = 1.007843
  F-Iteration: 7 	MC-Sweep: 0 	Time(s): 227482.928918
  F-Iteration: 7 	MC-Sweep: 10000 	Time(s): 228907.143055
  F-Iteration: 7 	MC-Sweep: 20000 	Time(s): 230274.335225
  F-Iteration: 7 	MC-Sweep: 30000 	Time(s): 231724.699748
  F-Iteration: 7 	MC-Sweep: 40000 	Time(s): 233200.898107
  F-Iteration: 7 	MC-Sweep: 50000 	Time(s): 234681.919451
  F-Iteration: 7 	MC-Sweep: 60000 	Time(s): 236157.031635
  F-Iteration: 7 	MC-Sweep: 70000 	Time(s): 237607.508561
  F-Iteration: 7 	MC-Sweep: 80000 	Time(s): 239046.415009
  F-Iteration: 7 	MC-Sweep: 90000 	Time(s): 240486.475601
  F-Iteration: 7 	MC-Sweep: 100000 	Time(s): 241928.697887
  F-Iteration: 7 	MC-Sweep: 110000 	Time(s): 243374.127465
  F-Iteration: 7 	MC-Sweep: 120000 	Time(s): 244806.321171
  F-Iteration: 7 	MC-Sweep: 130000 	Time(s): 246255.052401
  F-Iteration: 7 	MC-Sweep: 140000 	Time(s): 247704.231597
  F-Iteration: 7 	MC-Sweep: 150000 	Time(s): 249146.629160
  F-Iteration: 7 	MC-Sweep: 160000 	Time(s): 250585.037361
  F-Iteration: 7 	MC-Sweep: 170000 	Time(s): 252040.225861
  F-Iteration: 7 	MC-Sweep: 180000 	Time(s): 253494.391544
  F-Iteration: 7 	MC-Sweep: 188700 	Time(s): 254794.776183
  Cumulative number of energy calculations: 1739111
  F-Iteration: 8 	F = 1.003914
  F-Iteration: 8 	MC-Sweep: 0 	Time(s): 254795.646630
  F-Iteration: 8 	MC-Sweep: 10000 	Time(s): 256230.866640
  F-Iteration: 8 	MC-Sweep: 20000 	Time(s): 257761.153352
  F-Iteration: 8 	MC-Sweep: 30000 	Time(s): 259272.930437
  F-Iteration: 8 	MC-Sweep: 40000 	Time(s): 260676.091535
  F-Iteration: 8 	MC-Sweep: 50000 	Time(s): 262101.003668
  F-Iteration: 8 	MC-Sweep: 60000 	Time(s): 263534.114727
  F-Iteration: 8 	MC-Sweep: 70000 	Time(s): 264943.756144
  F-Iteration: 8 	MC-Sweep: 80000 	Time(s): 266392.180504
  F-Iteration: 8 	MC-Sweep: 90000 	Time(s): 267832.440517
  F-Iteration: 8 	MC-Sweep: 100000 	Time(s): 269266.662813
  F-Iteration: 8 	MC-Sweep: 110000 	Time(s): 270687.586753
  F-Iteration: 8 	MC-Sweep: 116800 	Time(s): 271641.725825
  Cumulative number of energy calculations: 1855912
  F-Iteration: 9 	F = 1.001955
  F-Iteration: 9 	MC-Sweep: 0 	Time(s): 271642.505961
  F-Iteration: 9 	MC-Sweep: 10000 	Time(s): 273046.700110
  F-Iteration: 9 	MC-Sweep: 20000 	Time(s): 274458.917973
  F-Iteration: 9 	MC-Sweep: 30000 	Time(s): 275850.689987
  F-Iteration: 9 	MC-Sweep: 40000 	Time(s): 277282.831095
  F-Iteration: 9 	MC-Sweep: 50000 	Time(s): 278713.288427
  F-Iteration: 9 	MC-Sweep: 60000 	Time(s): 280129.109831
  F-Iteration: 9 	MC-Sweep: 70000 	Time(s): 281567.834473
  F-Iteration: 9 	MC-Sweep: 80000 	Time(s): 282969.591209
  F-Iteration: 9 	MC-Sweep: 90000 	Time(s): 284365.016625
  F-Iteration: 9 	MC-Sweep: 100000 	Time(s): 285774.796833
  F-Iteration: 9 	MC-Sweep: 110000 	Time(s): 287188.421041
  F-Iteration: 9 	MC-Sweep: 120000 	Time(s): 288565.761864
  F-Iteration: 9 	MC-Sweep: 130000 	Time(s): 290008.400715
  F-Iteration: 9 	MC-Sweep: 140000 	Time(s): 291416.359362
  F-Iteration: 9 	MC-Sweep: 150000 	Time(s): 292868.298207
  F-Iteration: 9 	MC-Sweep: 160000 	Time(s): 294312.414471
  F-Iteration: 9 	MC-Sweep: 170000 	Time(s): 295754.654127
  F-Iteration: 9 	MC-Sweep: 180000 	Time(s): 297200.986027
  F-Iteration: 9 	MC-Sweep: 190000 	Time(s): 298615.251606
  F-Iteration: 9 	MC-Sweep: 200000 	Time(s): 300066.858159
  F-Iteration: 9 	MC-Sweep: 210000 	Time(s): 301485.466772
  F-Iteration: 9 	MC-Sweep: 220000 	Time(s): 302948.146464
  F-Iteration: 9 	MC-Sweep: 230000 	Time(s): 304361.211234
  F-Iteration: 9 	MC-Sweep: 240000 	Time(s): 305816.646945
  F-Iteration: 9 	MC-Sweep: 250000 	Time(s): 307253.240546
  F-Iteration: 9 	MC-Sweep: 252300 	Time(s): 307565.476475
  Cumulative number of energy calculations: 2108213
  F-Iteration: 10 	F = 1.000977
  F-Iteration: 10 	MC-Sweep: 0 	Time(s): 307566.000659
  F-Iteration: 10 	MC-Sweep: 10000 	Time(s): 308999.987612
  F-Iteration: 10 	MC-Sweep: 20000 	Time(s): 310423.925831
  F-Iteration: 10 	MC-Sweep: 30000 	Time(s): 311866.296523
  F-Iteration: 10 	MC-Sweep: 40000 	Time(s): 313334.790782
  F-Iteration: 10 	MC-Sweep: 50000 	Time(s): 314763.533771
  F-Iteration: 10 	MC-Sweep: 60000 	Time(s): 316235.436668
  F-Iteration: 10 	MC-Sweep: 70000 	Time(s): 317748.754645
  F-Iteration: 10 	MC-Sweep: 80000 	Time(s): 319206.271094
  F-Iteration: 10 	MC-Sweep: 90000 	Time(s): 320682.154087
  F-Iteration: 10 	MC-Sweep: 100000 	Time(s): 322181.306799
  F-Iteration: 10 	MC-Sweep: 110000 	Time(s): 323660.949617
  F-Iteration: 10 	MC-Sweep: 120000 	Time(s): 325130.599115
  F-Iteration: 10 	MC-Sweep: 130000 	Time(s): 326605.877023
  F-Iteration: 10 	MC-Sweep: 140000 	Time(s): 328078.493618
  F-Iteration: 10 	MC-Sweep: 150000 	Time(s): 329527.193420
  F-Iteration: 10 	MC-Sweep: 160000 	Time(s): 330970.593590
  F-Iteration: 10 	MC-Sweep: 170000 	Time(s): 332415.739904
  F-Iteration: 10 	MC-Sweep: 180000 	Time(s): 333888.445764
  F-Iteration: 10 	MC-Sweep: 190000 	Time(s): 335352.012460
  F-Iteration: 10 	MC-Sweep: 200000 	Time(s): 336791.358822
  F-Iteration: 10 	MC-Sweep: 210000 	Time(s): 338258.307881
  F-Iteration: 10 	MC-Sweep: 220000 	Time(s): 339770.658242
  F-Iteration: 10 	MC-Sweep: 230000 	Time(s): 341281.803000
  F-Iteration: 10 	MC-Sweep: 240000 	Time(s): 342770.971499
  F-Iteration: 10 	MC-Sweep: 250000 	Time(s): 344269.146781
  F-Iteration: 10 	MC-Sweep: 260000 	Time(s): 345768.701383
  F-Iteration: 10 	MC-Sweep: 270000 	Time(s): 347270.755914
  F-Iteration: 10 	MC-Sweep: 280000 	Time(s): 348733.179400
  F-Iteration: 10 	MC-Sweep: 290000 	Time(s): 350185.036903
  F-Iteration: 10 	MC-Sweep: 300000 	Time(s): 351635.191790
  F-Iteration: 10 	MC-Sweep: 310000 	Time(s): 353112.258155
  F-Iteration: 10 	MC-Sweep: 320000 	Time(s): 354591.117404
  F-Iteration: 10 	MC-Sweep: 327500 	Time(s): 355651.271984
  Cumulative number of energy calculations: 2435714
  F-Iteration: 11 	F = 1.000488
  F-Iteration: 11 	MC-Sweep: 0 	Time(s): 355651.783474
  F-Iteration: 11 	MC-Sweep: 10000 	Time(s): 357105.849343
  F-Iteration: 11 	MC-Sweep: 20000 	Time(s): 358527.601587
  F-Iteration: 11 	MC-Sweep: 30000 	Time(s): 360016.077769
  F-Iteration: 11 	MC-Sweep: 40000 	Time(s): 361500.784132
  F-Iteration: 11 	MC-Sweep: 50000 	Time(s): 362986.163832
  F-Iteration: 11 	MC-Sweep: 60000 	Time(s): 364462.769684
  F-Iteration: 11 	MC-Sweep: 70000 	Time(s): 365907.030251
  F-Iteration: 11 	MC-Sweep: 80000 	Time(s): 367392.216461
  F-Iteration: 11 	MC-Sweep: 90000 	Time(s): 368886.270494
  F-Iteration: 11 	MC-Sweep: 100000 	Time(s): 370370.632240
  F-Iteration: 11 	MC-Sweep: 110000 	Time(s): 371819.185313
  F-Iteration: 11 	MC-Sweep: 120000 	Time(s): 373290.956923
  F-Iteration: 11 	MC-Sweep: 130000 	Time(s): 374755.092121
  F-Iteration: 11 	MC-Sweep: 140000 	Time(s): 376180.079692
  F-Iteration: 11 	MC-Sweep: 150000 	Time(s): 377662.696130
  F-Iteration: 11 	MC-Sweep: 160000 	Time(s): 379138.168918
  F-Iteration: 11 	MC-Sweep: 170000 	Time(s): 380585.848382
  F-Iteration: 11 	MC-Sweep: 180000 	Time(s): 382025.070460
  F-Iteration: 11 	MC-Sweep: 190000 	Time(s): 383514.647212
  F-Iteration: 11 	MC-Sweep: 198200 	Time(s): 384724.916744
  Cumulative number of energy calculations: 2633915
  F-Iteration: 12 	F = 1.000244
  F-Iteration: 12 	MC-Sweep: 0 	Time(s): 384725.463155
  F-Iteration: 12 	MC-Sweep: 10000 	Time(s): 386211.263621
  F-Iteration: 12 	MC-Sweep: 20000 	Time(s): 387700.036243
  F-Iteration: 12 	MC-Sweep: 30000 	Time(s): 389217.705246
  F-Iteration: 12 	MC-Sweep: 40000 	Time(s): 390741.778141
  F-Iteration: 12 	MC-Sweep: 50000 	Time(s): 392253.723835
  F-Iteration: 12 	MC-Sweep: 60000 	Time(s): 393766.591197
  F-Iteration: 12 	MC-Sweep: 70000 	Time(s): 395279.524385
  F-Iteration: 12 	MC-Sweep: 80000 	Time(s): 396802.055342
  F-Iteration: 12 	MC-Sweep: 90000 	Time(s): 398314.942574
  F-Iteration: 12 	MC-Sweep: 100000 	Time(s): 399820.061379
  F-Iteration: 12 	MC-Sweep: 110000 	Time(s): 401314.571606
  F-Iteration: 12 	MC-Sweep: 120000 	Time(s): 402832.225381
  F-Iteration: 12 	MC-Sweep: 130000 	Time(s): 404367.950524
  F-Iteration: 12 	MC-Sweep: 140000 	Time(s): 405877.267410
  F-Iteration: 12 	MC-Sweep: 150000 	Time(s): 407483.037572
  F-Iteration: 12 	MC-Sweep: 160000 	Time(s): 409005.400500
  F-Iteration: 12 	MC-Sweep: 170000 	Time(s): 410535.439255
  F-Iteration: 12 	MC-Sweep: 180000 	Time(s): 412058.810059
  F-Iteration: 12 	MC-Sweep: 190000 	Time(s): 413610.475232
  F-Iteration: 12 	MC-Sweep: 200000 	Time(s): 415147.186088
  F-Iteration: 12 	MC-Sweep: 210000 	Time(s): 416679.999229
  F-Iteration: 12 	MC-Sweep: 220000 	Time(s): 418212.195421
  F-Iteration: 12 	MC-Sweep: 230000 	Time(s): 419743.767103
  F-Iteration: 12 	MC-Sweep: 240000 	Time(s): 421271.487676
  F-Iteration: 12 	MC-Sweep: 250000 	Time(s): 422811.113475
  F-Iteration: 12 	MC-Sweep: 260000 	Time(s): 424312.261282
  F-Iteration: 12 	MC-Sweep: 270000 	Time(s): 425822.957864
  F-Iteration: 12 	MC-Sweep: 280000 	Time(s): 427329.178152
  F-Iteration: 12 	MC-Sweep: 290000 	Time(s): 428846.277722
  F-Iteration: 12 	MC-Sweep: 300000 	Time(s): 430355.916699
  F-Iteration: 12 	MC-Sweep: 310000 	Time(s): 431930.382610
  F-Iteration: 12 	MC-Sweep: 320000 	Time(s): 433463.392478
  F-Iteration: 12 	MC-Sweep: 325200 	Time(s): 434258.127179
  Cumulative number of energy calculations: 2959116
  F-Iteration: 13 	F = 1.000122
  F-Iteration: 13 	MC-Sweep: 0 	Time(s): 434258.911702
  F-Iteration: 13 	MC-Sweep: 10000 	Time(s): 435771.523082
  F-Iteration: 13 	MC-Sweep: 20000 	Time(s): 437284.283514
  F-Iteration: 13 	MC-Sweep: 30000 	Time(s): 438788.139230
  F-Iteration: 13 	MC-Sweep: 40000 	Time(s): 440309.659162
  F-Iteration: 13 	MC-Sweep: 50000 	Time(s): 441828.473428
  F-Iteration: 13 	MC-Sweep: 60000 	Time(s): 443401.741681
  F-Iteration: 13 	MC-Sweep: 70000 	Time(s): 444940.739651
  F-Iteration: 13 	MC-Sweep: 80000 	Time(s): 446524.371264
  F-Iteration: 13 	MC-Sweep: 90000 	Time(s): 448119.144090
  F-Iteration: 13 	MC-Sweep: 100000 	Time(s): 449712.667493
  F-Iteration: 13 	MC-Sweep: 110000 	Time(s): 451267.186691
  F-Iteration: 13 	MC-Sweep: 120000 	Time(s): 452901.080582
  F-Iteration: 13 	MC-Sweep: 130000 	Time(s): 454453.815232
  F-Iteration: 13 	MC-Sweep: 140000 	Time(s): 455910.718647
  F-Iteration: 13 	MC-Sweep: 150000 	Time(s): 457424.057319
  F-Iteration: 13 	MC-Sweep: 160000 	Time(s): 458901.065722
  F-Iteration: 13 	MC-Sweep: 170000 	Time(s): 460371.679660
  F-Iteration: 13 	MC-Sweep: 180000 	Time(s): 461835.955655
  F-Iteration: 13 	MC-Sweep: 190000 	Time(s): 463292.357791
  F-Iteration: 13 	MC-Sweep: 200000 	Time(s): 464762.079040
  F-Iteration: 13 	MC-Sweep: 210000 	Time(s): 466196.717868
  F-Iteration: 13 	MC-Sweep: 220000 	Time(s): 467655.118468
  F-Iteration: 13 	MC-Sweep: 230000 	Time(s): 469117.308695
  F-Iteration: 13 	MC-Sweep: 240000 	Time(s): 470569.177416
  F-Iteration: 13 	MC-Sweep: 250000 	Time(s): 472026.463805
  F-Iteration: 13 	MC-Sweep: 260000 	Time(s): 473482.819556
  F-Iteration: 13 	MC-Sweep: 270000 	Time(s): 474944.508415
  F-Iteration: 13 	MC-Sweep: 280000 	Time(s): 476425.082023
  F-Iteration: 13 	MC-Sweep: 282300 	Time(s): 476760.012789
  Cumulative number of energy calculations: 3241417
  F-Iteration: 14 	F = 1.000061
  F-Iteration: 14 	MC-Sweep: 0 	Time(s): 476760.701759
  F-Iteration: 14 	MC-Sweep: 10000 	Time(s): 478217.941644
  F-Iteration: 14 	MC-Sweep: 20000 	Time(s): 479674.265173
  F-Iteration: 14 	MC-Sweep: 30000 	Time(s): 481124.376377
  F-Iteration: 14 	MC-Sweep: 40000 	Time(s): 482591.400657
  F-Iteration: 14 	MC-Sweep: 50000 	Time(s): 484041.805685
  F-Iteration: 14 	MC-Sweep: 60000 	Time(s): 485511.900892
  F-Iteration: 14 	MC-Sweep: 70000 	Time(s): 486972.707678
  F-Iteration: 14 	MC-Sweep: 80000 	Time(s): 488455.526839
  F-Iteration: 14 	MC-Sweep: 90000 	Time(s): 489921.474162
  F-Iteration: 14 	MC-Sweep: 100000 	Time(s): 491337.825202
  F-Iteration: 14 	MC-Sweep: 110000 	Time(s): 492808.737120
  F-Iteration: 14 	MC-Sweep: 120000 	Time(s): 494302.843080
  F-Iteration: 14 	MC-Sweep: 130000 	Time(s): 495752.405886
  F-Iteration: 14 	MC-Sweep: 140000 	Time(s): 497167.939693
  F-Iteration: 14 	MC-Sweep: 150000 	Time(s): 498656.149500
  F-Iteration: 14 	MC-Sweep: 160000 	Time(s): 500175.790406
  F-Iteration: 14 	MC-Sweep: 170000 	Time(s): 501710.928085
  F-Iteration: 14 	MC-Sweep: 180000 	Time(s): 503214.316519
  F-Iteration: 14 	MC-Sweep: 190000 	Time(s): 504813.980634
  F-Iteration: 14 	MC-Sweep: 200000 	Time(s): 506274.296714
  F-Iteration: 14 	MC-Sweep: 210000 	Time(s): 507740.827197
  F-Iteration: 14 	MC-Sweep: 220000 	Time(s): 509198.012125
  F-Iteration: 14 	MC-Sweep: 230000 	Time(s): 510925.409714
  F-Iteration: 14 	MC-Sweep: 240000 	Time(s): 512543.445906
  F-Iteration: 14 	MC-Sweep: 250000 	Time(s): 514110.566386
  F-Iteration: 14 	MC-Sweep: 260000 	Time(s): 515601.427192
  F-Iteration: 14 	MC-Sweep: 270000 	Time(s): 517236.262048
  F-Iteration: 14 	MC-Sweep: 280000 	Time(s): 518724.416199
  F-Iteration: 14 	MC-Sweep: 290000 	Time(s): 520195.360761
  F-Iteration: 14 	MC-Sweep: 300000 	Time(s): 521659.431091
  F-Iteration: 14 	MC-Sweep: 310000 	Time(s): 523109.495935
  F-Iteration: 14 	MC-Sweep: 320000 	Time(s): 524574.433086
  F-Iteration: 14 	MC-Sweep: 330000 	Time(s): 526097.417314
  F-Iteration: 14 	MC-Sweep: 340000 	Time(s): 527509.797578
  F-Iteration: 14 	MC-Sweep: 350000 	Time(s): 528939.616225
  F-Iteration: 14 	MC-Sweep: 360000 	Time(s): 530370.042756
  F-Iteration: 14 	MC-Sweep: 370000 	Time(s): 531764.224652
  F-Iteration: 14 	MC-Sweep: 380000 	Time(s): 533218.523588
  F-Iteration: 14 	MC-Sweep: 390000 	Time(s): 534684.209151
  F-Iteration: 14 	MC-Sweep: 400000 	Time(s): 536127.318110
  F-Iteration: 14 	MC-Sweep: 410000 	Time(s): 537573.116397
  F-Iteration: 14 	MC-Sweep: 420000 	Time(s): 539018.245330
  F-Iteration: 14 	MC-Sweep: 430000 	Time(s): 540420.696071
  F-Iteration: 14 	MC-Sweep: 440000 	Time(s): 541834.022725
  F-Iteration: 14 	MC-Sweep: 450000 	Time(s): 543226.432506
  F-Iteration: 14 	MC-Sweep: 460000 	Time(s): 544601.190751
  F-Iteration: 14 	MC-Sweep: 470000 	Time(s): 546043.429746
  F-Iteration: 14 	MC-Sweep: 480000 	Time(s): 547476.717662
  F-Iteration: 14 	MC-Sweep: 490000 	Time(s): 548927.383541
  F-Iteration: 14 	MC-Sweep: 500000 	Time(s): 550372.568718
  F-Iteration: 14 	MC-Sweep: 510000 	Time(s): 551813.854123
  F-Iteration: 14 	MC-Sweep: 520000 	Time(s): 553253.664629
  F-Iteration: 14 	MC-Sweep: 530000 	Time(s): 554692.300459
  F-Iteration: 14 	MC-Sweep: 540000 	Time(s): 556148.517336
  F-Iteration: 14 	MC-Sweep: 550000 	Time(s): 557583.858710
  F-Iteration: 14 	MC-Sweep: 560000 	Time(s): 559012.743569
  F-Iteration: 14 	MC-Sweep: 570000 	Time(s): 560464.102189
  F-Iteration: 14 	MC-Sweep: 580000 	Time(s): 561898.990001
  F-Iteration: 14 	MC-Sweep: 590000 	Time(s): 563319.127458
  F-Iteration: 14 	MC-Sweep: 600000 	Time(s): 564723.388541
  F-Iteration: 14 	MC-Sweep: 610000 	Time(s): 566180.473672
  F-Iteration: 14 	MC-Sweep: 620000 	Time(s): 567596.052485
  F-Iteration: 14 	MC-Sweep: 630000 	Time(s): 569015.353818
  F-Iteration: 14 	MC-Sweep: 640000 	Time(s): 570439.879724
  F-Iteration: 14 	MC-Sweep: 650000 	Time(s): 571867.110970
  F-Iteration: 14 	MC-Sweep: 660000 	Time(s): 573243.067866
  F-Iteration: 14 	MC-Sweep: 670000 	Time(s): 574669.208644
  F-Iteration: 14 	MC-Sweep: 680000 	Time(s): 576181.724990
  F-Iteration: 14 	MC-Sweep: 690000 	Time(s): 577732.568963
  F-Iteration: 14 	MC-Sweep: 700000 	Time(s): 579315.914948
  F-Iteration: 14 	MC-Sweep: 710000 	Time(s): 580817.406432
  F-Iteration: 14 	MC-Sweep: 720000 	Time(s): 582329.542298
  F-Iteration: 14 	MC-Sweep: 730000 	Time(s): 583820.140582
  F-Iteration: 14 	MC-Sweep: 740000 	Time(s): 585245.480468
  F-Iteration: 14 	MC-Sweep: 750000 	Time(s): 586698.550365
  F-Iteration: 14 	MC-Sweep: 760000 	Time(s): 588155.474624
  F-Iteration: 14 	MC-Sweep: 770000 	Time(s): 589578.034783
  F-Iteration: 14 	MC-Sweep: 773200 	Time(s): 590015.093953
  Cumulative number of energy calculations: 4014618
  F-Iteration: 15 	F = 1.000031
  F-Iteration: 15 	MC-Sweep: 0 	Time(s): 590015.960694
  F-Iteration: 15 	MC-Sweep: 10000 	Time(s): 591466.795785
  F-Iteration: 15 	MC-Sweep: 20000 	Time(s): 592938.700688
  F-Iteration: 15 	MC-Sweep: 30000 	Time(s): 594437.997488
  F-Iteration: 15 	MC-Sweep: 40000 	Time(s): 595988.963984
  F-Iteration: 15 	MC-Sweep: 50000 	Time(s): 597592.025519
  F-Iteration: 15 	MC-Sweep: 60000 	Time(s): 599106.260117
  F-Iteration: 15 	MC-Sweep: 70000 	Time(s): 600583.950369
  F-Iteration: 15 	MC-Sweep: 80000 	Time(s): 602084.535094
  F-Iteration: 15 	MC-Sweep: 90000 	Time(s): 603583.855083
  F-Iteration: 15 	MC-Sweep: 100000 	Time(s): 605074.977647
  F-Iteration: 15 	MC-Sweep: 110000 	Time(s): 606676.029807
  F-Iteration: 15 	MC-Sweep: 120000 	Time(s): 608143.631634
  F-Iteration: 15 	MC-Sweep: 130000 	Time(s): 609597.404281
  F-Iteration: 15 	MC-Sweep: 140000 	Time(s): 611070.349957
  F-Iteration: 15 	MC-Sweep: 150000 	Time(s): 612527.386673
  F-Iteration: 15 	MC-Sweep: 160000 	Time(s): 613966.830769
  F-Iteration: 15 	MC-Sweep: 170000 	Time(s): 615400.657977
  F-Iteration: 15 	MC-Sweep: 180000 	Time(s): 616862.715032
  F-Iteration: 15 	MC-Sweep: 190000 	Time(s): 618300.196440
  F-Iteration: 15 	MC-Sweep: 200000 	Time(s): 619788.117283
  F-Iteration: 15 	MC-Sweep: 210000 	Time(s): 621291.842324
  F-Iteration: 15 	MC-Sweep: 220000 	Time(s): 622777.316811
  F-Iteration: 15 	MC-Sweep: 230000 	Time(s): 624283.670377
  F-Iteration: 15 	MC-Sweep: 240000 	Time(s): 626072.392154
  F-Iteration: 15 	MC-Sweep: 250000 	Time(s): 627870.009317
  F-Iteration: 15 	MC-Sweep: 260000 	Time(s): 629594.256671
  F-Iteration: 15 	MC-Sweep: 270000 	Time(s): 631311.992347
  F-Iteration: 15 	MC-Sweep: 280000 	Time(s): 632933.707056
  F-Iteration: 15 	MC-Sweep: 290000 	Time(s): 634325.356650
  F-Iteration: 15 	MC-Sweep: 300000 	Time(s): 635745.905749
  F-Iteration: 15 	MC-Sweep: 310000 	Time(s): 637171.753681
  F-Iteration: 15 	MC-Sweep: 320000 	Time(s): 638583.511230
  F-Iteration: 15 	MC-Sweep: 330000 	Time(s): 640008.654804
  F-Iteration: 15 	MC-Sweep: 340000 	Time(s): 641420.803303
  F-Iteration: 15 	MC-Sweep: 350000 	Time(s): 642850.750401
  F-Iteration: 15 	MC-Sweep: 360000 	Time(s): 644266.383916
  F-Iteration: 15 	MC-Sweep: 370000 	Time(s): 645694.047356
  F-Iteration: 15 	MC-Sweep: 380000 	Time(s): 647110.795597
  F-Iteration: 15 	MC-Sweep: 390000 	Time(s): 648538.443635
  F-Iteration: 15 	MC-Sweep: 400000 	Time(s): 649989.772460
  F-Iteration: 15 	MC-Sweep: 410000 	Time(s): 651457.823101
  F-Iteration: 15 	MC-Sweep: 420000 	Time(s): 652926.301798
  F-Iteration: 15 	MC-Sweep: 430000 	Time(s): 654391.210463
  F-Iteration: 15 	MC-Sweep: 440000 	Time(s): 655875.857172
  F-Iteration: 15 	MC-Sweep: 450000 	Time(s): 657346.069333
  F-Iteration: 15 	MC-Sweep: 460000 	Time(s): 658898.611438
  F-Iteration: 15 	MC-Sweep: 470000 	Time(s): 660309.364557
  F-Iteration: 15 	MC-Sweep: 480000 	Time(s): 661760.943796
  F-Iteration: 15 	MC-Sweep: 490000 	Time(s): 663234.611363
  F-Iteration: 15 	MC-Sweep: 500000 	Time(s): 664756.049306
  F-Iteration: 15 	MC-Sweep: 510000 	Time(s): 666287.550198
  F-Iteration: 15 	MC-Sweep: 520000 	Time(s): 667809.590711
  F-Iteration: 15 	MC-Sweep: 530000 	Time(s): 669312.260727
  F-Iteration: 15 	MC-Sweep: 540000 	Time(s): 670814.164079
  F-Iteration: 15 	MC-Sweep: 550000 	Time(s): 672319.404188
  F-Iteration: 15 	MC-Sweep: 560000 	Time(s): 673842.520128
  F-Iteration: 15 	MC-Sweep: 570000 	Time(s): 675370.912052
  F-Iteration: 15 	MC-Sweep: 580000 	Time(s): 676837.524526
  F-Iteration: 15 	MC-Sweep: 590000 	Time(s): 678297.308045
  F-Iteration: 15 	MC-Sweep: 600000 	Time(s): 679720.976029
  F-Iteration: 15 	MC-Sweep: 610000 	Time(s): 681220.546971
  F-Iteration: 15 	MC-Sweep: 620000 	Time(s): 682688.649265
  F-Iteration: 15 	MC-Sweep: 630000 	Time(s): 684204.386555
  F-Iteration: 15 	MC-Sweep: 640000 	Time(s): 685712.120028
  F-Iteration: 15 	MC-Sweep: 650000 	Time(s): 687212.496393
  F-Iteration: 15 	MC-Sweep: 660000 	Time(s): 688665.511851
  F-Iteration: 15 	MC-Sweep: 670000 	Time(s): 690118.702403
  F-Iteration: 15 	MC-Sweep: 680000 	Time(s): 691594.023450
  F-Iteration: 15 	MC-Sweep: 690000 	Time(s): 693365.844187
  F-Iteration: 15 	MC-Sweep: 700000 	Time(s): 694947.418972
  F-Iteration: 15 	MC-Sweep: 710000 	Time(s): 696520.766295
  F-Iteration: 15 	MC-Sweep: 720000 	Time(s): 698226.614381
  F-Iteration: 15 	MC-Sweep: 730000 	Time(s): 700083.559937
  F-Iteration: 15 	MC-Sweep: 740000 	Time(s): 701928.721367
  F-Iteration: 15 	MC-Sweep: 750000 	Time(s): 703781.239892
  F-Iteration: 15 	MC-Sweep: 760000 	Time(s): 705641.142568
  F-Iteration: 15 	MC-Sweep: 770000 	Time(s): 707453.709964
  F-Iteration: 15 	MC-Sweep: 780000 	Time(s): 709287.939949
  F-Iteration: 15 	MC-Sweep: 790000 	Time(s): 711123.447323
  F-Iteration: 15 	MC-Sweep: 800000 	Time(s): 712979.255789
  F-Iteration: 15 	MC-Sweep: 810000 	Time(s): 714787.680952
  F-Iteration: 15 	MC-Sweep: 820000 	Time(s): 716610.222293
  F-Iteration: 15 	MC-Sweep: 830000 	Time(s): 718269.232381
  F-Iteration: 15 	MC-Sweep: 840000 	Time(s): 719802.649575
  F-Iteration: 15 	MC-Sweep: 850000 	Time(s): 721376.334036
  F-Iteration: 15 	MC-Sweep: 860000 	Time(s): 722858.182475
  F-Iteration: 15 	MC-Sweep: 870000 	Time(s): 724236.702222
  F-Iteration: 15 	MC-Sweep: 880000 	Time(s): 725667.773609
  F-Iteration: 15 	MC-Sweep: 890000 	Time(s): 727099.333658
  F-Iteration: 15 	MC-Sweep: 900000 	Time(s): 728544.659393
  F-Iteration: 15 	MC-Sweep: 910000 	Time(s): 729939.612733
  F-Iteration: 15 	MC-Sweep: 920000 	Time(s): 731372.144688
  F-Iteration: 15 	MC-Sweep: 930000 	Time(s): 732794.123618
  F-Iteration: 15 	MC-Sweep: 940000 	Time(s): 734214.286747
  F-Iteration: 15 	MC-Sweep: 950000 	Time(s): 735656.492646
  F-Iteration: 15 	MC-Sweep: 960000 	Time(s): 737064.454102
  F-Iteration: 15 	MC-Sweep: 970000 	Time(s): 738504.070472
  F-Iteration: 15 	MC-Sweep: 980000 	Time(s): 739920.934476
  F-Iteration: 15 	MC-Sweep: 990000 	Time(s): 741324.988566
  F-Iteration: 15 	MC-Sweep: 1000000 	Time(s): 742747.919027
  F-Iteration: 15 	MC-Sweep: 1010000 	Time(s): 744197.941163
  F-Iteration: 15 	MC-Sweep: 1020000 	Time(s): 745644.775847
  F-Iteration: 15 	MC-Sweep: 1030000 	Time(s): 747095.464136
  F-Iteration: 15 	MC-Sweep: 1040000 	Time(s): 748564.953950
  F-Iteration: 15 	MC-Sweep: 1050000 	Time(s): 750001.520148
  F-Iteration: 15 	MC-Sweep: 1060000 	Time(s): 751456.904227
  F-Iteration: 15 	MC-Sweep: 1070000 	Time(s): 752936.667701
  F-Iteration: 15 	MC-Sweep: 1080000 	Time(s): 754434.058458
  F-Iteration: 15 	MC-Sweep: 1090000 	Time(s): 755883.467993
  F-Iteration: 15 	MC-Sweep: 1100000 	Time(s): 757334.213191
  F-Iteration: 15 	MC-Sweep: 1110000 	Time(s): 758778.379224
  F-Iteration: 15 	MC-Sweep: 1120000 	Time(s): 760249.772316
  F-Iteration: 15 	MC-Sweep: 1130000 	Time(s): 761703.330037
  F-Iteration: 15 	MC-Sweep: 1140000 	Time(s): 763155.790149
  F-Iteration: 15 	MC-Sweep: 1150000 	Time(s): 764608.624313
  F-Iteration: 15 	MC-Sweep: 1160000 	Time(s): 766040.003152
  F-Iteration: 15 	MC-Sweep: 1170000 	Time(s): 767499.449333
  F-Iteration: 15 	MC-Sweep: 1180000 	Time(s): 768938.416536
  F-Iteration: 15 	MC-Sweep: 1190000 	Time(s): 770366.536684
  F-Iteration: 15 	MC-Sweep: 1200000 	Time(s): 771796.773952
  F-Iteration: 15 	MC-Sweep: 1210000 	Time(s): 773337.548254
  F-Iteration: 15 	MC-Sweep: 1220000 	Time(s): 774801.974779
  F-Iteration: 15 	MC-Sweep: 1230000 	Time(s): 776276.690848
  F-Iteration: 15 	MC-Sweep: 1240000 	Time(s): 777798.095977
  F-Iteration: 15 	MC-Sweep: 1250000 	Time(s): 779275.605045
  F-Iteration: 15 	MC-Sweep: 1260000 	Time(s): 780779.038304
  F-Iteration: 15 	MC-Sweep: 1270000 	Time(s): 782525.979744
  F-Iteration: 15 	MC-Sweep: 1280000 	Time(s): 784191.296114
  F-Iteration: 15 	MC-Sweep: 1290000 	Time(s): 785753.511896
  F-Iteration: 15 	MC-Sweep: 1300000 	Time(s): 787249.821263
  F-Iteration: 15 	MC-Sweep: 1310000 	Time(s): 788701.032073
  F-Iteration: 15 	MC-Sweep: 1320000 	Time(s): 790117.793572
  F-Iteration: 15 	MC-Sweep: 1330000 	Time(s): 791577.235988
  F-Iteration: 15 	MC-Sweep: 1340000 	Time(s): 793029.544340
  F-Iteration: 15 	MC-Sweep: 1350000 	Time(s): 794453.103921
  F-Iteration: 15 	MC-Sweep: 1360000 	Time(s): 795853.805165
  F-Iteration: 15 	MC-Sweep: 1370000 	Time(s): 797262.299278
  F-Iteration: 15 	MC-Sweep: 1380000 	Time(s): 798673.437307
  F-Iteration: 15 	MC-Sweep: 1390000 	Time(s): 800101.771620
  F-Iteration: 15 	MC-Sweep: 1400000 	Time(s): 801545.156814
  F-Iteration: 15 	MC-Sweep: 1410000 	Time(s): 802968.376664
  F-Iteration: 15 	MC-Sweep: 1420000 	Time(s): 804411.122159
  F-Iteration: 15 	MC-Sweep: 1430000 	Time(s): 805848.199973
  F-Iteration: 15 	MC-Sweep: 1440000 	Time(s): 807254.980515
  F-Iteration: 15 	MC-Sweep: 1450000 	Time(s): 808677.090676
  F-Iteration: 15 	MC-Sweep: 1460000 	Time(s): 810081.144668
  F-Iteration: 15 	MC-Sweep: 1470000 	Time(s): 811464.464499
  F-Iteration: 15 	MC-Sweep: 1480000 	Time(s): 812876.772753
  F-Iteration: 15 	MC-Sweep: 1490000 	Time(s): 814285.475806
  F-Iteration: 15 	MC-Sweep: 1500000 	Time(s): 815704.345326
  F-Iteration: 15 	MC-Sweep: 1510000 	Time(s): 817085.993794
  F-Iteration: 15 	MC-Sweep: 1520000 	Time(s): 818504.493155
  F-Iteration: 15 	MC-Sweep: 1530000 	Time(s): 819901.889431
  F-Iteration: 15 	MC-Sweep: 1540000 	Time(s): 821258.263444
  F-Iteration: 15 	MC-Sweep: 1550000 	Time(s): 822658.241706
  F-Iteration: 15 	MC-Sweep: 1560000 	Time(s): 824082.751058
  F-Iteration: 15 	MC-Sweep: 1570000 	Time(s): 825492.779980
  F-Iteration: 15 	MC-Sweep: 1580000 	Time(s): 826983.635380
  F-Iteration: 15 	MC-Sweep: 1590000 	Time(s): 828499.591586
  F-Iteration: 15 	MC-Sweep: 1600000 	Time(s): 830043.811336
  F-Iteration: 15 	MC-Sweep: 1610000 	Time(s): 831572.110318
  F-Iteration: 15 	MC-Sweep: 1620000 	Time(s): 833115.927745
  F-Iteration: 15 	MC-Sweep: 1630000 	Time(s): 834644.115508
  F-Iteration: 15 	MC-Sweep: 1640000 	Time(s): 836303.902475
  F-Iteration: 15 	MC-Sweep: 1650000 	Time(s): 837872.561310
  F-Iteration: 15 	MC-Sweep: 1660000 	Time(s): 839449.658452
  F-Iteration: 15 	MC-Sweep: 1670000 	Time(s): 841019.428619
  F-Iteration: 15 	MC-Sweep: 1680000 	Time(s): 842552.648003
  F-Iteration: 15 	MC-Sweep: 1690000 	Time(s): 844077.038756
  F-Iteration: 15 	MC-Sweep: 1700000 	Time(s): 845627.973584
  F-Iteration: 15 	MC-Sweep: 1710000 	Time(s): 847178.480577
  F-Iteration: 15 	MC-Sweep: 1720000 	Time(s): 848713.721380
  F-Iteration: 15 	MC-Sweep: 1730000 	Time(s): 850207.091933
  F-Iteration: 15 	MC-Sweep: 1740000 	Time(s): 851681.229010
  F-Iteration: 15 	MC-Sweep: 1750000 	Time(s): 853131.201408
  F-Iteration: 15 	MC-Sweep: 1760000 	Time(s): 854570.436914
  F-Iteration: 15 	MC-Sweep: 1770000 	Time(s): 855975.902180
  F-Iteration: 15 	MC-Sweep: 1780000 	Time(s): 857482.205256
  F-Iteration: 15 	MC-Sweep: 1790000 	Time(s): 858982.203986
  F-Iteration: 15 	MC-Sweep: 1800000 	Time(s): 860476.571490
  F-Iteration: 15 	MC-Sweep: 1810000 	Time(s): 861954.616041
  F-Iteration: 15 	MC-Sweep: 1820000 	Time(s): 863438.077505
  F-Iteration: 15 	MC-Sweep: 1830000 	Time(s): 864893.858709
  F-Iteration: 15 	MC-Sweep: 1840000 	Time(s): 866381.551207
  F-Iteration: 15 	MC-Sweep: 1850000 	Time(s): 867850.874041
  F-Iteration: 15 	MC-Sweep: 1860000 	Time(s): 869288.984155
  F-Iteration: 15 	MC-Sweep: 1870000 	Time(s): 870731.494743
  F-Iteration: 15 	MC-Sweep: 1880000 	Time(s): 872160.437606
  F-Iteration: 15 	MC-Sweep: 1890000 	Time(s): 873594.942322
  F-Iteration: 15 	MC-Sweep: 1900000 	Time(s): 875009.428482
  F-Iteration: 15 	MC-Sweep: 1910000 	Time(s): 876489.609230
  F-Iteration: 15 	MC-Sweep: 1920000 	Time(s): 877880.161852
  F-Iteration: 15 	MC-Sweep: 1930000 	Time(s): 879325.714321
  F-Iteration: 15 	MC-Sweep: 1940000 	Time(s): 880756.013442
  F-Iteration: 15 	MC-Sweep: 1950000 	Time(s): 882196.307099
  F-Iteration: 15 	MC-Sweep: 1960000 	Time(s): 883643.887161
  F-Iteration: 15 	MC-Sweep: 1970000 	Time(s): 885049.671055
  F-Iteration: 15 	MC-Sweep: 1980000 	Time(s): 886476.161388
  F-Iteration: 15 	MC-Sweep: 1990000 	Time(s): 887917.328684
  F-Iteration: 15 	MC-Sweep: 2000000 	Time(s): 889320.854298
  F-Iteration: 15 	MC-Sweep: 2010000 	Time(s): 890784.183305
  F-Iteration: 15 	MC-Sweep: 2020000 	Time(s): 892147.895712
  F-Iteration: 15 	MC-Sweep: 2030000 	Time(s): 893592.102917
  F-Iteration: 15 	MC-Sweep: 2040000 	Time(s): 895011.049426
  F-Iteration: 15 	MC-Sweep: 2050000 	Time(s): 896400.324534
  F-Iteration: 15 	MC-Sweep: 2060000 	Time(s): 897814.925260
  F-Iteration: 15 	MC-Sweep: 2070000 	Time(s): 899255.384762
  F-Iteration: 15 	MC-Sweep: 2080000 	Time(s): 900715.654525
  F-Iteration: 15 	MC-Sweep: 2090000 	Time(s): 902135.799242
  F-Iteration: 15 	MC-Sweep: 2100000 	Time(s): 903614.306780
  F-Iteration: 15 	MC-Sweep: 2110000 	Time(s): 905022.193984
  F-Iteration: 15 	MC-Sweep: 2120000 	Time(s): 906442.605889
  F-Iteration: 15 	MC-Sweep: 2130000 	Time(s): 907888.496118
  F-Iteration: 15 	MC-Sweep: 2140000 	Time(s): 909378.590158
  F-Iteration: 15 	MC-Sweep: 2150000 	Time(s): 910871.822268
  F-Iteration: 15 	MC-Sweep: 2160000 	Time(s): 912360.353196
  F-Iteration: 15 	MC-Sweep: 2170000 	Time(s): 913843.908833
  F-Iteration: 15 	MC-Sweep: 2180000 	Time(s): 915295.304479
  F-Iteration: 15 	MC-Sweep: 2190000 	Time(s): 916672.670867
  F-Iteration: 15 	MC-Sweep: 2200000 	Time(s): 918134.542664
  F-Iteration: 15 	MC-Sweep: 2210000 	Time(s): 919548.603344
  F-Iteration: 15 	MC-Sweep: 2220000 	Time(s): 920947.585099
  F-Iteration: 15 	MC-Sweep: 2230000 	Time(s): 922376.086482
  F-Iteration: 15 	MC-Sweep: 2240000 	Time(s): 923820.173352
  F-Iteration: 15 	MC-Sweep: 2250000 	Time(s): 925283.879110
  F-Iteration: 15 	MC-Sweep: 2260000 	Time(s): 926683.179786
  F-Iteration: 15 	MC-Sweep: 2270000 	Time(s): 928159.175450
  F-Iteration: 15 	MC-Sweep: 2280000 	Time(s): 929582.443593
  F-Iteration: 15 	MC-Sweep: 2290000 	Time(s): 931074.157119
  F-Iteration: 15 	MC-Sweep: 2300000 	Time(s): 932501.642298
  F-Iteration: 15 	MC-Sweep: 2310000 	Time(s): 933903.010254
  F-Iteration: 15 	MC-Sweep: 2320000 	Time(s): 935369.706697
  F-Iteration: 15 	MC-Sweep: 2330000 	Time(s): 936800.698475
  F-Iteration: 15 	MC-Sweep: 2340000 	Time(s): 938252.348939
  F-Iteration: 15 	MC-Sweep: 2350000 	Time(s): 939712.183555
  F-Iteration: 15 	MC-Sweep: 2360000 	Time(s): 941162.967230
  F-Iteration: 15 	MC-Sweep: 2370000 	Time(s): 942645.747790
  F-Iteration: 15 	MC-Sweep: 2380000 	Time(s): 944109.597270
  F-Iteration: 15 	MC-Sweep: 2390000 	Time(s): 945591.320886
  F-Iteration: 15 	MC-Sweep: 2400000 	Time(s): 947030.043153
  F-Iteration: 15 	MC-Sweep: 2410000 	Time(s): 948532.883469
  F-Iteration: 15 	MC-Sweep: 2420000 	Time(s): 950023.333258
  F-Iteration: 15 	MC-Sweep: 2430000 	Time(s): 951507.484171
  F-Iteration: 15 	MC-Sweep: 2440000 	Time(s): 953044.583354
  F-Iteration: 15 	MC-Sweep: 2450000 	Time(s): 954564.506634
  F-Iteration: 15 	MC-Sweep: 2460000 	Time(s): 956072.640710
  F-Iteration: 15 	MC-Sweep: 2470000 	Time(s): 957569.963027
  F-Iteration: 15 	MC-Sweep: 2480000 	Time(s): 959067.134542
  F-Iteration: 15 	MC-Sweep: 2490000 	Time(s): 960584.078628
  F-Iteration: 15 	MC-Sweep: 2500000 	Time(s): 962101.119940
  F-Iteration: 15 	MC-Sweep: 2510000 	Time(s): 963593.644834
  F-Iteration: 15 	MC-Sweep: 2520000 	Time(s): 965118.189507
  F-Iteration: 15 	MC-Sweep: 2530000 	Time(s): 966559.113619
  F-Iteration: 15 	MC-Sweep: 2540000 	Time(s): 967964.467881
  F-Iteration: 15 	MC-Sweep: 2550000 	Time(s): 969388.057123
  F-Iteration: 15 	MC-Sweep: 2560000 	Time(s): 970715.072376
  F-Iteration: 15 	MC-Sweep: 2570000 	Time(s): 972165.487634
  F-Iteration: 15 	MC-Sweep: 2580000 	Time(s): 973620.455701
  F-Iteration: 15 	MC-Sweep: 2590000 	Time(s): 974985.864565
  F-Iteration: 15 	MC-Sweep: 2600000 	Time(s): 976426.354256
  F-Iteration: 15 	MC-Sweep: 2610000 	Time(s): 977898.164469
  F-Iteration: 15 	MC-Sweep: 2620000 	Time(s): 979337.679295
  F-Iteration: 15 	MC-Sweep: 2630000 	Time(s): 980802.316345
  F-Iteration: 15 	MC-Sweep: 2640000 	Time(s): 982274.286051
  F-Iteration: 15 	MC-Sweep: 2650000 	Time(s): 983718.344229
  F-Iteration: 15 	MC-Sweep: 2660000 	Time(s): 985146.564308
  F-Iteration: 15 	MC-Sweep: 2670000 	Time(s): 986594.793963
  F-Iteration: 15 	MC-Sweep: 2680000 	Time(s): 988036.845240
  F-Iteration: 15 	MC-Sweep: 2690000 	Time(s): 989461.408166
  F-Iteration: 15 	MC-Sweep: 2700000 	Time(s): 990927.565928
  F-Iteration: 15 	MC-Sweep: 2710000 	Time(s): 992386.407021
  F-Iteration: 15 	MC-Sweep: 2720000 	Time(s): 993848.439509
  F-Iteration: 15 	MC-Sweep: 2730000 	Time(s): 995330.105125
  F-Iteration: 15 	MC-Sweep: 2740000 	Time(s): 996801.036778
  F-Iteration: 15 	MC-Sweep: 2750000 	Time(s): 998287.966973
  F-Iteration: 15 	MC-Sweep: 2760000 	Time(s): 999800.518088
  F-Iteration: 15 	MC-Sweep: 2770000 	Time(s): 1001269.344400
  F-Iteration: 15 	MC-Sweep: 2780000 	Time(s): 1002777.326234
  F-Iteration: 15 	MC-Sweep: 2790000 	Time(s): 1004259.170436
  F-Iteration: 15 	MC-Sweep: 2800000 	Time(s): 1005741.986160
  F-Iteration: 15 	MC-Sweep: 2810000 	Time(s): 1007226.219795
  F-Iteration: 15 	MC-Sweep: 2820000 	Time(s): 1008724.842079
  F-Iteration: 15 	MC-Sweep: 2830000 	Time(s): 1010261.998604
  F-Iteration: 15 	MC-Sweep: 2840000 	Time(s): 1011758.816008
  F-Iteration: 15 	MC-Sweep: 2850000 	Time(s): 1013256.979745
  F-Iteration: 15 	MC-Sweep: 2860000 	Time(s): 1014816.575370
  F-Iteration: 15 	MC-Sweep: 2870000 	Time(s): 1016357.349820
  F-Iteration: 15 	MC-Sweep: 2880000 	Time(s): 1017884.367768
  F-Iteration: 15 	MC-Sweep: 2890000 	Time(s): 1019459.222780
  F-Iteration: 15 	MC-Sweep: 2900000 	Time(s): 1021076.182116
  F-Iteration: 15 	MC-Sweep: 2910000 	Time(s): 1022532.480052
  F-Iteration: 15 	MC-Sweep: 2920000 	Time(s): 1023972.779259
  F-Iteration: 15 	MC-Sweep: 2930000 	Time(s): 1025396.508110
  F-Iteration: 15 	MC-Sweep: 2940000 	Time(s): 1026928.632360
  F-Iteration: 15 	MC-Sweep: 2950000 	Time(s): 1028444.656945
  F-Iteration: 15 	MC-Sweep: 2960000 	Time(s): 1029948.871241
  F-Iteration: 15 	MC-Sweep: 2970000 	Time(s): 1031467.811733
  F-Iteration: 15 	MC-Sweep: 2980000 	Time(s): 1032987.400126
  F-Iteration: 15 	MC-Sweep: 2990000 	Time(s): 1034468.859345
  F-Iteration: 15 	MC-Sweep: 3000000 	Time(s): 1035972.492473
  F-Iteration: 15 	MC-Sweep: 3010000 	Time(s): 1037488.394292
  F-Iteration: 15 	MC-Sweep: 3020000 	Time(s): 1038959.241624
  F-Iteration: 15 	MC-Sweep: 3030000 	Time(s): 1040470.521680
  F-Iteration: 15 	MC-Sweep: 3040000 	Time(s): 1042029.842767
  F-Iteration: 15 	MC-Sweep: 3050000 	Time(s): 1043553.923967
  F-Iteration: 15 	MC-Sweep: 3060000 	Time(s): 1045042.932418
  F-Iteration: 15 	MC-Sweep: 3070000 	Time(s): 1046477.275384
  F-Iteration: 15 	MC-Sweep: 3080000 	Time(s): 1047868.186706
  F-Iteration: 15 	MC-Sweep: 3090000 	Time(s): 1049300.317474
  F-Iteration: 15 	MC-Sweep: 3100000 	Time(s): 1050747.696868
  F-Iteration: 15 	MC-Sweep: 3110000 	Time(s): 1052181.006764
  F-Iteration: 15 	MC-Sweep: 3120000 	Time(s): 1053687.128841
  F-Iteration: 15 	MC-Sweep: 3130000 	Time(s): 1055112.288889
  F-Iteration: 15 	MC-Sweep: 3140000 	Time(s): 1056557.107363
  F-Iteration: 15 	MC-Sweep: 3150000 	Time(s): 1057936.986812
  F-Iteration: 15 	MC-Sweep: 3160000 	Time(s): 1059275.295568
  F-Iteration: 15 	MC-Sweep: 3170000 	Time(s): 1060734.763189
  F-Iteration: 15 	MC-Sweep: 3180000 	Time(s): 1062160.092565
  F-Iteration: 15 	MC-Sweep: 3190000 	Time(s): 1063600.278016
  F-Iteration: 15 	MC-Sweep: 3200000 	Time(s): 1065019.979985
  F-Iteration: 15 	MC-Sweep: 3210000 	Time(s): 1066489.852639
  F-Iteration: 15 	MC-Sweep: 3220000 	Time(s): 1067995.182638
  F-Iteration: 15 	MC-Sweep: 3230000 	Time(s): 1069290.438672
  F-Iteration: 15 	MC-Sweep: 3240000 	Time(s): 1070749.335326
  F-Iteration: 15 	MC-Sweep: 3250000 	Time(s): 1072212.677999
  F-Iteration: 15 	MC-Sweep: 3260000 	Time(s): 1073674.638520
  F-Iteration: 15 	MC-Sweep: 3270000 	Time(s): 1075123.470439
  F-Iteration: 15 	MC-Sweep: 3280000 	Time(s): 1076592.754557
  F-Iteration: 15 	MC-Sweep: 3290000 	Time(s): 1078067.855492
  F-Iteration: 15 	MC-Sweep: 3300000 	Time(s): 1079536.422914
  F-Iteration: 15 	MC-Sweep: 3310000 	Time(s): 1080996.077066
  F-Iteration: 15 	MC-Sweep: 3320000 	Time(s): 1082476.785980
  F-Iteration: 15 	MC-Sweep: 3330000 	Time(s): 1083953.767056
  F-Iteration: 15 	MC-Sweep: 3340000 	Time(s): 1085438.558294
  F-Iteration: 15 	MC-Sweep: 3350000 	Time(s): 1086890.075472
  F-Iteration: 15 	MC-Sweep: 3360000 	Time(s): 1088332.331901
  F-Iteration: 15 	MC-Sweep: 3370000 	Time(s): 1089841.520692
  F-Iteration: 15 	MC-Sweep: 3380000 	Time(s): 1091331.204470
  F-Iteration: 15 	MC-Sweep: 3390000 	Time(s): 1092890.545121
  F-Iteration: 15 	MC-Sweep: 3400000 	Time(s): 1094439.179137
  F-Iteration: 15 	MC-Sweep: 3410000 	Time(s): 1095936.447450
  F-Iteration: 15 	MC-Sweep: 3420000 	Time(s): 1097415.075482
  F-Iteration: 15 	MC-Sweep: 3430000 	Time(s): 1098871.958278
  F-Iteration: 15 	MC-Sweep: 3440000 	Time(s): 1100465.368492
  F-Iteration: 15 	MC-Sweep: 3450000 	Time(s): 1101940.936838
  F-Iteration: 15 	MC-Sweep: 3460000 	Time(s): 1103404.629568
  F-Iteration: 15 	MC-Sweep: 3470000 	Time(s): 1104928.423640
  F-Iteration: 15 	MC-Sweep: 3480000 	Time(s): 1106445.074379
  F-Iteration: 15 	MC-Sweep: 3490000 	Time(s): 1107839.964086
  F-Iteration: 15 	MC-Sweep: 3500000 	Time(s): 1109342.213262
  F-Iteration: 15 	MC-Sweep: 3510000 	Time(s): 1110831.780928
  F-Iteration: 15 	MC-Sweep: 3520000 	Time(s): 1112288.988866
  F-Iteration: 15 	MC-Sweep: 3530000 	Time(s): 1113723.741825
  F-Iteration: 15 	MC-Sweep: 3540000 	Time(s): 1115340.032022
  F-Iteration: 15 	MC-Sweep: 3550000 	Time(s): 1116983.316775
  F-Iteration: 15 	MC-Sweep: 3560000 	Time(s): 1118737.426020
  F-Iteration: 15 	MC-Sweep: 3570000 	Time(s): 1120608.467485
  F-Iteration: 15 	MC-Sweep: 3580000 	Time(s): 1122367.581506
  F-Iteration: 15 	MC-Sweep: 3590000 	Time(s): 1124060.337710
  F-Iteration: 15 	MC-Sweep: 3600000 	Time(s): 1125750.779189
  F-Iteration: 15 	MC-Sweep: 3610000 	Time(s): 1127384.274962
  F-Iteration: 15 	MC-Sweep: 3620000 	Time(s): 1128898.895106
  F-Iteration: 15 	MC-Sweep: 3630000 	Time(s): 1130462.959780
  F-Iteration: 15 	MC-Sweep: 3640000 	Time(s): 1132054.804425
  F-Iteration: 15 	MC-Sweep: 3650000 	Time(s): 1133569.856221
  F-Iteration: 15 	MC-Sweep: 3660000 	Time(s): 1135155.058653
  F-Iteration: 15 	MC-Sweep: 3670000 	Time(s): 1136783.275155
  F-Iteration: 15 	MC-Sweep: 3680000 	Time(s): 1138518.907203
  F-Iteration: 15 	MC-Sweep: 3690000 	Time(s): 1140246.172001
  F-Iteration: 15 	MC-Sweep: 3700000 	Time(s): 1141868.430096
  F-Iteration: 15 	MC-Sweep: 3710000 	Time(s): 1143437.227652
  F-Iteration: 15 	MC-Sweep: 3720000 	Time(s): 1144997.781775
  F-Iteration: 15 	MC-Sweep: 3730000 	Time(s): 1146561.070380
  F-Iteration: 15 	MC-Sweep: 3740000 	Time(s): 1148137.431935
  F-Iteration: 15 	MC-Sweep: 3750000 	Time(s): 1149700.007237
  F-Iteration: 15 	MC-Sweep: 3760000 	Time(s): 1151255.665152
  F-Iteration: 15 	MC-Sweep: 3770000 	Time(s): 1152811.637111
  F-Iteration: 15 	MC-Sweep: 3780000 	Time(s): 1154378.266995
  F-Iteration: 15 	MC-Sweep: 3790000 	Time(s): 1155940.341417
  F-Iteration: 15 	MC-Sweep: 3800000 	Time(s): 1157485.672166
  F-Iteration: 15 	MC-Sweep: 3810000 	Time(s): 1159036.458109
  F-Iteration: 15 	MC-Sweep: 3820000 	Time(s): 1160592.697180
  F-Iteration: 15 	MC-Sweep: 3830000 	Time(s): 1162149.870282
  F-Iteration: 15 	MC-Sweep: 3840000 	Time(s): 1163691.326265
  F-Iteration: 15 	MC-Sweep: 3850000 	Time(s): 1165243.855760
  F-Iteration: 15 	MC-Sweep: 3860000 	Time(s): 1166800.795009
  F-Iteration: 15 	MC-Sweep: 3870000 	Time(s): 1168392.038699
  F-Iteration: 15 	MC-Sweep: 3880000 	Time(s): 1169953.887518
  F-Iteration: 15 	MC-Sweep: 3890000 	Time(s): 1171537.356256
  F-Iteration: 15 	MC-Sweep: 3900000 	Time(s): 1173133.492035
  F-Iteration: 15 	MC-Sweep: 3910000 	Time(s): 1174694.284829
  F-Iteration: 15 	MC-Sweep: 3920000 	Time(s): 1176272.360358
  F-Iteration: 15 	MC-Sweep: 3930000 	Time(s): 1177811.278997
  F-Iteration: 15 	MC-Sweep: 3940000 	Time(s): 1179365.896271
  F-Iteration: 15 	MC-Sweep: 3950000 	Time(s): 1180897.565001
  F-Iteration: 15 	MC-Sweep: 3960000 	Time(s): 1182446.184697
  F-Iteration: 15 	MC-Sweep: 3970000 	Time(s): 1184012.703496
  F-Iteration: 15 	MC-Sweep: 3980000 	Time(s): 1185650.496364
  F-Iteration: 15 	MC-Sweep: 3990000 	Time(s): 1187178.443910
  F-Iteration: 15 	MC-Sweep: 4000000 	Time(s): 1188667.763246
  F-Iteration: 15 	MC-Sweep: 4010000 	Time(s): 1190227.090502
  F-Iteration: 15 	MC-Sweep: 4020000 	Time(s): 1191789.593037
  F-Iteration: 15 	MC-Sweep: 4030000 	Time(s): 1193303.931313
  F-Iteration: 15 	MC-Sweep: 4040000 	Time(s): 1194848.813549
  F-Iteration: 15 	MC-Sweep: 4050000 	Time(s): 1196412.706161
  F-Iteration: 15 	MC-Sweep: 4060000 	Time(s): 1197954.492836
  F-Iteration: 15 	MC-Sweep: 4070000 	Time(s): 1199503.070712
  F-Iteration: 15 	MC-Sweep: 4080000 	Time(s): 1201059.113978
  F-Iteration: 15 	MC-Sweep: 4090000 	Time(s): 1202629.793874
  F-Iteration: 15 	MC-Sweep: 4100000 	Time(s): 1204223.901502
  F-Iteration: 15 	MC-Sweep: 4110000 	Time(s): 1205813.457339
  F-Iteration: 15 	MC-Sweep: 4120000 	Time(s): 1207466.575497
  F-Iteration: 15 	MC-Sweep: 4130000 	Time(s): 1209050.192339
  F-Iteration: 15 	MC-Sweep: 4140000 	Time(s): 1210866.983726
  F-Iteration: 15 	MC-Sweep: 4150000 	Time(s): 1212373.167753
  F-Iteration: 15 	MC-Sweep: 4160000 	Time(s): 1213877.227389
  F-Iteration: 15 	MC-Sweep: 4170000 	Time(s): 1215406.542005
  F-Iteration: 15 	MC-Sweep: 4180000 	Time(s): 1216958.955701
  F-Iteration: 15 	MC-Sweep: 4190000 	Time(s): 1218504.761647
  F-Iteration: 15 	MC-Sweep: 4200000 	Time(s): 1220070.100337
  F-Iteration: 15 	MC-Sweep: 4210000 	Time(s): 1221625.538357
  F-Iteration: 15 	MC-Sweep: 4220000 	Time(s): 1223191.373504
  F-Iteration: 15 	MC-Sweep: 4230000 	Time(s): 1224736.879292
  F-Iteration: 15 	MC-Sweep: 4240000 	Time(s): 1226229.803353
  F-Iteration: 15 	MC-Sweep: 4250000 	Time(s): 1227784.530308
  F-Iteration: 15 	MC-Sweep: 4260000 	Time(s): 1229338.924244
  F-Iteration: 15 	MC-Sweep: 4270000 	Time(s): 1230853.366724
  F-Iteration: 15 	MC-Sweep: 4280000 	Time(s): 1232381.366563
  F-Iteration: 15 	MC-Sweep: 4290000 	Time(s): 1233939.378082
  F-Iteration: 15 	MC-Sweep: 4300000 	Time(s): 1235476.460086
  F-Iteration: 15 	MC-Sweep: 4310000 	Time(s): 1237020.740031
  F-Iteration: 15 	MC-Sweep: 4320000 	Time(s): 1238566.529796
  F-Iteration: 15 	MC-Sweep: 4330000 	Time(s): 1240107.090600
  F-Iteration: 15 	MC-Sweep: 4340000 	Time(s): 1241663.116508
  F-Iteration: 15 	MC-Sweep: 4350000 	Time(s): 1243200.008418
  F-Iteration: 15 	MC-Sweep: 4360000 	Time(s): 1244729.434779
  F-Iteration: 15 	MC-Sweep: 4370000 	Time(s): 1246286.747694
  F-Iteration: 15 	MC-Sweep: 4380000 	Time(s): 1247802.700451
  F-Iteration: 15 	MC-Sweep: 4390000 	Time(s): 1249333.809525
  F-Iteration: 15 	MC-Sweep: 4400000 	Time(s): 1250869.810107
  F-Iteration: 15 	MC-Sweep: 4410000 	Time(s): 1252385.650012
  F-Iteration: 15 	MC-Sweep: 4420000 	Time(s): 1253899.366642
  F-Iteration: 15 	MC-Sweep: 4430000 	Time(s): 1255468.877172
  F-Iteration: 15 	MC-Sweep: 4440000 	Time(s): 1256995.926477
  F-Iteration: 15 	MC-Sweep: 4450000 	Time(s): 1258526.719445
  F-Iteration: 15 	MC-Sweep: 4460000 	Time(s): 1260110.484741
  F-Iteration: 15 	MC-Sweep: 4470000 	Time(s): 1261631.496774
  F-Iteration: 15 	MC-Sweep: 4480000 	Time(s): 1263211.523165
  F-Iteration: 15 	MC-Sweep: 4490000 	Time(s): 1264743.037820
  F-Iteration: 15 	MC-Sweep: 4500000 	Time(s): 1266325.609087
  F-Iteration: 15 	MC-Sweep: 4510000 	Time(s): 1267928.534600
  F-Iteration: 15 	MC-Sweep: 4520000 	Time(s): 1269546.997385
  F-Iteration: 15 	MC-Sweep: 4530000 	Time(s): 1271163.370075
  F-Iteration: 15 	MC-Sweep: 4540000 	Time(s): 1273303.297634
  F-Iteration: 15 	MC-Sweep: 4550000 	Time(s): 1275404.940426
  F-Iteration: 15 	MC-Sweep: 4560000 	Time(s): 1277611.529199
  F-Iteration: 15 	MC-Sweep: 4570000 	Time(s): 1279595.338724
  F-Iteration: 15 	MC-Sweep: 4580000 	Time(s): 1281794.857654
  F-Iteration: 15 	MC-Sweep: 4590000 	Time(s): 1283963.979779
  F-Iteration: 15 	MC-Sweep: 4600000 	Time(s): 1286258.160575
  F-Iteration: 15 	MC-Sweep: 4610000 	Time(s): 1288464.344696
  F-Iteration: 15 	MC-Sweep: 4620000 	Time(s): 1290400.370820
  F-Iteration: 15 	MC-Sweep: 4630000 	Time(s): 1292653.628739
  F-Iteration: 15 	MC-Sweep: 4640000 	Time(s): 1294936.812329
  F-Iteration: 15 	MC-Sweep: 4650000 	Time(s): 1297250.697750
  F-Iteration: 15 	MC-Sweep: 4660000 	Time(s): 1299707.700859
  F-Iteration: 15 	MC-Sweep: 4670000 	Time(s): 1302260.237154
  F-Iteration: 15 	MC-Sweep: 4680000 	Time(s): 1304718.874010
  F-Iteration: 15 	MC-Sweep: 4690000 	Time(s): 1307049.329370
  F-Iteration: 15 	MC-Sweep: 4700000 	Time(s): 1309493.584702
  F-Iteration: 15 	MC-Sweep: 4710000 	Time(s): 1312035.373428
  F-Iteration: 15 	MC-Sweep: 4720000 	Time(s): 1314551.604038
  F-Iteration: 15 	MC-Sweep: 4730000 	Time(s): 1317082.608258
  F-Iteration: 15 	MC-Sweep: 4740000 	Time(s): 1319596.774482
  F-Iteration: 15 	MC-Sweep: 4750000 	Time(s): 1322179.665429
  F-Iteration: 15 	MC-Sweep: 4760000 	Time(s): 1324670.358439
  F-Iteration: 15 	MC-Sweep: 4770000 	Time(s): 1327179.214574
  F-Iteration: 15 	MC-Sweep: 4780000 	Time(s): 1329668.936769
  F-Iteration: 15 	MC-Sweep: 4790000 	Time(s): 1332151.990255
  F-Iteration: 15 	MC-Sweep: 4800000 	Time(s): 1334714.641665
  F-Iteration: 15 	MC-Sweep: 4810000 	Time(s): 1337226.054237
  F-Iteration: 15 	MC-Sweep: 4820000 	Time(s): 1339781.844144
  F-Iteration: 15 	MC-Sweep: 4830000 	Time(s): 1342232.835082
  F-Iteration: 15 	MC-Sweep: 4840000 	Time(s): 1344762.507458
  F-Iteration: 15 	MC-Sweep: 4850000 	Time(s): 1347163.524927
  F-Iteration: 15 	MC-Sweep: 4851200 	Time(s): 1347445.033394
  Cumulative number of energy calculations: 8865819
  F-Iteration: 16 	F = 1.000015
  F-Iteration: 16 	MC-Sweep: 0 	Time(s): 1347445.580554
  F-Iteration: 16 	MC-Sweep: 10000 	Time(s): 1349808.583022
  F-Iteration: 16 	MC-Sweep: 20000 	Time(s): 1352415.128034
  F-Iteration: 16 	MC-Sweep: 30000 	Time(s): 1355047.672012
  F-Iteration: 16 	MC-Sweep: 40000 	Time(s): 1357691.003427
  F-Iteration: 16 	MC-Sweep: 50000 	Time(s): 1360291.464669
  F-Iteration: 16 	MC-Sweep: 60000 	Time(s): 1362749.950453
  F-Iteration: 16 	MC-Sweep: 70000 	Time(s): 1365052.632429
  F-Iteration: 16 	MC-Sweep: 80000 	Time(s): 1367296.820760
  F-Iteration: 16 	MC-Sweep: 90000 	Time(s): 1369849.831759
  F-Iteration: 16 	MC-Sweep: 100000 	Time(s): 1372484.344870
  F-Iteration: 16 	MC-Sweep: 110000 	Time(s): 1375050.679935
  F-Iteration: 16 	MC-Sweep: 120000 	Time(s): 1377700.875709
  F-Iteration: 16 	MC-Sweep: 130000 	Time(s): 1380316.841196
  F-Iteration: 16 	MC-Sweep: 140000 	Time(s): 1382980.936449
  F-Iteration: 16 	MC-Sweep: 150000 	Time(s): 1385586.424242
  F-Iteration: 16 	MC-Sweep: 160000 	Time(s): 1388103.871677
  F-Iteration: 16 	MC-Sweep: 170000 	Time(s): 1390746.307652
  F-Iteration: 16 	MC-Sweep: 180000 	Time(s): 1393375.254227
  F-Iteration: 16 	MC-Sweep: 190000 	Time(s): 1396008.175631
  F-Iteration: 16 	MC-Sweep: 200000 	Time(s): 1398712.988493
  F-Iteration: 16 	MC-Sweep: 210000 	Time(s): 1401360.887811
  F-Iteration: 16 	MC-Sweep: 220000 	Time(s): 1403985.744072
  F-Iteration: 16 	MC-Sweep: 230000 	Time(s): 1406635.325269
  F-Iteration: 16 	MC-Sweep: 240000 	Time(s): 1409354.897912
  F-Iteration: 16 	MC-Sweep: 250000 	Time(s): 1411968.333907
  F-Iteration: 16 	MC-Sweep: 260000 	Time(s): 1414582.225189
  F-Iteration: 16 	MC-Sweep: 270000 	Time(s): 1417233.160802
  F-Iteration: 16 	MC-Sweep: 280000 	Time(s): 1419796.042573
  F-Iteration: 16 	MC-Sweep: 290000 	Time(s): 1422410.398698
  F-Iteration: 16 	MC-Sweep: 300000 	Time(s): 1425080.915055
  F-Iteration: 16 	MC-Sweep: 310000 	Time(s): 1427805.779217
  F-Iteration: 16 	MC-Sweep: 320000 	Time(s): 1430343.392104
  F-Iteration: 16 	MC-Sweep: 330000 	Time(s): 1432904.441126
  F-Iteration: 16 	MC-Sweep: 340000 	Time(s): 1435441.664062
  F-Iteration: 16 	MC-Sweep: 350000 	Time(s): 1437811.389764
  F-Iteration: 16 	MC-Sweep: 360000 	Time(s): 1439965.255049
  F-Iteration: 16 	MC-Sweep: 370000 	Time(s): 1442277.814928
  F-Iteration: 16 	MC-Sweep: 380000 	Time(s): 1444377.587049
  F-Iteration: 16 	MC-Sweep: 388200 	Time(s): 1446196.509084
  Cumulative number of energy calculations: 9254020
  F-Iteration: 17 	F = 1.000008
  F-Iteration: 17 	MC-Sweep: 0 	Time(s): 1446197.526738
  F-Iteration: 17 	MC-Sweep: 10000 	Time(s): 1448860.240671
  F-Iteration: 17 	MC-Sweep: 20000 	Time(s): 1451540.570482
  F-Iteration: 17 	MC-Sweep: 30000 	Time(s): 1454230.333813
  F-Iteration: 17 	MC-Sweep: 40000 	Time(s): 1456825.484325
  F-Iteration: 17 	MC-Sweep: 50000 	Time(s): 1459437.006633
  F-Iteration: 17 	MC-Sweep: 60000 	Time(s): 1461862.489365
  F-Iteration: 17 	MC-Sweep: 70000 	Time(s): 1464432.605809
  F-Iteration: 17 	MC-Sweep: 80000 	Time(s): 1466987.013032
  F-Iteration: 17 	MC-Sweep: 90000 	Time(s): 1469634.029942
  F-Iteration: 17 	MC-Sweep: 100000 	Time(s): 1472303.346531
  F-Iteration: 17 	MC-Sweep: 110000 	Time(s): 1474868.573181
  F-Iteration: 17 	MC-Sweep: 120000 	Time(s): 1477471.671959
  F-Iteration: 17 	MC-Sweep: 130000 	Time(s): 1480122.801816
  F-Iteration: 17 	MC-Sweep: 140000 	Time(s): 1482755.863622
  F-Iteration: 17 	MC-Sweep: 150000 	Time(s): 1485405.098765
  F-Iteration: 17 	MC-Sweep: 160000 	Time(s): 1488087.852275
  F-Iteration: 17 	MC-Sweep: 170000 	Time(s): 1490739.451163
  F-Iteration: 17 	MC-Sweep: 180000 	Time(s): 1493388.996857
  F-Iteration: 17 	MC-Sweep: 190000 	Time(s): 1496051.164261
  F-Iteration: 17 	MC-Sweep: 200000 	Time(s): 1498676.330748
  F-Iteration: 17 	MC-Sweep: 210000 	Time(s): 1501342.553086
  F-Iteration: 17 	MC-Sweep: 220000 	Time(s): 1503949.948642
  F-Iteration: 17 	MC-Sweep: 230000 	Time(s): 1506591.300363
  F-Iteration: 17 	MC-Sweep: 240000 	Time(s): 1509247.743671
  F-Iteration: 17 	MC-Sweep: 248900 	Time(s): 1511637.405459
  Cumulative number of energy calculations: 9502921
  F-Iteration: 18 	F = 1.000004
  F-Iteration: 18 	MC-Sweep: 0 	Time(s): 1511637.984069
  F-Iteration: 18 	MC-Sweep: 10000 	Time(s): 1514287.601488
  F-Iteration: 18 	MC-Sweep: 20000 	Time(s): 1516960.849887
  F-Iteration: 18 	MC-Sweep: 30000 	Time(s): 1519576.230136
  F-Iteration: 18 	MC-Sweep: 40000 	Time(s): 1522209.463959
  F-Iteration: 18 	MC-Sweep: 50000 	Time(s): 1524829.157626
  F-Iteration: 18 	MC-Sweep: 60000 	Time(s): 1527460.421223
  F-Iteration: 18 	MC-Sweep: 70000 	Time(s): 1530108.372756
  F-Iteration: 18 	MC-Sweep: 80000 	Time(s): 1532713.707791
  F-Iteration: 18 	MC-Sweep: 90000 	Time(s): 1535375.622700
  F-Iteration: 18 	MC-Sweep: 100000 	Time(s): 1538013.012102
  F-Iteration: 18 	MC-Sweep: 110000 	Time(s): 1540631.763969
  F-Iteration: 18 	MC-Sweep: 120000 	Time(s): 1543243.000891
  F-Iteration: 18 	MC-Sweep: 130000 	Time(s): 1545888.217089
  F-Iteration: 18 	MC-Sweep: 140000 	Time(s): 1548547.486802
  F-Iteration: 18 	MC-Sweep: 150000 	Time(s): 1551145.861238
  F-Iteration: 18 	MC-Sweep: 160000 	Time(s): 1553685.729834
  F-Iteration: 18 	MC-Sweep: 170000 	Time(s): 1556296.739686
  F-Iteration: 18 	MC-Sweep: 180000 	Time(s): 1558958.944842
  F-Iteration: 18 	MC-Sweep: 190000 	Time(s): 1561587.321262
  F-Iteration: 18 	MC-Sweep: 200000 	Time(s): 1564246.119492
  F-Iteration: 18 	MC-Sweep: 210000 	Time(s): 1566926.248655
  F-Iteration: 18 	MC-Sweep: 220000 	Time(s): 1569563.141653
  F-Iteration: 18 	MC-Sweep: 230000 	Time(s): 1572170.524889
  F-Iteration: 18 	MC-Sweep: 240000 	Time(s): 1574851.205823
  F-Iteration: 18 	MC-Sweep: 250000 	Time(s): 1577571.962221
  F-Iteration: 18 	MC-Sweep: 260000 	Time(s): 1580228.356802
  F-Iteration: 18 	MC-Sweep: 270000 	Time(s): 1582886.621253
  F-Iteration: 18 	MC-Sweep: 280000 	Time(s): 1585530.776227
  F-Iteration: 18 	MC-Sweep: 290000 	Time(s): 1588166.268271
  F-Iteration: 18 	MC-Sweep: 300000 	Time(s): 1590821.232732
  F-Iteration: 18 	MC-Sweep: 310000 	Time(s): 1593422.657453
  F-Iteration: 18 	MC-Sweep: 320000 	Time(s): 1595919.457648
  F-Iteration: 18 	MC-Sweep: 330000 	Time(s): 1598435.568470
  F-Iteration: 18 	MC-Sweep: 340000 	Time(s): 1600768.052888
  F-Iteration: 18 	MC-Sweep: 350000 	Time(s): 1602880.447033
  F-Iteration: 18 	MC-Sweep: 360000 	Time(s): 1604880.901785
  F-Iteration: 18 	MC-Sweep: 370000 	Time(s): 1606934.496497
  F-Iteration: 18 	MC-Sweep: 380000 	Time(s): 1609060.170975
  F-Iteration: 18 	MC-Sweep: 390000 	Time(s): 1611502.803380
  F-Iteration: 18 	MC-Sweep: 400000 	Time(s): 1613871.699239
  F-Iteration: 18 	MC-Sweep: 410000 	Time(s): 1616152.368112
  F-Iteration: 18 	MC-Sweep: 420000 	Time(s): 1618217.199459
  F-Iteration: 18 	MC-Sweep: 430000 	Time(s): 1620076.609174
  F-Iteration: 18 	MC-Sweep: 440000 	Time(s): 1621771.423529
  F-Iteration: 18 	MC-Sweep: 450000 	Time(s): 1623355.905743
  F-Iteration: 18 	MC-Sweep: 460000 	Time(s): 1624914.349109
  F-Iteration: 18 	MC-Sweep: 470000 	Time(s): 1626471.201622
  F-Iteration: 18 	MC-Sweep: 480000 	Time(s): 1628054.328116
  F-Iteration: 18 	MC-Sweep: 490000 	Time(s): 1629644.303992
  F-Iteration: 18 	MC-Sweep: 500000 	Time(s): 1631235.879077
  F-Iteration: 18 	MC-Sweep: 510000 	Time(s): 1632788.278541
  F-Iteration: 18 	MC-Sweep: 520000 	Time(s): 1634374.153170
  F-Iteration: 18 	MC-Sweep: 530000 	Time(s): 1635958.724466
  F-Iteration: 18 	MC-Sweep: 540000 	Time(s): 1637590.721416
  F-Iteration: 18 	MC-Sweep: 550000 	Time(s): 1639193.879819
  F-Iteration: 18 	MC-Sweep: 560000 	Time(s): 1640797.752116
  F-Iteration: 18 	MC-Sweep: 570000 	Time(s): 1642443.515085
  F-Iteration: 18 	MC-Sweep: 580000 	Time(s): 1644103.185172
  F-Iteration: 18 	MC-Sweep: 590000 	Time(s): 1645737.208585
  F-Iteration: 18 	MC-Sweep: 600000 	Time(s): 1647323.853570
  F-Iteration: 18 	MC-Sweep: 610000 	Time(s): 1648943.050148
  F-Iteration: 18 	MC-Sweep: 620000 	Time(s): 1650571.453186
  F-Iteration: 18 	MC-Sweep: 630000 	Time(s): 1652203.139923
  F-Iteration: 18 	MC-Sweep: 640000 	Time(s): 1653832.946923
  F-Iteration: 18 	MC-Sweep: 650000 	Time(s): 1655353.953286
  F-Iteration: 18 	MC-Sweep: 660000 	Time(s): 1656879.621547
  F-Iteration: 18 	MC-Sweep: 670000 	Time(s): 1658369.216175
  F-Iteration: 18 	MC-Sweep: 680000 	Time(s): 1659939.769853
  F-Iteration: 18 	MC-Sweep: 690000 	Time(s): 1661529.983345
  F-Iteration: 18 	MC-Sweep: 700000 	Time(s): 1663057.368219
  F-Iteration: 18 	MC-Sweep: 710000 	Time(s): 1664632.242107
  F-Iteration: 18 	MC-Sweep: 720000 	Time(s): 1666195.662020
  F-Iteration: 18 	MC-Sweep: 730000 	Time(s): 1667732.634379
  F-Iteration: 18 	MC-Sweep: 740000 	Time(s): 1669286.186488
  F-Iteration: 18 	MC-Sweep: 750000 	Time(s): 1670748.716751
  F-Iteration: 18 	MC-Sweep: 760000 	Time(s): 1672277.882159
  F-Iteration: 18 	MC-Sweep: 770000 	Time(s): 1673828.130372
  F-Iteration: 18 	MC-Sweep: 780000 	Time(s): 1675288.863995
  F-Iteration: 18 	MC-Sweep: 790000 	Time(s): 1676788.592755
  F-Iteration: 18 	MC-Sweep: 800000 	Time(s): 1678248.264439
  F-Iteration: 18 	MC-Sweep: 810000 	Time(s): 1679767.882005
  F-Iteration: 18 	MC-Sweep: 820000 	Time(s): 1681289.983294
  F-Iteration: 18 	MC-Sweep: 830000 	Time(s): 1682827.636263
  F-Iteration: 18 	MC-Sweep: 840000 	Time(s): 1684389.288257
  F-Iteration: 18 	MC-Sweep: 850000 	Time(s): 1685941.467700
  F-Iteration: 18 	MC-Sweep: 860000 	Time(s): 1687456.976035
  F-Iteration: 18 	MC-Sweep: 870000 	Time(s): 1689013.139682
  F-Iteration: 18 	MC-Sweep: 880000 	Time(s): 1690554.546947
  F-Iteration: 18 	MC-Sweep: 890000 	Time(s): 1692093.474750
  F-Iteration: 18 	MC-Sweep: 900000 	Time(s): 1693664.208106
  F-Iteration: 18 	MC-Sweep: 910000 	Time(s): 1695178.657115
  F-Iteration: 18 	MC-Sweep: 920000 	Time(s): 1696720.986731
  F-Iteration: 18 	MC-Sweep: 930000 	Time(s): 1698274.513804
  F-Iteration: 18 	MC-Sweep: 940000 	Time(s): 1699841.941029
  F-Iteration: 18 	MC-Sweep: 950000 	Time(s): 1701377.662163
  F-Iteration: 18 	MC-Sweep: 960000 	Time(s): 1702910.224711
  F-Iteration: 18 	MC-Sweep: 970000 	Time(s): 1704434.129848
  F-Iteration: 18 	MC-Sweep: 980000 	Time(s): 1705932.282710
  F-Iteration: 18 	MC-Sweep: 990000 	Time(s): 1707543.678843
  F-Iteration: 18 	MC-Sweep: 1000000 	Time(s): 1709265.853168
  F-Iteration: 18 	MC-Sweep: 1010000 	Time(s): 1710812.775874
  F-Iteration: 18 	MC-Sweep: 1020000 	Time(s): 1712304.092096
  F-Iteration: 18 	MC-Sweep: 1030000 	Time(s): 1713859.185129
  F-Iteration: 18 	MC-Sweep: 1040000 	Time(s): 1715440.270813
  F-Iteration: 18 	MC-Sweep: 1050000 	Time(s): 1717003.453571
  F-Iteration: 18 	MC-Sweep: 1060000 	Time(s): 1718608.088827
  F-Iteration: 18 	MC-Sweep: 1070000 	Time(s): 1720414.637049
  F-Iteration: 18 	MC-Sweep: 1080000 	Time(s): 1722577.135398
  F-Iteration: 18 	MC-Sweep: 1090000 	Time(s): 1724690.697893
  F-Iteration: 18 	MC-Sweep: 1100000 	Time(s): 1726810.599068
  F-Iteration: 18 	MC-Sweep: 1110000 	Time(s): 1728929.423931
  F-Iteration: 18 	MC-Sweep: 1120000 	Time(s): 1731002.682871
  F-Iteration: 18 	MC-Sweep: 1130000 	Time(s): 1733126.550250
  F-Iteration: 18 	MC-Sweep: 1140000 	Time(s): 1735228.390099
  F-Iteration: 18 	MC-Sweep: 1150000 	Time(s): 1737234.751232
  F-Iteration: 18 	MC-Sweep: 1160000 	Time(s): 1739246.779115
  F-Iteration: 18 	MC-Sweep: 1170000 	Time(s): 1741247.614967
  F-Iteration: 18 	MC-Sweep: 1180000 	Time(s): 1743179.791729
  F-Iteration: 18 	MC-Sweep: 1190000 	Time(s): 1745082.543413
  F-Iteration: 18 	MC-Sweep: 1200000 	Time(s): 1747098.903954
  F-Iteration: 18 	MC-Sweep: 1210000 	Time(s): 1748985.681650
  F-Iteration: 18 	MC-Sweep: 1220000 	Time(s): 1750758.634386
  F-Iteration: 18 	MC-Sweep: 1230000 	Time(s): 1752527.327225
  F-Iteration: 18 	MC-Sweep: 1240000 	Time(s): 1754274.434719
  F-Iteration: 18 	MC-Sweep: 1250000 	Time(s): 1756058.999169
  F-Iteration: 18 	MC-Sweep: 1260000 	Time(s): 1757874.355107
  F-Iteration: 18 	MC-Sweep: 1270000 	Time(s): 1759663.248083
  F-Iteration: 18 	MC-Sweep: 1280000 	Time(s): 1761289.804980
  F-Iteration: 18 	MC-Sweep: 1290000 	Time(s): 1762798.955917
  F-Iteration: 18 	MC-Sweep: 1300000 	Time(s): 1764300.045772
  F-Iteration: 18 	MC-Sweep: 1310000 	Time(s): 1765821.630688
  F-Iteration: 18 	MC-Sweep: 1320000 	Time(s): 1767335.542650
  F-Iteration: 18 	MC-Sweep: 1330000 	Time(s): 1768860.100190
  F-Iteration: 18 	MC-Sweep: 1340000 	Time(s): 1770369.537271
  F-Iteration: 18 	MC-Sweep: 1350000 	Time(s): 1771856.821031
  F-Iteration: 18 	MC-Sweep: 1360000 	Time(s): 1773356.242776
  F-Iteration: 18 	MC-Sweep: 1370000 	Time(s): 1774866.222076
  F-Iteration: 18 	MC-Sweep: 1380000 	Time(s): 1776382.155557
  F-Iteration: 18 	MC-Sweep: 1390000 	Time(s): 1777868.824831
  F-Iteration: 18 	MC-Sweep: 1400000 	Time(s): 1779393.223196
  F-Iteration: 18 	MC-Sweep: 1410000 	Time(s): 1780885.595295
  F-Iteration: 18 	MC-Sweep: 1420000 	Time(s): 1782318.444797
  F-Iteration: 18 	MC-Sweep: 1430000 	Time(s): 1783837.783661
  F-Iteration: 18 	MC-Sweep: 1440000 	Time(s): 1785386.871917
  F-Iteration: 18 	MC-Sweep: 1450000 	Time(s): 1786986.962638
  F-Iteration: 18 	MC-Sweep: 1460000 	Time(s): 1788591.565748
  F-Iteration: 18 	MC-Sweep: 1470000 	Time(s): 1790319.700103
  F-Iteration: 18 	MC-Sweep: 1480000 	Time(s): 1792207.850060
  F-Iteration: 18 	MC-Sweep: 1490000 	Time(s): 1794096.213176
  F-Iteration: 18 	MC-Sweep: 1500000 	Time(s): 1795980.222360
  F-Iteration: 18 	MC-Sweep: 1510000 	Time(s): 1797875.862359
  F-Iteration: 18 	MC-Sweep: 1520000 	Time(s): 1799785.621553
  F-Iteration: 18 	MC-Sweep: 1530000 	Time(s): 1801735.957998
  F-Iteration: 18 	MC-Sweep: 1540000 	Time(s): 1803638.295543
  F-Iteration: 18 	MC-Sweep: 1550000 	Time(s): 1805534.781038
  F-Iteration: 18 	MC-Sweep: 1560000 	Time(s): 1807653.342265
  F-Iteration: 18 	MC-Sweep: 1570000 	Time(s): 1810122.333547
  F-Iteration: 18 	MC-Sweep: 1580000 	Time(s): 1812438.148700
  F-Iteration: 18 	MC-Sweep: 1590000 	Time(s): 1814713.315805
  F-Iteration: 18 	MC-Sweep: 1600000 	Time(s): 1817184.463015
  F-Iteration: 18 	MC-Sweep: 1610000 	Time(s): 1819320.331151
  F-Iteration: 18 	MC-Sweep: 1620000 	Time(s): 1821290.289738
  F-Iteration: 18 	MC-Sweep: 1630000 	Time(s): 1823181.496904
  F-Iteration: 18 	MC-Sweep: 1640000 	Time(s): 1824994.361582
  F-Iteration: 18 	MC-Sweep: 1650000 	Time(s): 1826787.396909
  F-Iteration: 18 	MC-Sweep: 1660000 	Time(s): 1828652.242838
  F-Iteration: 18 	MC-Sweep: 1670000 	Time(s): 1830513.004198
  F-Iteration: 18 	MC-Sweep: 1680000 	Time(s): 1832355.835675
  F-Iteration: 18 	MC-Sweep: 1690000 	Time(s): 1834197.792750
  F-Iteration: 18 	MC-Sweep: 1700000 	Time(s): 1836040.405251
  F-Iteration: 18 	MC-Sweep: 1710000 	Time(s): 1837868.072047
  F-Iteration: 18 	MC-Sweep: 1720000 	Time(s): 1839665.756626
  F-Iteration: 18 	MC-Sweep: 1730000 	Time(s): 1841483.890785
  F-Iteration: 18 	MC-Sweep: 1740000 	Time(s): 1843327.236498
  F-Iteration: 18 	MC-Sweep: 1750000 	Time(s): 1845159.216774
  F-Iteration: 18 	MC-Sweep: 1760000 	Time(s): 1847026.378484
  F-Iteration: 18 	MC-Sweep: 1770000 	Time(s): 1848880.850600
  F-Iteration: 18 	MC-Sweep: 1780000 	Time(s): 1850697.349337
  F-Iteration: 18 	MC-Sweep: 1790000 	Time(s): 1852448.298335
  F-Iteration: 18 	MC-Sweep: 1800000 	Time(s): 1854192.949208
  F-Iteration: 18 	MC-Sweep: 1810000 	Time(s): 1855736.471411
  F-Iteration: 18 	MC-Sweep: 1820000 	Time(s): 1857248.778417
  F-Iteration: 18 	MC-Sweep: 1830000 	Time(s): 1858784.635265
  F-Iteration: 18 	MC-Sweep: 1840000 	Time(s): 1860336.514617
  F-Iteration: 18 	MC-Sweep: 1850000 	Time(s): 1861885.018458
  F-Iteration: 18 	MC-Sweep: 1860000 	Time(s): 1863411.589581
  F-Iteration: 18 	MC-Sweep: 1870000 	Time(s): 1864996.593779
  F-Iteration: 18 	MC-Sweep: 1880000 	Time(s): 1866597.049741
  F-Iteration: 18 	MC-Sweep: 1890000 	Time(s): 1868068.983884
  F-Iteration: 18 	MC-Sweep: 1900000 	Time(s): 1869525.216395
  F-Iteration: 18 	MC-Sweep: 1910000 	Time(s): 1871725.448091
  F-Iteration: 18 	MC-Sweep: 1920000 	Time(s): 1874098.331542
  F-Iteration: 18 	MC-Sweep: 1930000 	Time(s): 1876567.079364
  F-Iteration: 18 	MC-Sweep: 1940000 	Time(s): 1879035.076087
  F-Iteration: 18 	MC-Sweep: 1950000 	Time(s): 1881470.252204
  F-Iteration: 18 	MC-Sweep: 1960000 	Time(s): 1883926.819853
  F-Iteration: 18 	MC-Sweep: 1970000 	Time(s): 1886324.940234
  F-Iteration: 18 	MC-Sweep: 1980000 	Time(s): 1888716.764521
  F-Iteration: 18 	MC-Sweep: 1990000 	Time(s): 1891107.900005
  F-Iteration: 18 	MC-Sweep: 2000000 	Time(s): 1893466.869064
  F-Iteration: 18 	MC-Sweep: 2010000 	Time(s): 1895820.753728
  F-Iteration: 18 	MC-Sweep: 2020000 	Time(s): 1898251.336529
  F-Iteration: 18 	MC-Sweep: 2030000 	Time(s): 1900530.070038
  F-Iteration: 18 	MC-Sweep: 2040000 	Time(s): 1902924.560590
  F-Iteration: 18 	MC-Sweep: 2050000 	Time(s): 1905300.270691
  F-Iteration: 18 	MC-Sweep: 2060000 	Time(s): 1907727.135678
  F-Iteration: 18 	MC-Sweep: 2070000 	Time(s): 1910190.921497
  F-Iteration: 18 	MC-Sweep: 2080000 	Time(s): 1912232.358730
  F-Iteration: 18 	MC-Sweep: 2090000 	Time(s): 1914011.274771
  F-Iteration: 18 	MC-Sweep: 2100000 	Time(s): 1915857.410718
  F-Iteration: 18 	MC-Sweep: 2110000 	Time(s): 1917690.463521
  F-Iteration: 18 	MC-Sweep: 2120000 	Time(s): 1919532.552177
  F-Iteration: 18 	MC-Sweep: 2130000 	Time(s): 1921338.392209
  F-Iteration: 18 	MC-Sweep: 2140000 	Time(s): 1923197.462944
  F-Iteration: 18 	MC-Sweep: 2150000 	Time(s): 1924989.628204
  F-Iteration: 18 	MC-Sweep: 2160000 	Time(s): 1926789.148873
  F-Iteration: 18 	MC-Sweep: 2170000 	Time(s): 1928514.960796
  F-Iteration: 18 	MC-Sweep: 2180000 	Time(s): 1930259.100864
  F-Iteration: 18 	MC-Sweep: 2190000 	Time(s): 1931857.605260
  F-Iteration: 18 	MC-Sweep: 2200000 	Time(s): 1933435.568028
  F-Iteration: 18 	MC-Sweep: 2210000 	Time(s): 1934990.720586
  F-Iteration: 18 	MC-Sweep: 2220000 	Time(s): 1936484.366823
  F-Iteration: 18 	MC-Sweep: 2230000 	Time(s): 1937913.393851
  F-Iteration: 18 	MC-Sweep: 2240000 	Time(s): 1939364.931712
  F-Iteration: 18 	MC-Sweep: 2250000 	Time(s): 1940836.244778
  F-Iteration: 18 	MC-Sweep: 2260000 	Time(s): 1942284.573011
  F-Iteration: 18 	MC-Sweep: 2270000 	Time(s): 1943710.166797
  F-Iteration: 18 	MC-Sweep: 2280000 	Time(s): 1945169.771160
  F-Iteration: 18 	MC-Sweep: 2290000 	Time(s): 1946601.594996
  F-Iteration: 18 	MC-Sweep: 2300000 	Time(s): 1948020.971674
  F-Iteration: 18 	MC-Sweep: 2310000 	Time(s): 1949587.355069
  F-Iteration: 18 	MC-Sweep: 2320000 	Time(s): 1951441.296246
  F-Iteration: 18 	MC-Sweep: 2330000 	Time(s): 1953261.291692
  F-Iteration: 18 	MC-Sweep: 2340000 	Time(s): 1955090.255517
  F-Iteration: 18 	MC-Sweep: 2350000 	Time(s): 1956917.059478
  F-Iteration: 18 	MC-Sweep: 2360000 	Time(s): 1958647.167173
  F-Iteration: 18 	MC-Sweep: 2370000 	Time(s): 1960317.815562
  F-Iteration: 18 	MC-Sweep: 2380000 	Time(s): 1961997.011840
  F-Iteration: 18 	MC-Sweep: 2390000 	Time(s): 1963541.362266
  F-Iteration: 18 	MC-Sweep: 2400000 	Time(s): 1965066.659842
  F-Iteration: 18 	MC-Sweep: 2410000 	Time(s): 1966618.371473
  F-Iteration: 18 	MC-Sweep: 2420000 	Time(s): 1968376.876796
  F-Iteration: 18 	MC-Sweep: 2430000 	Time(s): 1970469.879560
  F-Iteration: 18 	MC-Sweep: 2440000 	Time(s): 1972507.060568
  F-Iteration: 18 	MC-Sweep: 2450000 	Time(s): 1974532.849281
  F-Iteration: 18 	MC-Sweep: 2460000 	Time(s): 1976602.877601
  F-Iteration: 18 	MC-Sweep: 2470000 	Time(s): 1978583.796537
  F-Iteration: 18 	MC-Sweep: 2480000 	Time(s): 1980390.710375
  F-Iteration: 18 	MC-Sweep: 2490000 	Time(s): 1982223.547021
  F-Iteration: 18 	MC-Sweep: 2500000 	Time(s): 1984430.741861
  F-Iteration: 18 	MC-Sweep: 2510000 	Time(s): 1986666.708586
  F-Iteration: 18 	MC-Sweep: 2520000 	Time(s): 1988689.211808
  F-Iteration: 18 	MC-Sweep: 2530000 	Time(s): 1990479.592377
  F-Iteration: 18 	MC-Sweep: 2540000 	Time(s): 1992303.500547
  F-Iteration: 18 	MC-Sweep: 2550000 	Time(s): 1994113.644282
  F-Iteration: 18 	MC-Sweep: 2560000 	Time(s): 1995968.111219
  F-Iteration: 18 	MC-Sweep: 2570000 	Time(s): 1997747.141262
  F-Iteration: 18 	MC-Sweep: 2580000 	Time(s): 1999487.774366
  F-Iteration: 18 	MC-Sweep: 2590000 	Time(s): 2001257.850551
  F-Iteration: 18 	MC-Sweep: 2600000 	Time(s): 2003079.024376
  F-Iteration: 18 	MC-Sweep: 2610000 	Time(s): 2004855.721983
  F-Iteration: 18 	MC-Sweep: 2620000 	Time(s): 2006636.403577
  F-Iteration: 18 	MC-Sweep: 2630000 	Time(s): 2008435.197815
  F-Iteration: 18 	MC-Sweep: 2640000 	Time(s): 2010250.612120
  F-Iteration: 18 	MC-Sweep: 2650000 	Time(s): 2012097.392254
  F-Iteration: 18 	MC-Sweep: 2660000 	Time(s): 2013960.888908
  F-Iteration: 18 	MC-Sweep: 2670000 	Time(s): 2015834.028203
  F-Iteration: 18 	MC-Sweep: 2680000 	Time(s): 2017686.293763
  F-Iteration: 18 	MC-Sweep: 2690000 	Time(s): 2019544.316322
  F-Iteration: 18 	MC-Sweep: 2700000 	Time(s): 2021395.113386
  F-Iteration: 18 	MC-Sweep: 2710000 	Time(s): 2023246.232357
  F-Iteration: 18 	MC-Sweep: 2720000 	Time(s): 2025115.157782
  F-Iteration: 18 	MC-Sweep: 2730000 	Time(s): 2027006.920122
  F-Iteration: 18 	MC-Sweep: 2740000 	Time(s): 2028881.477501
  F-Iteration: 18 	MC-Sweep: 2750000 	Time(s): 2030696.757299
  F-Iteration: 18 	MC-Sweep: 2760000 	Time(s): 2032558.844528
  F-Iteration: 18 	MC-Sweep: 2770000 	Time(s): 2034299.947068
  F-Iteration: 18 	MC-Sweep: 2780000 	Time(s): 2036081.868228
  F-Iteration: 18 	MC-Sweep: 2790000 	Time(s): 2037873.899165
  F-Iteration: 18 	MC-Sweep: 2800000 	Time(s): 2039637.967267
  F-Iteration: 18 	MC-Sweep: 2810000 	Time(s): 2041397.583924
  F-Iteration: 18 	MC-Sweep: 2820000 	Time(s): 2043151.107959
  F-Iteration: 18 	MC-Sweep: 2830000 	Time(s): 2044714.349988
  F-Iteration: 18 	MC-Sweep: 2840000 	Time(s): 2046263.104453
  F-Iteration: 18 	MC-Sweep: 2850000 	Time(s): 2047805.080471
  F-Iteration: 18 	MC-Sweep: 2860000 	Time(s): 2049304.528543
  F-Iteration: 18 	MC-Sweep: 2870000 	Time(s): 2050791.911819
  F-Iteration: 18 	MC-Sweep: 2880000 	Time(s): 2052327.069708
  F-Iteration: 18 	MC-Sweep: 2890000 	Time(s): 2053917.835996
  F-Iteration: 18 	MC-Sweep: 2900000 	Time(s): 2055560.079395
  F-Iteration: 18 	MC-Sweep: 2910000 	Time(s): 2057136.858080
  F-Iteration: 18 	MC-Sweep: 2920000 	Time(s): 2058633.889971
  F-Iteration: 18 	MC-Sweep: 2930000 	Time(s): 2060140.073297
  F-Iteration: 18 	MC-Sweep: 2940000 	Time(s): 2061631.362118
  F-Iteration: 18 	MC-Sweep: 2950000 	Time(s): 2063180.625064
  F-Iteration: 18 	MC-Sweep: 2960000 	Time(s): 2064755.645105
  F-Iteration: 18 	MC-Sweep: 2970000 	Time(s): 2066286.095522
  F-Iteration: 18 	MC-Sweep: 2980000 	Time(s): 2068001.782833
  F-Iteration: 18 	MC-Sweep: 2990000 	Time(s): 2069649.174699
  F-Iteration: 18 	MC-Sweep: 3000000 	Time(s): 2071164.861560
  F-Iteration: 18 	MC-Sweep: 3010000 	Time(s): 2072845.728462
  F-Iteration: 18 	MC-Sweep: 3020000 	Time(s): 2074887.929047
  F-Iteration: 18 	MC-Sweep: 3030000 	Time(s): 2077202.750690
  F-Iteration: 18 	MC-Sweep: 3040000 	Time(s): 2079347.479420
  F-Iteration: 18 	MC-Sweep: 3050000 	Time(s): 2081327.184148
  F-Iteration: 18 	MC-Sweep: 3060000 	Time(s): 2083357.628728
  F-Iteration: 18 	MC-Sweep: 3070000 	Time(s): 2085443.882105
  F-Iteration: 18 	MC-Sweep: 3080000 	Time(s): 2087592.911315
  F-Iteration: 18 	MC-Sweep: 3090000 	Time(s): 2089714.238795
  F-Iteration: 18 	MC-Sweep: 3100000 	Time(s): 2091817.866400
  F-Iteration: 18 	MC-Sweep: 3110000 	Time(s): 2093961.591197
  F-Iteration: 18 	MC-Sweep: 3120000 	Time(s): 2095736.705775
  F-Iteration: 18 	MC-Sweep: 3130000 	Time(s): 2097477.615513
  F-Iteration: 18 	MC-Sweep: 3140000 	Time(s): 2099217.036097
  F-Iteration: 18 	MC-Sweep: 3150000 	Time(s): 2101007.803779
  F-Iteration: 18 	MC-Sweep: 3160000 	Time(s): 2102764.535943
  F-Iteration: 18 	MC-Sweep: 3170000 	Time(s): 2104534.324155
  F-Iteration: 18 	MC-Sweep: 3180000 	Time(s): 2106301.398824
  F-Iteration: 18 	MC-Sweep: 3190000 	Time(s): 2108092.457038
  F-Iteration: 18 	MC-Sweep: 3200000 	Time(s): 2109862.132401
  F-Iteration: 18 	MC-Sweep: 3210000 	Time(s): 2111637.990390
  F-Iteration: 18 	MC-Sweep: 3220000 	Time(s): 2113389.852808
  F-Iteration: 18 	MC-Sweep: 3230000 	Time(s): 2115166.508505
  F-Iteration: 18 	MC-Sweep: 3240000 	Time(s): 2116952.575614
  F-Iteration: 18 	MC-Sweep: 3250000 	Time(s): 2118755.549661
  F-Iteration: 18 	MC-Sweep: 3260000 	Time(s): 2120513.886670
  F-Iteration: 18 	MC-Sweep: 3270000 	Time(s): 2122288.250658
  F-Iteration: 18 	MC-Sweep: 3280000 	Time(s): 2124060.541967
  F-Iteration: 18 	MC-Sweep: 3290000 	Time(s): 2125864.413546
  F-Iteration: 18 	MC-Sweep: 3300000 	Time(s): 2127624.483764
  F-Iteration: 18 	MC-Sweep: 3310000 	Time(s): 2129392.892211
  F-Iteration: 18 	MC-Sweep: 3320000 	Time(s): 2131137.679144
  F-Iteration: 18 	MC-Sweep: 3330000 	Time(s): 2132885.277802
  F-Iteration: 18 	MC-Sweep: 3340000 	Time(s): 2134634.152356
  F-Iteration: 18 	MC-Sweep: 3350000 	Time(s): 2136392.303606
  F-Iteration: 18 	MC-Sweep: 3360000 	Time(s): 2138140.376905
  F-Iteration: 18 	MC-Sweep: 3370000 	Time(s): 2139871.420473
  F-Iteration: 18 	MC-Sweep: 3380000 	Time(s): 2141595.286787
  F-Iteration: 18 	MC-Sweep: 3390000 	Time(s): 2143350.600252
  F-Iteration: 18 	MC-Sweep: 3400000 	Time(s): 2145104.525233
  F-Iteration: 18 	MC-Sweep: 3410000 	Time(s): 2146828.714167
  F-Iteration: 18 	MC-Sweep: 3420000 	Time(s): 2148592.197946
  F-Iteration: 18 	MC-Sweep: 3430000 	Time(s): 2150329.771660
  F-Iteration: 18 	MC-Sweep: 3440000 	Time(s): 2152070.145252
  F-Iteration: 18 	MC-Sweep: 3450000 	Time(s): 2153803.589622
  F-Iteration: 18 	MC-Sweep: 3460000 	Time(s): 2155517.477479
  F-Iteration: 18 	MC-Sweep: 3470000 	Time(s): 2157261.915664
  F-Iteration: 18 	MC-Sweep: 3480000 	Time(s): 2158886.431621
  F-Iteration: 18 	MC-Sweep: 3490000 	Time(s): 2160486.132905
  F-Iteration: 18 	MC-Sweep: 3500000 	Time(s): 2162174.120819
  F-Iteration: 18 	MC-Sweep: 3510000 	Time(s): 2163907.655708
  F-Iteration: 18 	MC-Sweep: 3520000 	Time(s): 2165637.090375
  F-Iteration: 18 	MC-Sweep: 3530000 	Time(s): 2167368.948652
  F-Iteration: 18 	MC-Sweep: 3540000 	Time(s): 2169105.490639
  F-Iteration: 18 	MC-Sweep: 3550000 	Time(s): 2170854.471667
  F-Iteration: 18 	MC-Sweep: 3560000 	Time(s): 2172621.347382
  F-Iteration: 18 	MC-Sweep: 3570000 	Time(s): 2174352.920334
  F-Iteration: 18 	MC-Sweep: 3580000 	Time(s): 2176095.194986
  F-Iteration: 18 	MC-Sweep: 3590000 	Time(s): 2177819.107103
  F-Iteration: 18 	MC-Sweep: 3600000 	Time(s): 2179570.518476
  F-Iteration: 18 	MC-Sweep: 3610000 	Time(s): 2181325.442075
  F-Iteration: 18 	MC-Sweep: 3620000 	Time(s): 2183092.630319
  F-Iteration: 18 	MC-Sweep: 3630000 	Time(s): 2184827.138093
  F-Iteration: 18 	MC-Sweep: 3640000 	Time(s): 2186587.644117
  F-Iteration: 18 	MC-Sweep: 3650000 	Time(s): 2188312.586162
  F-Iteration: 18 	MC-Sweep: 3660000 	Time(s): 2190048.636149
  F-Iteration: 18 	MC-Sweep: 3670000 	Time(s): 2191796.256218
  F-Iteration: 18 	MC-Sweep: 3680000 	Time(s): 2193559.983714
  F-Iteration: 18 	MC-Sweep: 3690000 	Time(s): 2195295.075585
  F-Iteration: 18 	MC-Sweep: 3700000 	Time(s): 2197043.181367
  F-Iteration: 18 	MC-Sweep: 3710000 	Time(s): 2198783.057384
  F-Iteration: 18 	MC-Sweep: 3720000 	Time(s): 2200495.494762
  F-Iteration: 18 	MC-Sweep: 3730000 	Time(s): 2202236.616763
  F-Iteration: 18 	MC-Sweep: 3740000 	Time(s): 2203964.535574
  F-Iteration: 18 	MC-Sweep: 3750000 	Time(s): 2205714.078579
  F-Iteration: 18 	MC-Sweep: 3760000 	Time(s): 2207442.788604
  F-Iteration: 18 	MC-Sweep: 3770000 	Time(s): 2209173.985358
  F-Iteration: 18 	MC-Sweep: 3780000 	Time(s): 2210943.703141
  F-Iteration: 18 	MC-Sweep: 3790000 	Time(s): 2212715.998995
  F-Iteration: 18 	MC-Sweep: 3800000 	Time(s): 2214457.044878
  F-Iteration: 18 	MC-Sweep: 3810000 	Time(s): 2216218.847923
  F-Iteration: 18 	MC-Sweep: 3820000 	Time(s): 2217974.244116
  F-Iteration: 18 	MC-Sweep: 3830000 	Time(s): 2219670.894787
  F-Iteration: 18 	MC-Sweep: 3840000 	Time(s): 2221397.269018
  F-Iteration: 18 	MC-Sweep: 3850000 	Time(s): 2223123.257031
  F-Iteration: 18 	MC-Sweep: 3860000 	Time(s): 2224862.463020
  F-Iteration: 18 	MC-Sweep: 3870000 	Time(s): 2226585.418362
  F-Iteration: 18 	MC-Sweep: 3880000 	Time(s): 2228348.246584
  F-Iteration: 18 	MC-Sweep: 3890000 	Time(s): 2230046.071983
  F-Iteration: 18 	MC-Sweep: 3900000 	Time(s): 2231784.991177
  F-Iteration: 18 	MC-Sweep: 3910000 	Time(s): 2233494.494763
  F-Iteration: 18 	MC-Sweep: 3920000 	Time(s): 2235185.157100
  F-Iteration: 18 	MC-Sweep: 3930000 	Time(s): 2236963.145796
  F-Iteration: 18 	MC-Sweep: 3940000 	Time(s): 2238722.016345
  F-Iteration: 18 	MC-Sweep: 3950000 	Time(s): 2240482.447875
  F-Iteration: 18 	MC-Sweep: 3960000 	Time(s): 2242206.332435
  F-Iteration: 18 	MC-Sweep: 3970000 	Time(s): 2243894.947503
  F-Iteration: 18 	MC-Sweep: 3980000 	Time(s): 2245508.646723
  F-Iteration: 18 	MC-Sweep: 3990000 	Time(s): 2247049.318050
  F-Iteration: 18 	MC-Sweep: 4000000 	Time(s): 2248593.823980
  F-Iteration: 18 	MC-Sweep: 4010000 	Time(s): 2250068.963810
  F-Iteration: 18 	MC-Sweep: 4020000 	Time(s): 2251634.808494
  F-Iteration: 18 	MC-Sweep: 4030000 	Time(s): 2253180.351195
  F-Iteration: 18 	MC-Sweep: 4040000 	Time(s): 2254748.592395
  F-Iteration: 18 	MC-Sweep: 4050000 	Time(s): 2256304.541744
  F-Iteration: 18 	MC-Sweep: 4060000 	Time(s): 2257884.629863
  F-Iteration: 18 	MC-Sweep: 4070000 	Time(s): 2259531.799739
  F-Iteration: 18 	MC-Sweep: 4080000 	Time(s): 2261061.535482
  F-Iteration: 18 	MC-Sweep: 4090000 	Time(s): 2262620.449277
  F-Iteration: 18 	MC-Sweep: 4100000 	Time(s): 2264178.527896
  F-Iteration: 18 	MC-Sweep: 4110000 	Time(s): 2265793.285017
  F-Iteration: 18 	MC-Sweep: 4120000 	Time(s): 2267354.638156
  F-Iteration: 18 	MC-Sweep: 4130000 	Time(s): 2268901.216237
  F-Iteration: 18 	MC-Sweep: 4140000 	Time(s): 2270556.709875
  F-Iteration: 18 	MC-Sweep: 4150000 	Time(s): 2272062.256286
  F-Iteration: 18 	MC-Sweep: 4160000 	Time(s): 2273574.307230
  F-Iteration: 18 	MC-Sweep: 4170000 	Time(s): 2275169.007456
  F-Iteration: 18 	MC-Sweep: 4180000 	Time(s): 2276709.109270
  F-Iteration: 18 	MC-Sweep: 4190000 	Time(s): 2278289.872370
  F-Iteration: 18 	MC-Sweep: 4200000 	Time(s): 2279790.689983
  F-Iteration: 18 	MC-Sweep: 4210000 	Time(s): 2281375.897693
  F-Iteration: 18 	MC-Sweep: 4220000 	Time(s): 2282913.209259
  F-Iteration: 18 	MC-Sweep: 4230000 	Time(s): 2284459.751304
  F-Iteration: 18 	MC-Sweep: 4240000 	Time(s): 2286061.184037
  F-Iteration: 18 	MC-Sweep: 4250000 	Time(s): 2287586.439069
  F-Iteration: 18 	MC-Sweep: 4260000 	Time(s): 2289112.227079
  F-Iteration: 18 	MC-Sweep: 4270000 	Time(s): 2290682.398103
  F-Iteration: 18 	MC-Sweep: 4280000 	Time(s): 2292217.216630
  F-Iteration: 18 	MC-Sweep: 4290000 	Time(s): 2293696.651395
  F-Iteration: 18 	MC-Sweep: 4300000 	Time(s): 2295266.692098
  F-Iteration: 18 	MC-Sweep: 4310000 	Time(s): 2296818.805192
  F-Iteration: 18 	MC-Sweep: 4320000 	Time(s): 2298362.982578
  F-Iteration: 18 	MC-Sweep: 4330000 	Time(s): 2299902.354919
  F-Iteration: 18 	MC-Sweep: 4340000 	Time(s): 2301393.536880
  F-Iteration: 18 	MC-Sweep: 4350000 	Time(s): 2302888.004520
  F-Iteration: 18 	MC-Sweep: 4360000 	Time(s): 2304439.219532
  F-Iteration: 18 	MC-Sweep: 4370000 	Time(s): 2306005.854838
  F-Iteration: 18 	MC-Sweep: 4380000 	Time(s): 2307537.849715
  F-Iteration: 18 	MC-Sweep: 4390000 	Time(s): 2309102.553520
  F-Iteration: 18 	MC-Sweep: 4400000 	Time(s): 2310628.523337
  F-Iteration: 18 	MC-Sweep: 4410000 	Time(s): 2312193.640290
  F-Iteration: 18 	MC-Sweep: 4420000 	Time(s): 2313760.938165
  F-Iteration: 18 	MC-Sweep: 4430000 	Time(s): 2315313.132633
  F-Iteration: 18 	MC-Sweep: 4440000 	Time(s): 2316896.590975
  F-Iteration: 18 	MC-Sweep: 4450000 	Time(s): 2318457.784070
  F-Iteration: 18 	MC-Sweep: 4460000 	Time(s): 2320019.528234
  F-Iteration: 18 	MC-Sweep: 4470000 	Time(s): 2321625.072851
  F-Iteration: 18 	MC-Sweep: 4480000 	Time(s): 2323310.120924
  F-Iteration: 18 	MC-Sweep: 4490000 	Time(s): 2325015.390114
  F-Iteration: 18 	MC-Sweep: 4500000 	Time(s): 2326699.666390
  F-Iteration: 18 	MC-Sweep: 4510000 	Time(s): 2328406.717136
  F-Iteration: 18 	MC-Sweep: 4520000 	Time(s): 2329902.024713
  F-Iteration: 18 	MC-Sweep: 4530000 	Time(s): 2331464.749387
  F-Iteration: 18 	MC-Sweep: 4540000 	Time(s): 2332970.201972
  F-Iteration: 18 	MC-Sweep: 4550000 	Time(s): 2334478.943416
  F-Iteration: 18 	MC-Sweep: 4560000 	Time(s): 2335912.421619
  F-Iteration: 18 	MC-Sweep: 4570000 	Time(s): 2337405.857196
  F-Iteration: 18 	MC-Sweep: 4580000 	Time(s): 2338954.629478
  F-Iteration: 18 	MC-Sweep: 4590000 	Time(s): 2340492.492191
  F-Iteration: 18 	MC-Sweep: 4600000 	Time(s): 2342098.306594
  F-Iteration: 18 	MC-Sweep: 4610000 	Time(s): 2343885.331069
  F-Iteration: 18 	MC-Sweep: 4620000 	Time(s): 2345706.192746
  F-Iteration: 18 	MC-Sweep: 4630000 	Time(s): 2347512.903374
  F-Iteration: 18 	MC-Sweep: 4640000 	Time(s): 2349260.252306
  F-Iteration: 18 	MC-Sweep: 4650000 	Time(s): 2351020.916210
  F-Iteration: 18 	MC-Sweep: 4660000 	Time(s): 2352766.569397
  F-Iteration: 18 	MC-Sweep: 4670000 	Time(s): 2354559.835598
  F-Iteration: 18 	MC-Sweep: 4680000 	Time(s): 2356331.946989
  F-Iteration: 18 	MC-Sweep: 4690000 	Time(s): 2358068.734428
  F-Iteration: 18 	MC-Sweep: 4700000 	Time(s): 2359842.959629
  F-Iteration: 18 	MC-Sweep: 4710000 	Time(s): 2361581.996011
  F-Iteration: 18 	MC-Sweep: 4720000 	Time(s): 2363328.845156
  F-Iteration: 18 	MC-Sweep: 4730000 	Time(s): 2365071.895241
  F-Iteration: 18 	MC-Sweep: 4740000 	Time(s): 2366839.510536
  F-Iteration: 18 	MC-Sweep: 4750000 	Time(s): 2368549.152143
  F-Iteration: 18 	MC-Sweep: 4760000 	Time(s): 2370286.833797
  F-Iteration: 18 	MC-Sweep: 4770000 	Time(s): 2371997.532800
  F-Iteration: 18 	MC-Sweep: 4780000 	Time(s): 2373710.328910
  F-Iteration: 18 	MC-Sweep: 4790000 	Time(s): 2375424.531703
  F-Iteration: 18 	MC-Sweep: 4800000 	Time(s): 2377149.505800
  F-Iteration: 18 	MC-Sweep: 4810000 	Time(s): 2378876.068949
  F-Iteration: 18 	MC-Sweep: 4820000 	Time(s): 2380601.480425
  F-Iteration: 18 	MC-Sweep: 4830000 	Time(s): 2382316.290539
  F-Iteration: 18 	MC-Sweep: 4840000 	Time(s): 2384060.687731
  F-Iteration: 18 	MC-Sweep: 4850000 	Time(s): 2385797.226522
  F-Iteration: 18 	MC-Sweep: 4860000 	Time(s): 2387551.854284
  F-Iteration: 18 	MC-Sweep: 4870000 	Time(s): 2389315.600218
  F-Iteration: 18 	MC-Sweep: 4880000 	Time(s): 2391046.641993
  F-Iteration: 18 	MC-Sweep: 4890000 	Time(s): 2392779.777645
  F-Iteration: 18 	MC-Sweep: 4900000 	Time(s): 2394574.156554
  F-Iteration: 18 	MC-Sweep: 4910000 	Time(s): 2396288.524205
  F-Iteration: 18 	MC-Sweep: 4920000 	Time(s): 2398005.979103
  F-Iteration: 18 	MC-Sweep: 4930000 	Time(s): 2399753.130247
  F-Iteration: 18 	MC-Sweep: 4940000 	Time(s): 2401458.442180
  F-Iteration: 18 	MC-Sweep: 4950000 	Time(s): 2403152.577312
  F-Iteration: 18 	MC-Sweep: 4960000 	Time(s): 2404930.630145
  F-Iteration: 18 	MC-Sweep: 4970000 	Time(s): 2406658.266313
  F-Iteration: 18 	MC-Sweep: 4980000 	Time(s): 2408443.557068
  F-Iteration: 18 	MC-Sweep: 4990000 	Time(s): 2410240.952593
  F-Iteration: 18 	MC-Sweep: 5000000 	Time(s): 2411935.410677
  F-Iteration: 18 	MC-Sweep: 5010000 	Time(s): 2413657.887767
  F-Iteration: 18 	MC-Sweep: 5020000 	Time(s): 2415400.446499
  F-Iteration: 18 	MC-Sweep: 5030000 	Time(s): 2417071.970661
  F-Iteration: 18 	MC-Sweep: 5040000 	Time(s): 2418707.830054
  F-Iteration: 18 	MC-Sweep: 5050000 	Time(s): 2420350.327249
  F-Iteration: 18 	MC-Sweep: 5060000 	Time(s): 2421964.088356
  F-Iteration: 18 	MC-Sweep: 5070000 	Time(s): 2423574.370414
  F-Iteration: 18 	MC-Sweep: 5080000 	Time(s): 2425173.949182
  F-Iteration: 18 	MC-Sweep: 5090000 	Time(s): 2426760.003178
  F-Iteration: 18 	MC-Sweep: 5100000 	Time(s): 2428348.605177
  F-Iteration: 18 	MC-Sweep: 5110000 	Time(s): 2430297.859824
  F-Iteration: 18 	MC-Sweep: 5120000 	Time(s): 2432082.519343
  F-Iteration: 18 	MC-Sweep: 5130000 	Time(s): 2433782.597582
  F-Iteration: 18 	MC-Sweep: 5140000 	Time(s): 2435503.243121
  F-Iteration: 18 	MC-Sweep: 5150000 	Time(s): 2437224.231447
  F-Iteration: 18 	MC-Sweep: 5160000 	Time(s): 2438936.300634
  F-Iteration: 18 	MC-Sweep: 5170000 	Time(s): 2440627.306122
  F-Iteration: 18 	MC-Sweep: 5180000 	Time(s): 2442325.701372
  F-Iteration: 18 	MC-Sweep: 5190000 	Time(s): 2444025.816104
  F-Iteration: 18 	MC-Sweep: 5200000 	Time(s): 2445775.019809
  F-Iteration: 18 	MC-Sweep: 5210000 	Time(s): 2447520.292893
  F-Iteration: 18 	MC-Sweep: 5220000 	Time(s): 2449294.796192
  F-Iteration: 18 	MC-Sweep: 5230000 	Time(s): 2451002.679663
  F-Iteration: 18 	MC-Sweep: 5240000 	Time(s): 2452752.103074
  F-Iteration: 18 	MC-Sweep: 5250000 	Time(s): 2454485.323328
  F-Iteration: 18 	MC-Sweep: 5260000 	Time(s): 2456240.238285
  F-Iteration: 18 	MC-Sweep: 5270000 	Time(s): 2457966.531483
  F-Iteration: 18 	MC-Sweep: 5280000 	Time(s): 2459751.078796
  F-Iteration: 18 	MC-Sweep: 5290000 	Time(s): 2461548.829524
  F-Iteration: 18 	MC-Sweep: 5300000 	Time(s): 2463336.105350
  F-Iteration: 18 	MC-Sweep: 5310000 	Time(s): 2465113.896765
  F-Iteration: 18 	MC-Sweep: 5320000 	Time(s): 2466913.494448
  F-Iteration: 18 	MC-Sweep: 5330000 	Time(s): 2468709.411842
  F-Iteration: 18 	MC-Sweep: 5340000 	Time(s): 2470484.175644
  F-Iteration: 18 	MC-Sweep: 5350000 	Time(s): 2472222.667825
  F-Iteration: 18 	MC-Sweep: 5360000 	Time(s): 2473983.169473
  F-Iteration: 18 	MC-Sweep: 5370000 	Time(s): 2475741.563820
  F-Iteration: 18 	MC-Sweep: 5380000 	Time(s): 2477517.233310
  F-Iteration: 18 	MC-Sweep: 5390000 	Time(s): 2479261.070910
  F-Iteration: 18 	MC-Sweep: 5400000 	Time(s): 2481019.139383
  F-Iteration: 18 	MC-Sweep: 5410000 	Time(s): 2482791.870761
  F-Iteration: 18 	MC-Sweep: 5420000 	Time(s): 2484440.150681
  F-Iteration: 18 	MC-Sweep: 5430000 	Time(s): 2486007.755734
  F-Iteration: 18 	MC-Sweep: 5440000 	Time(s): 2487533.407322
  F-Iteration: 18 	MC-Sweep: 5450000 	Time(s): 2489086.622488
  F-Iteration: 18 	MC-Sweep: 5460000 	Time(s): 2490644.420770
  F-Iteration: 18 	MC-Sweep: 5470000 	Time(s): 2492172.655557
  F-Iteration: 18 	MC-Sweep: 5480000 	Time(s): 2493712.610969
  F-Iteration: 18 	MC-Sweep: 5490000 	Time(s): 2495229.106399
  F-Iteration: 18 	MC-Sweep: 5500000 	Time(s): 2496753.448379
  F-Iteration: 18 	MC-Sweep: 5510000 	Time(s): 2498374.990939
  F-Iteration: 18 	MC-Sweep: 5520000 	Time(s): 2499893.292921
  F-Iteration: 18 	MC-Sweep: 5530000 	Time(s): 2501376.851984
  F-Iteration: 18 	MC-Sweep: 5540000 	Time(s): 2502887.439532
  F-Iteration: 18 	MC-Sweep: 5550000 	Time(s): 2504479.804208
  F-Iteration: 18 	MC-Sweep: 5560000 	Time(s): 2506047.018296
  F-Iteration: 18 	MC-Sweep: 5570000 	Time(s): 2507585.018520
  F-Iteration: 18 	MC-Sweep: 5580000 	Time(s): 2509191.213049
  F-Iteration: 18 	MC-Sweep: 5590000 	Time(s): 2510708.401026
  F-Iteration: 18 	MC-Sweep: 5600000 	Time(s): 2512054.925712
  F-Iteration: 18 	MC-Sweep: 5610000 	Time(s): 2513378.032849
  F-Iteration: 18 	MC-Sweep: 5620000 	Time(s): 2514687.373110
  F-Iteration: 18 	MC-Sweep: 5630000 	Time(s): 2516018.592422
  F-Iteration: 18 	MC-Sweep: 5640000 	Time(s): 2517360.891755
  F-Iteration: 18 	MC-Sweep: 5650000 	Time(s): 2518741.744836
  F-Iteration: 18 	MC-Sweep: 5660000 	Time(s): 2520119.192051
  F-Iteration: 18 	MC-Sweep: 5670000 	Time(s): 2521489.838542
  F-Iteration: 18 	MC-Sweep: 5680000 	Time(s): 2522864.776062
  F-Iteration: 18 	MC-Sweep: 5690000 	Time(s): 2524248.297429
  F-Iteration: 18 	MC-Sweep: 5700000 	Time(s): 2525579.313312
  F-Iteration: 18 	MC-Sweep: 5710000 	Time(s): 2526892.650536
  F-Iteration: 18 	MC-Sweep: 5720000 	Time(s): 2528219.207048
  F-Iteration: 18 	MC-Sweep: 5730000 	Time(s): 2529502.971307
  F-Iteration: 18 	MC-Sweep: 5740000 	Time(s): 2530826.452106
  F-Iteration: 18 	MC-Sweep: 5750000 	Time(s): 2532143.690684
  F-Iteration: 18 	MC-Sweep: 5760000 	Time(s): 2533425.707605
  F-Iteration: 18 	MC-Sweep: 5770000 	Time(s): 2534749.985970
  F-Iteration: 18 	MC-Sweep: 5780000 	Time(s): 2536070.906200
  F-Iteration: 18 	MC-Sweep: 5790000 	Time(s): 2537392.652284
  F-Iteration: 18 	MC-Sweep: 5800000 	Time(s): 2538715.947331
  F-Iteration: 18 	MC-Sweep: 5810000 	Time(s): 2539987.635224
  F-Iteration: 18 	MC-Sweep: 5820000 	Time(s): 2541309.767973
  F-Iteration: 18 	MC-Sweep: 5830000 	Time(s): 2542608.112200
  F-Iteration: 18 	MC-Sweep: 5840000 	Time(s): 2543880.407170
  F-Iteration: 18 	MC-Sweep: 5850000 	Time(s): 2545161.290147
  F-Iteration: 18 	MC-Sweep: 5860000 	Time(s): 2546475.323449
  F-Iteration: 18 	MC-Sweep: 5870000 	Time(s): 2547803.875235
  F-Iteration: 18 	MC-Sweep: 5880000 	Time(s): 2549077.651483
  F-Iteration: 18 	MC-Sweep: 5890000 	Time(s): 2550395.903620
  F-Iteration: 18 	MC-Sweep: 5900000 	Time(s): 2551709.650376
  F-Iteration: 18 	MC-Sweep: 5910000 	Time(s): 2553014.822954
  F-Iteration: 18 	MC-Sweep: 5920000 	Time(s): 2554334.130671
  F-Iteration: 18 	MC-Sweep: 5930000 	Time(s): 2555649.440231
  F-Iteration: 18 	MC-Sweep: 5940000 	Time(s): 2556964.228340
  F-Iteration: 18 	MC-Sweep: 5950000 	Time(s): 2558276.714131
  F-Iteration: 18 	MC-Sweep: 5960000 	Time(s): 2559601.076964
  F-Iteration: 18 	MC-Sweep: 5970000 	Time(s): 2560919.963421
  F-Iteration: 18 	MC-Sweep: 5980000 	Time(s): 2562237.564188
  F-Iteration: 18 	MC-Sweep: 5990000 	Time(s): 2563554.299996
  F-Iteration: 18 	MC-Sweep: 6000000 	Time(s): 2564842.305834
  F-Iteration: 18 	MC-Sweep: 6010000 	Time(s): 2566192.218539
  F-Iteration: 18 	MC-Sweep: 6020000 	Time(s): 2567570.367084
  F-Iteration: 18 	MC-Sweep: 6030000 	Time(s): 2568959.738667
  F-Iteration: 18 	MC-Sweep: 6040000 	Time(s): 2570259.036602
  F-Iteration: 18 	MC-Sweep: 6050000 	Time(s): 2571574.286497
  F-Iteration: 18 	MC-Sweep: 6060000 	Time(s): 2572880.166787
  F-Iteration: 18 	MC-Sweep: 6070000 	Time(s): 2574179.908142
  F-Iteration: 18 	MC-Sweep: 6080000 	Time(s): 2575498.414783
  F-Iteration: 18 	MC-Sweep: 6090000 	Time(s): 2576829.678411
  F-Iteration: 18 	MC-Sweep: 6100000 	Time(s): 2578147.814321
  F-Iteration: 18 	MC-Sweep: 6110000 	Time(s): 2579472.316948
  F-Iteration: 18 	MC-Sweep: 6120000 	Time(s): 2580814.030772
  F-Iteration: 18 	MC-Sweep: 6130000 	Time(s): 2582200.724313
  F-Iteration: 18 	MC-Sweep: 6140000 	Time(s): 2583575.713822
  F-Iteration: 18 	MC-Sweep: 6150000 	Time(s): 2585187.381399
  F-Iteration: 18 	MC-Sweep: 6160000 	Time(s): 2586530.594185
  F-Iteration: 18 	MC-Sweep: 6170000 	Time(s): 2587885.025879
  F-Iteration: 18 	MC-Sweep: 6180000 	Time(s): 2589224.153905
  F-Iteration: 18 	MC-Sweep: 6190000 	Time(s): 2590578.358546
  F-Iteration: 18 	MC-Sweep: 6200000 	Time(s): 2591893.110466
  F-Iteration: 18 	MC-Sweep: 6210000 	Time(s): 2593181.401246
  F-Iteration: 18 	MC-Sweep: 6220000 	Time(s): 2594474.394771
  F-Iteration: 18 	MC-Sweep: 6230000 	Time(s): 2595758.263538
  F-Iteration: 18 	MC-Sweep: 6240000 	Time(s): 2597049.052518
  F-Iteration: 18 	MC-Sweep: 6250000 	Time(s): 2598340.903187
  F-Iteration: 18 	MC-Sweep: 6260000 	Time(s): 2599617.924695
  F-Iteration: 18 	MC-Sweep: 6270000 	Time(s): 2600902.376456
  F-Iteration: 18 	MC-Sweep: 6280000 	Time(s): 2602172.483741
  F-Iteration: 18 	MC-Sweep: 6290000 	Time(s): 2603466.821944
  F-Iteration: 18 	MC-Sweep: 6300000 	Time(s): 2604743.964572
  F-Iteration: 18 	MC-Sweep: 6310000 	Time(s): 2606044.471618
  F-Iteration: 18 	MC-Sweep: 6320000 	Time(s): 2607345.808277
  F-Iteration: 18 	MC-Sweep: 6330000 	Time(s): 2608635.890703
  F-Iteration: 18 	MC-Sweep: 6340000 	Time(s): 2609929.197628
  F-Iteration: 18 	MC-Sweep: 6350000 	Time(s): 2611223.648320
  F-Iteration: 18 	MC-Sweep: 6360000 	Time(s): 2612532.512864
  F-Iteration: 18 	MC-Sweep: 6370000 	Time(s): 2613834.090344
  F-Iteration: 18 	MC-Sweep: 6380000 	Time(s): 2615130.604456
  F-Iteration: 18 	MC-Sweep: 6390000 	Time(s): 2616433.783169
  F-Iteration: 18 	MC-Sweep: 6400000 	Time(s): 2617705.789604
  F-Iteration: 18 	MC-Sweep: 6410000 	Time(s): 2619001.221776
  F-Iteration: 18 	MC-Sweep: 6420000 	Time(s): 2620306.199444
  F-Iteration: 18 	MC-Sweep: 6430000 	Time(s): 2621603.392528
  F-Iteration: 18 	MC-Sweep: 6440000 	Time(s): 2622892.258642
  F-Iteration: 18 	MC-Sweep: 6450000 	Time(s): 2624195.857793
  F-Iteration: 18 	MC-Sweep: 6460000 	Time(s): 2625494.570385
  F-Iteration: 18 	MC-Sweep: 6470000 	Time(s): 2626791.949582
  F-Iteration: 18 	MC-Sweep: 6480000 	Time(s): 2628089.063307
  F-Iteration: 18 	MC-Sweep: 6490000 	Time(s): 2629380.653475
  F-Iteration: 18 	MC-Sweep: 6500000 	Time(s): 2630693.881572
  F-Iteration: 18 	MC-Sweep: 6510000 	Time(s): 2631988.715615
  F-Iteration: 18 	MC-Sweep: 6520000 	Time(s): 2633299.110507
  F-Iteration: 18 	MC-Sweep: 6530000 	Time(s): 2634600.820963
  F-Iteration: 18 	MC-Sweep: 6540000 	Time(s): 2635890.161834
  F-Iteration: 18 	MC-Sweep: 6550000 	Time(s): 2637183.533560
  F-Iteration: 18 	MC-Sweep: 6560000 	Time(s): 2638468.685342
  F-Iteration: 18 	MC-Sweep: 6570000 	Time(s): 2639763.659851
  F-Iteration: 18 	MC-Sweep: 6580000 	Time(s): 2641049.011444
  F-Iteration: 18 	MC-Sweep: 6590000 	Time(s): 2642335.836634
  F-Iteration: 18 	MC-Sweep: 6600000 	Time(s): 2643626.056965
  F-Iteration: 18 	MC-Sweep: 6610000 	Time(s): 2644910.958594
  F-Iteration: 18 	MC-Sweep: 6620000 	Time(s): 2646207.875247
  F-Iteration: 18 	MC-Sweep: 6630000 	Time(s): 2647494.566399
  F-Iteration: 18 	MC-Sweep: 6640000 	Time(s): 2648787.937922
  F-Iteration: 18 	MC-Sweep: 6650000 	Time(s): 2650081.062710
  F-Iteration: 18 	MC-Sweep: 6660000 	Time(s): 2651382.866289
  F-Iteration: 18 	MC-Sweep: 6670000 	Time(s): 2652680.879071
  F-Iteration: 18 	MC-Sweep: 6680000 	Time(s): 2653992.326990
  F-Iteration: 18 	MC-Sweep: 6690000 	Time(s): 2655314.388597
  F-Iteration: 18 	MC-Sweep: 6700000 	Time(s): 2656624.077247
  F-Iteration: 18 	MC-Sweep: 6710000 	Time(s): 2657923.641796
  F-Iteration: 18 	MC-Sweep: 6720000 	Time(s): 2659253.571767
  F-Iteration: 18 	MC-Sweep: 6730000 	Time(s): 2660563.210963
  F-Iteration: 18 	MC-Sweep: 6740000 	Time(s): 2661869.053947
  F-Iteration: 18 	MC-Sweep: 6750000 	Time(s): 2663170.060281
  F-Iteration: 18 	MC-Sweep: 6760000 	Time(s): 2664472.731685
  F-Iteration: 18 	MC-Sweep: 6770000 	Time(s): 2665779.593440
  F-Iteration: 18 	MC-Sweep: 6780000 	Time(s): 2667105.861585
  F-Iteration: 18 	MC-Sweep: 6790000 	Time(s): 2668429.064600
  F-Iteration: 18 	MC-Sweep: 6800000 	Time(s): 2669752.941460
  F-Iteration: 18 	MC-Sweep: 6810000 	Time(s): 2671056.472701
  F-Iteration: 18 	MC-Sweep: 6820000 	Time(s): 2672377.017866
  F-Iteration: 18 	MC-Sweep: 6830000 	Time(s): 2673770.299937
  F-Iteration: 18 	MC-Sweep: 6840000 	Time(s): 2675123.248704
  F-Iteration: 18 	MC-Sweep: 6850000 	Time(s): 2676504.979730
  F-Iteration: 18 	MC-Sweep: 6860000 	Time(s): 2677923.508063
  F-Iteration: 18 	MC-Sweep: 6870000 	Time(s): 2679243.257917
  F-Iteration: 18 	MC-Sweep: 6880000 	Time(s): 2680561.550731
  F-Iteration: 18 	MC-Sweep: 6890000 	Time(s): 2681857.477611
  F-Iteration: 18 	MC-Sweep: 6900000 	Time(s): 2683158.356135
  F-Iteration: 18 	MC-Sweep: 6910000 	Time(s): 2684485.482993
  F-Iteration: 18 	MC-Sweep: 6920000 	Time(s): 2685790.546775
  F-Iteration: 18 	MC-Sweep: 6930000 	Time(s): 2687094.693464
  F-Iteration: 18 	MC-Sweep: 6940000 	Time(s): 2688392.381942
  F-Iteration: 18 	MC-Sweep: 6950000 	Time(s): 2689693.420151
  F-Iteration: 18 	MC-Sweep: 6960000 	Time(s): 2691006.484386
  F-Iteration: 18 	MC-Sweep: 6970000 	Time(s): 2692307.681294
  F-Iteration: 18 	MC-Sweep: 6980000 	Time(s): 2693614.278097
  F-Iteration: 18 	MC-Sweep: 6990000 	Time(s): 2694905.770497
  F-Iteration: 18 	MC-Sweep: 7000000 	Time(s): 2696201.406627
  F-Iteration: 18 	MC-Sweep: 7010000 	Time(s): 2697506.799652
  F-Iteration: 18 	MC-Sweep: 7020000 	Time(s): 2698802.317142
  F-Iteration: 18 	MC-Sweep: 7030000 	Time(s): 2700098.402824
  F-Iteration: 18 	MC-Sweep: 7040000 	Time(s): 2701392.476500
  F-Iteration: 18 	MC-Sweep: 7050000 	Time(s): 2702666.329734
  F-Iteration: 18 	MC-Sweep: 7060000 	Time(s): 2703963.577349
  F-Iteration: 18 	MC-Sweep: 7070000 	Time(s): 2705229.689586
  F-Iteration: 18 	MC-Sweep: 7080000 	Time(s): 2706516.574031
  F-Iteration: 18 	MC-Sweep: 7090000 	Time(s): 2707799.585940
  F-Iteration: 18 	MC-Sweep: 7100000 	Time(s): 2709087.017331
  F-Iteration: 18 	MC-Sweep: 7110000 	Time(s): 2710382.140289
  F-Iteration: 18 	MC-Sweep: 7120000 	Time(s): 2711671.439183
  F-Iteration: 18 	MC-Sweep: 7130000 	Time(s): 2712973.437886
  F-Iteration: 18 	MC-Sweep: 7140000 	Time(s): 2714274.143813
  F-Iteration: 18 	MC-Sweep: 7150000 	Time(s): 2715566.379324
  F-Iteration: 18 	MC-Sweep: 7160000 	Time(s): 2716857.856696
  F-Iteration: 18 	MC-Sweep: 7170000 	Time(s): 2718158.750697
  F-Iteration: 18 	MC-Sweep: 7180000 	Time(s): 2719463.194370
  F-Iteration: 18 	MC-Sweep: 7190000 	Time(s): 2720771.493202
  F-Iteration: 18 	MC-Sweep: 7200000 	Time(s): 2722076.880418
  F-Iteration: 18 	MC-Sweep: 7210000 	Time(s): 2723358.687073
  F-Iteration: 18 	MC-Sweep: 7220000 	Time(s): 2724637.668748
  F-Iteration: 18 	MC-Sweep: 7230000 	Time(s): 2725901.244174
  F-Iteration: 18 	MC-Sweep: 7240000 	Time(s): 2727180.268707
  F-Iteration: 18 	MC-Sweep: 7250000 	Time(s): 2728462.436334
  F-Iteration: 18 	MC-Sweep: 7260000 	Time(s): 2729750.643959
  F-Iteration: 18 	MC-Sweep: 7270000 	Time(s): 2731032.035448
  F-Iteration: 18 	MC-Sweep: 7280000 	Time(s): 2732311.157337
  F-Iteration: 18 	MC-Sweep: 7290000 	Time(s): 2733594.645142
  F-Iteration: 18 	MC-Sweep: 7300000 	Time(s): 2734883.850414
  F-Iteration: 18 	MC-Sweep: 7310000 	Time(s): 2736160.168456
  F-Iteration: 18 	MC-Sweep: 7320000 	Time(s): 2737450.138731
  F-Iteration: 18 	MC-Sweep: 7330000 	Time(s): 2738723.386735
  F-Iteration: 18 	MC-Sweep: 7340000 	Time(s): 2740009.173261
  F-Iteration: 18 	MC-Sweep: 7350000 	Time(s): 2741292.703591
  F-Iteration: 18 	MC-Sweep: 7360000 	Time(s): 2742570.654936
  F-Iteration: 18 	MC-Sweep: 7370000 	Time(s): 2743824.674121
  F-Iteration: 18 	MC-Sweep: 7380000 	Time(s): 2745059.766255
  F-Iteration: 18 	MC-Sweep: 7390000 	Time(s): 2746341.520805
  F-Iteration: 18 	MC-Sweep: 7400000 	Time(s): 2747623.776836
  F-Iteration: 18 	MC-Sweep: 7410000 	Time(s): 2748908.144110
  F-Iteration: 18 	MC-Sweep: 7420000 	Time(s): 2750197.096240
  F-Iteration: 18 	MC-Sweep: 7430000 	Time(s): 2751486.806117
  F-Iteration: 18 	MC-Sweep: 7440000 	Time(s): 2752775.115358
  F-Iteration: 18 	MC-Sweep: 7450000 	Time(s): 2754070.094110
  F-Iteration: 18 	MC-Sweep: 7460000 	Time(s): 2755361.857611
  F-Iteration: 18 	MC-Sweep: 7470000 	Time(s): 2756648.966272
  F-Iteration: 18 	MC-Sweep: 7480000 	Time(s): 2757944.438195
  F-Iteration: 18 	MC-Sweep: 7490000 	Time(s): 2759236.789351
  F-Iteration: 18 	MC-Sweep: 7500000 	Time(s): 2760526.355117
  F-Iteration: 18 	MC-Sweep: 7510000 	Time(s): 2761816.234982
  F-Iteration: 18 	MC-Sweep: 7520000 	Time(s): 2763123.706569
  F-Iteration: 18 	MC-Sweep: 7530000 	Time(s): 2764423.744737
  F-Iteration: 18 	MC-Sweep: 7540000 	Time(s): 2765712.727390
  F-Iteration: 18 	MC-Sweep: 7550000 	Time(s): 2767000.845858
  F-Iteration: 18 	MC-Sweep: 7560000 	Time(s): 2768298.355530
  F-Iteration: 18 	MC-Sweep: 7570000 	Time(s): 2769589.905395
  F-Iteration: 18 	MC-Sweep: 7580000 	Time(s): 2770900.182691
  F-Iteration: 18 	MC-Sweep: 7590000 	Time(s): 2772208.692296
  F-Iteration: 18 	MC-Sweep: 7600000 	Time(s): 2773527.829492
  F-Iteration: 18 	MC-Sweep: 7610000 	Time(s): 2774836.423747
  F-Iteration: 18 	MC-Sweep: 7620000 	Time(s): 2776132.965932
  F-Iteration: 18 	MC-Sweep: 7630000 	Time(s): 2777440.489638
  F-Iteration: 18 	MC-Sweep: 7640000 	Time(s): 2778749.172004
  F-Iteration: 18 	MC-Sweep: 7650000 	Time(s): 2780054.514741
  F-Iteration: 18 	MC-Sweep: 7660000 	Time(s): 2781346.044845
  F-Iteration: 18 	MC-Sweep: 7670000 	Time(s): 2782704.608545
  F-Iteration: 18 	MC-Sweep: 7680000 	Time(s): 2784067.650584
  F-Iteration: 18 	MC-Sweep: 7690000 	Time(s): 2785430.441851
  F-Iteration: 18 	MC-Sweep: 7700000 	Time(s): 2786881.633960
  F-Iteration: 18 	MC-Sweep: 7710000 	Time(s): 2788300.981080
  F-Iteration: 18 	MC-Sweep: 7720000 	Time(s): 2789706.998806
  F-Iteration: 18 	MC-Sweep: 7730000 	Time(s): 2791085.820313
  F-Iteration: 18 	MC-Sweep: 7740000 	Time(s): 2792456.899392
  F-Iteration: 18 	MC-Sweep: 7750000 	Time(s): 2793823.478122
  F-Iteration: 18 	MC-Sweep: 7760000 	Time(s): 2795186.128611
  F-Iteration: 18 	MC-Sweep: 7770000 	Time(s): 2796538.663935
  F-Iteration: 18 	MC-Sweep: 7780000 	Time(s): 2797905.074675
  F-Iteration: 18 	MC-Sweep: 7790000 	Time(s): 2799298.734196
  F-Iteration: 18 	MC-Sweep: 7800000 	Time(s): 2800692.120338
  F-Iteration: 18 	MC-Sweep: 7810000 	Time(s): 2802063.502917
  F-Iteration: 18 	MC-Sweep: 7820000 	Time(s): 2803434.707690
  F-Iteration: 18 	MC-Sweep: 7830000 	Time(s): 2804811.823657
  F-Iteration: 18 	MC-Sweep: 7840000 	Time(s): 2806177.154871
  F-Iteration: 18 	MC-Sweep: 7850000 	Time(s): 2807560.354813
  F-Iteration: 18 	MC-Sweep: 7860000 	Time(s): 2808936.803722
  F-Iteration: 18 	MC-Sweep: 7870000 	Time(s): 2810302.583235
  F-Iteration: 18 	MC-Sweep: 7880000 	Time(s): 2811667.166621
  F-Iteration: 18 	MC-Sweep: 7890000 	Time(s): 2813034.580820
  F-Iteration: 18 	MC-Sweep: 7900000 	Time(s): 2814408.773990
  F-Iteration: 18 	MC-Sweep: 7910000 	Time(s): 2815773.649405
  F-Iteration: 18 	MC-Sweep: 7920000 	Time(s): 2817140.463882
  F-Iteration: 18 	MC-Sweep: 7930000 	Time(s): 2818498.017910
  F-Iteration: 18 	MC-Sweep: 7940000 	Time(s): 2819860.823754
  F-Iteration: 18 	MC-Sweep: 7950000 	Time(s): 2821231.675681
  F-Iteration: 18 	MC-Sweep: 7960000 	Time(s): 2822609.083651
  F-Iteration: 18 	MC-Sweep: 7970000 	Time(s): 2823996.247849
  F-Iteration: 18 	MC-Sweep: 7980000 	Time(s): 2825362.182587
  F-Iteration: 18 	MC-Sweep: 7990000 	Time(s): 2826735.940694
  F-Iteration: 18 	MC-Sweep: 8000000 	Time(s): 2828084.293491
  F-Iteration: 18 	MC-Sweep: 8010000 	Time(s): 2829451.330191
  F-Iteration: 18 	MC-Sweep: 8020000 	Time(s): 2830760.036656
  F-Iteration: 18 	MC-Sweep: 8030000 	Time(s): 2832115.626116
  F-Iteration: 18 	MC-Sweep: 8040000 	Time(s): 2833386.525362
  F-Iteration: 18 	MC-Sweep: 8050000 	Time(s): 2834687.661924
  F-Iteration: 18 	MC-Sweep: 8060000 	Time(s): 2835952.717273
  F-Iteration: 18 	MC-Sweep: 8070000 	Time(s): 2837264.378372
  F-Iteration: 18 	MC-Sweep: 8080000 	Time(s): 2838581.002180
  F-Iteration: 18 	MC-Sweep: 8090000 	Time(s): 2839899.635598
  F-Iteration: 18 	MC-Sweep: 8100000 	Time(s): 2841221.067806
  F-Iteration: 18 	MC-Sweep: 8110000 	Time(s): 2842503.951457
  F-Iteration: 18 	MC-Sweep: 8120000 	Time(s): 2843795.273875
  F-Iteration: 18 	MC-Sweep: 8130000 	Time(s): 2845103.918139
  F-Iteration: 18 	MC-Sweep: 8140000 	Time(s): 2846444.484854
  F-Iteration: 18 	MC-Sweep: 8150000 	Time(s): 2847775.512121
  F-Iteration: 18 	MC-Sweep: 8160000 	Time(s): 2849117.712401
  F-Iteration: 18 	MC-Sweep: 8170000 	Time(s): 2850519.031684
  F-Iteration: 18 	MC-Sweep: 8180000 	Time(s): 2851833.423916
  F-Iteration: 18 	MC-Sweep: 8190000 	Time(s): 2853208.735636
  F-Iteration: 18 	MC-Sweep: 8200000 	Time(s): 2854541.683025
  F-Iteration: 18 	MC-Sweep: 8210000 	Time(s): 2855870.910724
  F-Iteration: 18 	MC-Sweep: 8220000 	Time(s): 2857245.759018
  F-Iteration: 18 	MC-Sweep: 8230000 	Time(s): 2858539.951568
  F-Iteration: 18 	MC-Sweep: 8240000 	Time(s): 2859851.849977
  F-Iteration: 18 	MC-Sweep: 8250000 	Time(s): 2861188.013160
  F-Iteration: 18 	MC-Sweep: 8260000 	Time(s): 2862518.059094
  F-Iteration: 18 	MC-Sweep: 8270000 	Time(s): 2863836.823691
  F-Iteration: 18 	MC-Sweep: 8280000 	Time(s): 2865168.477064
  F-Iteration: 18 	MC-Sweep: 8290000 	Time(s): 2866489.412068
  F-Iteration: 18 	MC-Sweep: 8300000 	Time(s): 2867881.680885
  F-Iteration: 18 	MC-Sweep: 8310000 	Time(s): 2869219.330784
  F-Iteration: 18 	MC-Sweep: 8320000 	Time(s): 2870613.275199
  F-Iteration: 18 	MC-Sweep: 8330000 	Time(s): 2872020.022071
  F-Iteration: 18 	MC-Sweep: 8340000 	Time(s): 2873353.077914
  F-Iteration: 18 	MC-Sweep: 8350000 	Time(s): 2874697.894252
  F-Iteration: 18 	MC-Sweep: 8360000 	Time(s): 2876028.248047
  F-Iteration: 18 	MC-Sweep: 8370000 	Time(s): 2877314.277808
  F-Iteration: 18 	MC-Sweep: 8380000 	Time(s): 2878673.856483
  F-Iteration: 18 	MC-Sweep: 8390000 	Time(s): 2880000.523718
  F-Iteration: 18 	MC-Sweep: 8400000 	Time(s): 2881307.661630
  F-Iteration: 18 	MC-Sweep: 8410000 	Time(s): 2882614.831518
  F-Iteration: 18 	MC-Sweep: 8420000 	Time(s): 2883944.524497
  F-Iteration: 18 	MC-Sweep: 8430000 	Time(s): 2885213.209870
  F-Iteration: 18 	MC-Sweep: 8440000 	Time(s): 2886523.544853
  F-Iteration: 18 	MC-Sweep: 8450000 	Time(s): 2887836.432121
  F-Iteration: 18 	MC-Sweep: 8460000 	Time(s): 2889195.671696
  F-Iteration: 18 	MC-Sweep: 8470000 	Time(s): 2890530.828881
  F-Iteration: 18 	MC-Sweep: 8480000 	Time(s): 2891856.309264
  F-Iteration: 18 	MC-Sweep: 8490000 	Time(s): 2893166.023780
  F-Iteration: 18 	MC-Sweep: 8500000 	Time(s): 2894517.459636
  F-Iteration: 18 	MC-Sweep: 8510000 	Time(s): 2895897.562451
  F-Iteration: 18 	MC-Sweep: 8520000 	Time(s): 2897341.131093
  F-Iteration: 18 	MC-Sweep: 8530000 	Time(s): 2898761.603179
  F-Iteration: 18 	MC-Sweep: 8540000 	Time(s): 2900123.227285
  F-Iteration: 18 	MC-Sweep: 8550000 	Time(s): 2901540.347396
  F-Iteration: 18 	MC-Sweep: 8560000 	Time(s): 2902967.042856
  F-Iteration: 18 	MC-Sweep: 8570000 	Time(s): 2904392.855306
  F-Iteration: 18 	MC-Sweep: 8580000 	Time(s): 2905763.741746
  F-Iteration: 18 	MC-Sweep: 8590000 	Time(s): 2907196.184431
  F-Iteration: 18 	MC-Sweep: 8600000 	Time(s): 2908669.339373
  F-Iteration: 18 	MC-Sweep: 8610000 	Time(s): 2910081.882127
  F-Iteration: 18 	MC-Sweep: 8620000 	Time(s): 2911500.958043
  F-Iteration: 18 	MC-Sweep: 8630000 	Time(s): 2912911.356572
  F-Iteration: 18 	MC-Sweep: 8640000 	Time(s): 2914379.227314
  F-Iteration: 18 	MC-Sweep: 8650000 	Time(s): 2915862.798311
  F-Iteration: 18 	MC-Sweep: 8660000 	Time(s): 2917293.438372
  F-Iteration: 18 	MC-Sweep: 8670000 	Time(s): 2918895.288616
  F-Iteration: 18 	MC-Sweep: 8680000 	Time(s): 2920348.761073
  F-Iteration: 18 	MC-Sweep: 8690000 	Time(s): 2921766.982712
  F-Iteration: 18 	MC-Sweep: 8700000 	Time(s): 2923181.819006
  F-Iteration: 18 	MC-Sweep: 8710000 	Time(s): 2924601.174865
  F-Iteration: 18 	MC-Sweep: 8720000 	Time(s): 2925992.938732
  F-Iteration: 18 	MC-Sweep: 8730000 	Time(s): 2927357.371776
  F-Iteration: 18 	MC-Sweep: 8740000 	Time(s): 2928705.496796
  F-Iteration: 18 	MC-Sweep: 8750000 	Time(s): 2930087.612559
  F-Iteration: 18 	MC-Sweep: 8760000 	Time(s): 2931470.446676
  F-Iteration: 18 	MC-Sweep: 8770000 	Time(s): 2932909.776870
  F-Iteration: 18 	MC-Sweep: 8780000 	Time(s): 2935136.848323
  F-Iteration: 18 	MC-Sweep: 8790000 	Time(s): 2937457.893788
  F-Iteration: 18 	MC-Sweep: 8800000 	Time(s): 2940414.980008
  F-Iteration: 18 	MC-Sweep: 8810000 	Time(s): 2942595.098614
  F-Iteration: 18 	MC-Sweep: 8820000 	Time(s): 2944554.983427
  F-Iteration: 18 	MC-Sweep: 8830000 	Time(s): 2946626.494123
  F-Iteration: 18 	MC-Sweep: 8840000 	Time(s): 2948743.704887
  F-Iteration: 18 	MC-Sweep: 8850000 	Time(s): 2950951.996228
  F-Iteration: 18 	MC-Sweep: 8860000 	Time(s): 2952992.982655
  F-Iteration: 18 	MC-Sweep: 8870000 	Time(s): 2954814.778145
  F-Iteration: 18 	MC-Sweep: 8880000 	Time(s): 2956647.974250
  F-Iteration: 18 	MC-Sweep: 8890000 	Time(s): 2958633.545352
  F-Iteration: 18 	MC-Sweep: 8900000 	Time(s): 2960651.974949
  F-Iteration: 18 	MC-Sweep: 8910000 	Time(s): 2962685.972319
  F-Iteration: 18 	MC-Sweep: 8920000 	Time(s): 2964684.395290
  F-Iteration: 18 	MC-Sweep: 8930000 	Time(s): 2966727.683949
  F-Iteration: 18 	MC-Sweep: 8940000 	Time(s): 2968788.331058
  F-Iteration: 18 	MC-Sweep: 8950000 	Time(s): 2970787.387149
  F-Iteration: 18 	MC-Sweep: 8960000 	Time(s): 2972798.344224
  F-Iteration: 18 	MC-Sweep: 8970000 	Time(s): 2974823.573482
  F-Iteration: 18 	MC-Sweep: 8980000 	Time(s): 2976831.059542
  F-Iteration: 18 	MC-Sweep: 8990000 	Time(s): 2978828.374595
  F-Iteration: 18 	MC-Sweep: 9000000 	Time(s): 2980780.622480
  F-Iteration: 18 	MC-Sweep: 9010000 	Time(s): 2982808.277384
  F-Iteration: 18 	MC-Sweep: 9020000 	Time(s): 2984831.879469
  F-Iteration: 18 	MC-Sweep: 9030000 	Time(s): 2986810.722376
  F-Iteration: 18 	MC-Sweep: 9040000 	Time(s): 2988855.826830
  F-Iteration: 18 	MC-Sweep: 9050000 	Time(s): 2990870.676144
  F-Iteration: 18 	MC-Sweep: 9060000 	Time(s): 2992729.469161
  F-Iteration: 18 	MC-Sweep: 9070000 	Time(s): 2994527.063217
  F-Iteration: 18 	MC-Sweep: 9080000 	Time(s): 2996644.325605
  F-Iteration: 18 	MC-Sweep: 9090000 	Time(s): 2998737.179951
  F-Iteration: 18 	MC-Sweep: 9100000 	Time(s): 3000860.056674
  F-Iteration: 18 	MC-Sweep: 9110000 	Time(s): 3002923.242111
  F-Iteration: 18 	MC-Sweep: 9120000 	Time(s): 3004990.844122
  F-Iteration: 18 	MC-Sweep: 9130000 	Time(s): 3007052.059120
  F-Iteration: 18 	MC-Sweep: 9140000 	Time(s): 3009227.745026
  F-Iteration: 18 	MC-Sweep: 9150000 	Time(s): 3011421.998207
  F-Iteration: 18 	MC-Sweep: 9160000 	Time(s): 3013476.916433
  F-Iteration: 18 	MC-Sweep: 9170000 	Time(s): 3015557.392637
  F-Iteration: 18 	MC-Sweep: 9180000 	Time(s): 3017524.292716
  F-Iteration: 18 	MC-Sweep: 9190000 	Time(s): 3019449.213277
  F-Iteration: 18 	MC-Sweep: 9200000 	Time(s): 3021373.446255
  F-Iteration: 18 	MC-Sweep: 9210000 	Time(s): 3023324.650302
  F-Iteration: 18 	MC-Sweep: 9220000 	Time(s): 3025351.711272
  F-Iteration: 18 	MC-Sweep: 9230000 	Time(s): 3027407.604796
  F-Iteration: 18 	MC-Sweep: 9240000 	Time(s): 3029494.609435
  F-Iteration: 18 	MC-Sweep: 9250000 	Time(s): 3031601.215390
  F-Iteration: 18 	MC-Sweep: 9260000 	Time(s): 3033687.414081
  F-Iteration: 18 	MC-Sweep: 9270000 	Time(s): 3035750.287028
  F-Iteration: 18 	MC-Sweep: 9280000 	Time(s): 3037840.410026
  F-Iteration: 18 	MC-Sweep: 9290000 	Time(s): 3039930.499528
  F-Iteration: 18 	MC-Sweep: 9300000 	Time(s): 3042023.693401
  F-Iteration: 18 	MC-Sweep: 9310000 	Time(s): 3044045.946696
  F-Iteration: 18 	MC-Sweep: 9320000 	Time(s): 3046087.364741
  F-Iteration: 18 	MC-Sweep: 9330000 	Time(s): 3048217.498939
  F-Iteration: 18 	MC-Sweep: 9340000 	Time(s): 3050291.399735
  F-Iteration: 18 	MC-Sweep: 9350000 	Time(s): 3052347.028780
  F-Iteration: 18 	MC-Sweep: 9360000 	Time(s): 3054426.509297
  F-Iteration: 18 	MC-Sweep: 9370000 	Time(s): 3056339.519781
  F-Iteration: 18 	MC-Sweep: 9380000 	Time(s): 3058247.698559
  F-Iteration: 18 	MC-Sweep: 9390000 	Time(s): 3060162.733680
  F-Iteration: 18 	MC-Sweep: 9400000 	Time(s): 3062101.553930
  F-Iteration: 18 	MC-Sweep: 9410000 	Time(s): 3064011.772102
  F-Iteration: 18 	MC-Sweep: 9420000 	Time(s): 3065966.330023
  F-Iteration: 18 	MC-Sweep: 9430000 	Time(s): 3067901.428514
  F-Iteration: 18 	MC-Sweep: 9440000 	Time(s): 3069797.745774
  F-Iteration: 18 	MC-Sweep: 9450000 	Time(s): 3071751.045339
  F-Iteration: 18 	MC-Sweep: 9460000 	Time(s): 3073672.195393
  F-Iteration: 18 	MC-Sweep: 9470000 	Time(s): 3075574.317350
  F-Iteration: 18 	MC-Sweep: 9480000 	Time(s): 3077473.097203
  F-Iteration: 18 	MC-Sweep: 9490000 	Time(s): 3079252.060380
  F-Iteration: 18 	MC-Sweep: 9500000 	Time(s): 3081173.863955
  F-Iteration: 18 	MC-Sweep: 9510000 	Time(s): 3082925.212208
  F-Iteration: 18 	MC-Sweep: 9520000 	Time(s): 3084647.160703
  F-Iteration: 18 	MC-Sweep: 9530000 	Time(s): 3086420.161661
  F-Iteration: 18 	MC-Sweep: 9540000 	Time(s): 3088281.269421
  F-Iteration: 18 	MC-Sweep: 9550000 	Time(s): 3090215.767841
  F-Iteration: 18 	MC-Sweep: 9560000 	Time(s): 3092234.220527
  F-Iteration: 18 	MC-Sweep: 9570000 	Time(s): 3093965.927434
  F-Iteration: 18 	MC-Sweep: 9580000 	Time(s): 3095627.456084
  F-Iteration: 18 	MC-Sweep: 9590000 	Time(s): 3097650.876022
  F-Iteration: 18 	MC-Sweep: 9600000 	Time(s): 3100046.667967
  F-Iteration: 18 	MC-Sweep: 9610000 	Time(s): 3102230.639392
  F-Iteration: 18 	MC-Sweep: 9620000 	Time(s): 3104559.452451
  F-Iteration: 18 	MC-Sweep: 9630000 	Time(s): 3106841.388453
  F-Iteration: 18 	MC-Sweep: 9640000 	Time(s): 3109032.433681
  F-Iteration: 18 	MC-Sweep: 9650000 	Time(s): 3111291.786116
  F-Iteration: 18 	MC-Sweep: 9660000 	Time(s): 3113580.063676
  F-Iteration: 18 	MC-Sweep: 9670000 	Time(s): 3115841.141031
  F-Iteration: 18 	MC-Sweep: 9680000 	Time(s): 3118388.525071
  F-Iteration: 18 	MC-Sweep: 9690000 	Time(s): 3120913.037722
  F-Iteration: 18 	MC-Sweep: 9700000 	Time(s): 3123353.101908
  F-Iteration: 18 	MC-Sweep: 9710000 	Time(s): 3125751.096015
  F-Iteration: 18 	MC-Sweep: 9720000 	Time(s): 3128168.270818
  F-Iteration: 18 	MC-Sweep: 9730000 	Time(s): 3130442.575679
  F-Iteration: 18 	MC-Sweep: 9740000 	Time(s): 3132617.782477
  F-Iteration: 18 	MC-Sweep: 9750000 	Time(s): 3134822.734647
  F-Iteration: 18 	MC-Sweep: 9760000 	Time(s): 3137036.637815
  F-Iteration: 18 	MC-Sweep: 9770000 	Time(s): 3139253.219894
  F-Iteration: 18 	MC-Sweep: 9780000 	Time(s): 3141474.271497
  F-Iteration: 18 	MC-Sweep: 9790000 	Time(s): 3143716.763745
  F-Iteration: 18 	MC-Sweep: 9800000 	Time(s): 3145907.252756
  F-Iteration: 18 	MC-Sweep: 9810000 	Time(s): 3148126.896571
  F-Iteration: 18 	MC-Sweep: 9820000 	Time(s): 3150327.701315
  F-Iteration: 18 	MC-Sweep: 9830000 	Time(s): 3152558.373460
  F-Iteration: 18 	MC-Sweep: 9840000 	Time(s): 3154750.351871
  F-Iteration: 18 	MC-Sweep: 9850000 	Time(s): 3156954.560039
  F-Iteration: 18 	MC-Sweep: 9860000 	Time(s): 3159223.963163
  F-Iteration: 18 	MC-Sweep: 9870000 	Time(s): 3161449.560167
  F-Iteration: 18 	MC-Sweep: 9880000 	Time(s): 3163605.956741
  F-Iteration: 18 	MC-Sweep: 9890000 	Time(s): 3165814.269927
  F-Iteration: 18 	MC-Sweep: 9900000 	Time(s): 3168092.236646
  F-Iteration: 18 	MC-Sweep: 9910000 	Time(s): 3170519.319486
  F-Iteration: 18 	MC-Sweep: 9920000 	Time(s): 3172832.154635
  F-Iteration: 18 	MC-Sweep: 9930000 	Time(s): 3175077.746365
  F-Iteration: 18 	MC-Sweep: 9940000 	Time(s): 3177390.911319
  F-Iteration: 18 	MC-Sweep: 9950000 	Time(s): 3179620.828302
  F-Iteration: 18 	MC-Sweep: 9960000 	Time(s): 3181877.645342
  F-Iteration: 18 	MC-Sweep: 9970000 	Time(s): 3184078.178711
  F-Iteration: 18 	MC-Sweep: 9980000 	Time(s): 3186109.731193
  F-Iteration: 18 	MC-Sweep: 9990000 	Time(s): 3188268.000731
  F-Iteration: 18 	MC-Sweep: 10000000 	Time(s): 3190482.599006
  F-Iteration: 18 	MC-Sweep: 10010000 	Time(s): 3192819.563929
  F-Iteration: 18 	MC-Sweep: 10020000 	Time(s): 3195076.651926
  F-Iteration: 18 	MC-Sweep: 10030000 	Time(s): 3197333.150857
  F-Iteration: 18 	MC-Sweep: 10040000 	Time(s): 3199625.365936
  F-Iteration: 18 	MC-Sweep: 10050000 	Time(s): 3201802.285310
  F-Iteration: 18 	MC-Sweep: 10060000 	Time(s): 3204089.313046
  F-Iteration: 18 	MC-Sweep: 10070000 	Time(s): 3206285.976141
  F-Iteration: 18 	MC-Sweep: 10080000 	Time(s): 3208601.466326
  F-Iteration: 18 	MC-Sweep: 10090000 	Time(s): 3210946.724526
  F-Iteration: 18 	MC-Sweep: 10100000 	Time(s): 3213214.881645
  F-Iteration: 18 	MC-Sweep: 10110000 	Time(s): 3215508.921185
  F-Iteration: 18 	MC-Sweep: 10120000 	Time(s): 3217765.022763
  F-Iteration: 18 	MC-Sweep: 10130000 	Time(s): 3219848.652834
  F-Iteration: 18 	MC-Sweep: 10140000 	Time(s): 3222050.431683
  F-Iteration: 18 	MC-Sweep: 10150000 	Time(s): 3224214.582502
  F-Iteration: 18 	MC-Sweep: 10160000 	Time(s): 3226258.892736
  F-Iteration: 18 	MC-Sweep: 10170000 	Time(s): 3228394.085748
  F-Iteration: 18 	MC-Sweep: 10180000 	Time(s): 3230490.825990
  F-Iteration: 18 	MC-Sweep: 10190000 	Time(s): 3232610.276536
  F-Iteration: 18 	MC-Sweep: 10200000 	Time(s): 3234733.989021
  F-Iteration: 18 	MC-Sweep: 10210000 	Time(s): 3236810.021203
  F-Iteration: 18 	MC-Sweep: 10220000 	Time(s): 3238924.479133
  F-Iteration: 18 	MC-Sweep: 10230000 	Time(s): 3241056.651021
  F-Iteration: 18 	MC-Sweep: 10240000 	Time(s): 3243139.811049
  F-Iteration: 18 	MC-Sweep: 10250000 	Time(s): 3245260.192478
  F-Iteration: 18 	MC-Sweep: 10260000 	Time(s): 3247350.764182
  F-Iteration: 18 	MC-Sweep: 10270000 	Time(s): 3249340.109730
  F-Iteration: 18 	MC-Sweep: 10280000 	Time(s): 3251291.042360
  F-Iteration: 18 	MC-Sweep: 10290000 	Time(s): 3253081.958194
  F-Iteration: 18 	MC-Sweep: 10300000 	Time(s): 3254645.487687
  F-Iteration: 18 	MC-Sweep: 10310000 	Time(s): 3256131.297182
  F-Iteration: 18 	MC-Sweep: 10320000 	Time(s): 3257697.776583
  F-Iteration: 18 	MC-Sweep: 10330000 	Time(s): 3259100.919039
  F-Iteration: 18 	MC-Sweep: 10340000 	Time(s): 3260586.643852
  F-Iteration: 18 	MC-Sweep: 10350000 	Time(s): 3262075.312571
  F-Iteration: 18 	MC-Sweep: 10360000 	Time(s): 3263390.557148
  F-Iteration: 18 	MC-Sweep: 10370000 	Time(s): 3264678.321875
  F-Iteration: 18 	MC-Sweep: 10380000 	Time(s): 3265988.192684
  F-Iteration: 18 	MC-Sweep: 10390000 	Time(s): 3267313.491148
  F-Iteration: 18 	MC-Sweep: 10400000 	Time(s): 3268645.620528
  F-Iteration: 18 	MC-Sweep: 10410000 	Time(s): 3269987.255774
  F-Iteration: 18 	MC-Sweep: 10420000 	Time(s): 3271310.618592
  F-Iteration: 18 	MC-Sweep: 10430000 	Time(s): 3272608.240023
  F-Iteration: 18 	MC-Sweep: 10440000 	Time(s): 3273898.313764
  F-Iteration: 18 	MC-Sweep: 10450000 	Time(s): 3275193.364628
  F-Iteration: 18 	MC-Sweep: 10460000 	Time(s): 3276466.153325
  F-Iteration: 18 	MC-Sweep: 10470000 	Time(s): 3277731.520913
  F-Iteration: 18 	MC-Sweep: 10480000 	Time(s): 3278984.747128
  F-Iteration: 18 	MC-Sweep: 10490000 	Time(s): 3280243.914260
  F-Iteration: 18 	MC-Sweep: 10500000 	Time(s): 3281517.456662
  F-Iteration: 18 	MC-Sweep: 10510000 	Time(s): 3282787.917549
  F-Iteration: 18 	MC-Sweep: 10520000 	Time(s): 3284074.555360
  F-Iteration: 18 	MC-Sweep: 10530000 	Time(s): 3285394.645963
  F-Iteration: 18 	MC-Sweep: 10540000 	Time(s): 3286831.047323
  F-Iteration: 18 	MC-Sweep: 10550000 	Time(s): 3288216.554093
  F-Iteration: 18 	MC-Sweep: 10560000 	Time(s): 3289614.425143
  F-Iteration: 18 	MC-Sweep: 10570000 	Time(s): 3290952.950736
  F-Iteration: 18 	MC-Sweep: 10580000 	Time(s): 3292308.866595
  F-Iteration: 18 	MC-Sweep: 10590000 	Time(s): 3293722.103779
  F-Iteration: 18 	MC-Sweep: 10600000 	Time(s): 3295122.914327
  F-Iteration: 18 	MC-Sweep: 10610000 	Time(s): 3296481.458231
  F-Iteration: 18 	MC-Sweep: 10620000 	Time(s): 3297873.106324
  F-Iteration: 18 	MC-Sweep: 10630000 	Time(s): 3299209.138933
  F-Iteration: 18 	MC-Sweep: 10640000 	Time(s): 3300536.857975
  F-Iteration: 18 	MC-Sweep: 10650000 	Time(s): 3301898.480254
  F-Iteration: 18 	MC-Sweep: 10660000 	Time(s): 3303283.382304
  F-Iteration: 18 	MC-Sweep: 10670000 	Time(s): 3304593.275733
  F-Iteration: 18 	MC-Sweep: 10680000 	Time(s): 3305963.224027
  F-Iteration: 18 	MC-Sweep: 10690000 	Time(s): 3307349.579288
  F-Iteration: 18 	MC-Sweep: 10700000 	Time(s): 3308716.210821
  F-Iteration: 18 	MC-Sweep: 10710000 	Time(s): 3310090.955469
  F-Iteration: 18 	MC-Sweep: 10720000 	Time(s): 3311471.057616
  F-Iteration: 18 	MC-Sweep: 10730000 	Time(s): 3312880.559679
  F-Iteration: 18 	MC-Sweep: 10740000 	Time(s): 3314252.456601
  F-Iteration: 18 	MC-Sweep: 10750000 	Time(s): 3315582.256774
  F-Iteration: 18 	MC-Sweep: 10760000 	Time(s): 3317001.377141
  F-Iteration: 18 	MC-Sweep: 10770000 	Time(s): 3318415.710615
  F-Iteration: 18 	MC-Sweep: 10780000 	Time(s): 3319852.480628
  F-Iteration: 18 	MC-Sweep: 10790000 	Time(s): 3321247.723423
  F-Iteration: 18 	MC-Sweep: 10800000 	Time(s): 3322639.977281
  F-Iteration: 18 	MC-Sweep: 10810000 	Time(s): 3324042.175196
  F-Iteration: 18 	MC-Sweep: 10820000 	Time(s): 3325419.007876
  F-Iteration: 18 	MC-Sweep: 10830000 	Time(s): 3326769.863201
  F-Iteration: 18 	MC-Sweep: 10840000 	Time(s): 3328162.248096
  F-Iteration: 18 	MC-Sweep: 10850000 	Time(s): 3329517.563869
  F-Iteration: 18 	MC-Sweep: 10860000 	Time(s): 3330840.362778
  F-Iteration: 18 	MC-Sweep: 10870000 	Time(s): 3332230.224638
  F-Iteration: 18 	MC-Sweep: 10880000 	Time(s): 3333647.128886
  F-Iteration: 18 	MC-Sweep: 10890000 	Time(s): 3335065.374157
  F-Iteration: 18 	MC-Sweep: 10900000 	Time(s): 3336414.762964
  F-Iteration: 18 	MC-Sweep: 10910000 	Time(s): 3337786.978661
  F-Iteration: 18 	MC-Sweep: 10920000 	Time(s): 3339169.546264
  F-Iteration: 18 	MC-Sweep: 10930000 	Time(s): 3340532.361748
  F-Iteration: 18 	MC-Sweep: 10940000 	Time(s): 3341927.733885
  F-Iteration: 18 	MC-Sweep: 10950000 	Time(s): 3343290.002301
  F-Iteration: 18 	MC-Sweep: 10960000 	Time(s): 3344670.337750
  F-Iteration: 18 	MC-Sweep: 10970000 	Time(s): 3346070.502574
  F-Iteration: 18 	MC-Sweep: 10980000 	Time(s): 3347473.018016
  F-Iteration: 18 	MC-Sweep: 10990000 	Time(s): 3348947.868583
  F-Iteration: 18 	MC-Sweep: 11000000 	Time(s): 3350361.763277
  F-Iteration: 18 	MC-Sweep: 11010000 	Time(s): 3351777.620363
  F-Iteration: 18 	MC-Sweep: 11020000 	Time(s): 3353167.987509
  F-Iteration: 18 	MC-Sweep: 11030000 	Time(s): 3354550.267236
  F-Iteration: 18 	MC-Sweep: 11040000 	Time(s): 3355947.615770
  F-Iteration: 18 	MC-Sweep: 11050000 	Time(s): 3357321.731421
  F-Iteration: 18 	MC-Sweep: 11060000 	Time(s): 3358710.742746
  F-Iteration: 18 	MC-Sweep: 11070000 	Time(s): 3360059.479538
  F-Iteration: 18 	MC-Sweep: 11080000 	Time(s): 3361459.890438
  F-Iteration: 18 	MC-Sweep: 11090000 	Time(s): 3362811.223553
  F-Iteration: 18 	MC-Sweep: 11100000 	Time(s): 3364170.863828
  F-Iteration: 18 	MC-Sweep: 11110000 	Time(s): 3365523.916776
  F-Iteration: 18 	MC-Sweep: 11120000 	Time(s): 3366891.032632
  F-Iteration: 18 	MC-Sweep: 11130000 	Time(s): 3368262.282945
  F-Iteration: 18 	MC-Sweep: 11140000 	Time(s): 3369611.395583
  F-Iteration: 18 	MC-Sweep: 11150000 	Time(s): 3371013.086967
  F-Iteration: 18 	MC-Sweep: 11160000 	Time(s): 3372352.351872
  F-Iteration: 18 	MC-Sweep: 11170000 	Time(s): 3373696.755773
  F-Iteration: 18 	MC-Sweep: 11180000 	Time(s): 3375033.028905
  F-Iteration: 18 	MC-Sweep: 11190000 	Time(s): 3376383.653253
  F-Iteration: 18 	MC-Sweep: 11200000 	Time(s): 3377754.877716
  F-Iteration: 18 	MC-Sweep: 11210000 	Time(s): 3379104.331981
  F-Iteration: 18 	MC-Sweep: 11220000 	Time(s): 3380482.753190
  F-Iteration: 18 	MC-Sweep: 11230000 	Time(s): 3381835.029145
  F-Iteration: 18 	MC-Sweep: 11240000 	Time(s): 3383238.884500
  F-Iteration: 18 	MC-Sweep: 11250000 	Time(s): 3384639.344627
  F-Iteration: 18 	MC-Sweep: 11260000 	Time(s): 3385991.139180
  F-Iteration: 18 	MC-Sweep: 11270000 	Time(s): 3387392.021324
  F-Iteration: 18 	MC-Sweep: 11280000 	Time(s): 3388801.006380
  F-Iteration: 18 	MC-Sweep: 11290000 	Time(s): 3390186.641737
  F-Iteration: 18 	MC-Sweep: 11300000 	Time(s): 3391577.121486
  F-Iteration: 18 	MC-Sweep: 11310000 	Time(s): 3392969.546458
  F-Iteration: 18 	MC-Sweep: 11320000 	Time(s): 3394399.763937
  F-Iteration: 18 	MC-Sweep: 11330000 	Time(s): 3395792.526732
  F-Iteration: 18 	MC-Sweep: 11340000 	Time(s): 3397179.835156
  F-Iteration: 18 	MC-Sweep: 11350000 	Time(s): 3398551.595940
  F-Iteration: 18 	MC-Sweep: 11360000 	Time(s): 3399890.068103
  F-Iteration: 18 	MC-Sweep: 11370000 	Time(s): 3401255.432303
  F-Iteration: 18 	MC-Sweep: 11380000 	Time(s): 3402643.879164
  F-Iteration: 18 	MC-Sweep: 11390000 	Time(s): 3404022.633060
  F-Iteration: 18 	MC-Sweep: 11400000 	Time(s): 3405472.804920
  F-Iteration: 18 	MC-Sweep: 11410000 	Time(s): 3406826.181626
  F-Iteration: 18 	MC-Sweep: 11420000 	Time(s): 3408256.968718
  F-Iteration: 18 	MC-Sweep: 11430000 	Time(s): 3409651.772757
  F-Iteration: 18 	MC-Sweep: 11440000 	Time(s): 3411012.967235
  F-Iteration: 18 	MC-Sweep: 11450000 	Time(s): 3412408.766199
  F-Iteration: 18 	MC-Sweep: 11460000 	Time(s): 3413767.091375
  F-Iteration: 18 	MC-Sweep: 11470000 	Time(s): 3415166.940219
  F-Iteration: 18 	MC-Sweep: 11480000 	Time(s): 3416513.402562
  F-Iteration: 18 	MC-Sweep: 11490000 	Time(s): 3417897.862348
  F-Iteration: 18 	MC-Sweep: 11500000 	Time(s): 3419281.471178
  F-Iteration: 18 	MC-Sweep: 11510000 	Time(s): 3420667.798035
  F-Iteration: 18 	MC-Sweep: 11520000 	Time(s): 3422020.421145
  F-Iteration: 18 	MC-Sweep: 11530000 	Time(s): 3423424.206442
  F-Iteration: 18 	MC-Sweep: 11540000 	Time(s): 3424766.064713
  F-Iteration: 18 	MC-Sweep: 11550000 	Time(s): 3426166.016355
  F-Iteration: 18 	MC-Sweep: 11560000 	Time(s): 3427568.513042
  F-Iteration: 18 	MC-Sweep: 11570000 	Time(s): 3428929.901721
  F-Iteration: 18 	MC-Sweep: 11580000 	Time(s): 3430335.544344
  F-Iteration: 18 	MC-Sweep: 11590000 	Time(s): 3431762.549532
  F-Iteration: 18 	MC-Sweep: 11600000 	Time(s): 3433138.052019
  F-Iteration: 18 	MC-Sweep: 11610000 	Time(s): 3434530.203728
  F-Iteration: 18 	MC-Sweep: 11620000 	Time(s): 3436013.864137
  F-Iteration: 18 	MC-Sweep: 11630000 	Time(s): 3437509.562183
  F-Iteration: 18 	MC-Sweep: 11640000 	Time(s): 3438968.817309
  F-Iteration: 18 	MC-Sweep: 11650000 	Time(s): 3440420.433925
  F-Iteration: 18 	MC-Sweep: 11660000 	Time(s): 3441915.165178
  F-Iteration: 18 	MC-Sweep: 11670000 	Time(s): 3443431.803897
  F-Iteration: 18 	MC-Sweep: 11680000 	Time(s): 3444912.121067
  F-Iteration: 18 	MC-Sweep: 11690000 	Time(s): 3446457.373519
  F-Iteration: 18 	MC-Sweep: 11700000 	Time(s): 3447987.869018
  F-Iteration: 18 	MC-Sweep: 11710000 	Time(s): 3449457.593730
  F-Iteration: 18 	MC-Sweep: 11720000 	Time(s): 3450950.113954
  F-Iteration: 18 	MC-Sweep: 11730000 	Time(s): 3452442.545156
  F-Iteration: 18 	MC-Sweep: 11740000 	Time(s): 3453921.232391
  F-Iteration: 18 	MC-Sweep: 11750000 	Time(s): 3455388.340566
  F-Iteration: 18 	MC-Sweep: 11760000 	Time(s): 3456902.410755
  F-Iteration: 18 	MC-Sweep: 11770000 	Time(s): 3458357.487374
  F-Iteration: 18 	MC-Sweep: 11780000 	Time(s): 3459844.005015
  F-Iteration: 18 	MC-Sweep: 11790000 	Time(s): 3461351.278210
  F-Iteration: 18 	MC-Sweep: 11800000 	Time(s): 3462849.672451
  F-Iteration: 18 	MC-Sweep: 11810000 	Time(s): 3464327.964559
  F-Iteration: 18 	MC-Sweep: 11820000 	Time(s): 3465780.897460
  F-Iteration: 18 	MC-Sweep: 11830000 	Time(s): 3467353.950114
  F-Iteration: 18 	MC-Sweep: 11840000 	Time(s): 3468844.743357
  F-Iteration: 18 	MC-Sweep: 11850000 	Time(s): 3470309.731071
  F-Iteration: 18 	MC-Sweep: 11860000 	Time(s): 3471799.431550
  F-Iteration: 18 	MC-Sweep: 11870000 	Time(s): 3473254.782532
  F-Iteration: 18 	MC-Sweep: 11880000 	Time(s): 3474718.237427
  F-Iteration: 18 	MC-Sweep: 11890000 	Time(s): 3476204.507635
  F-Iteration: 18 	MC-Sweep: 11900000 	Time(s): 3477703.554811
  F-Iteration: 18 	MC-Sweep: 11910000 	Time(s): 3479173.225292
  F-Iteration: 18 	MC-Sweep: 11920000 	Time(s): 3480691.121302
  F-Iteration: 18 	MC-Sweep: 11930000 	Time(s): 3482202.581441
  F-Iteration: 18 	MC-Sweep: 11940000 	Time(s): 3483656.366255
  F-Iteration: 18 	MC-Sweep: 11950000 	Time(s): 3485109.313618
  F-Iteration: 18 	MC-Sweep: 11960000 	Time(s): 3486505.111300
  F-Iteration: 18 	MC-Sweep: 11970000 	Time(s): 3487959.480240
  F-Iteration: 18 	MC-Sweep: 11980000 	Time(s): 3489388.885575
  F-Iteration: 18 	MC-Sweep: 11990000 	Time(s): 3490853.944055
  F-Iteration: 18 	MC-Sweep: 12000000 	Time(s): 3492305.100147
  F-Iteration: 18 	MC-Sweep: 12010000 	Time(s): 3493735.643898
  F-Iteration: 18 	MC-Sweep: 12020000 	Time(s): 3495150.258870
  F-Iteration: 18 	MC-Sweep: 12030000 	Time(s): 3496600.949362
  F-Iteration: 18 	MC-Sweep: 12040000 	Time(s): 3498057.192612
  F-Iteration: 18 	MC-Sweep: 12050000 	Time(s): 3499488.470939
  F-Iteration: 18 	MC-Sweep: 12060000 	Time(s): 3500848.294435
  F-Iteration: 18 	MC-Sweep: 12070000 	Time(s): 3502299.756449
  F-Iteration: 18 	MC-Sweep: 12080000 	Time(s): 3503754.035431
  F-Iteration: 18 	MC-Sweep: 12090000 	Time(s): 3505191.357162
  F-Iteration: 18 	MC-Sweep: 12100000 	Time(s): 3506626.777532
  F-Iteration: 18 	MC-Sweep: 12110000 	Time(s): 3508086.201319
  F-Iteration: 18 	MC-Sweep: 12120000 	Time(s): 3509502.388094
  F-Iteration: 18 	MC-Sweep: 12130000 	Time(s): 3510947.416272
  F-Iteration: 18 	MC-Sweep: 12140000 	Time(s): 3512375.840740
  F-Iteration: 18 	MC-Sweep: 12150000 	Time(s): 3513844.081774
  F-Iteration: 18 	MC-Sweep: 12160000 	Time(s): 3515343.792054
  F-Iteration: 18 	MC-Sweep: 12170000 	Time(s): 3516828.942726
  F-Iteration: 18 	MC-Sweep: 12180000 	Time(s): 3518328.835642
  F-Iteration: 18 	MC-Sweep: 12190000 	Time(s): 3519910.931010
  F-Iteration: 18 	MC-Sweep: 12200000 	Time(s): 3521478.523952
  F-Iteration: 18 	MC-Sweep: 12210000 	Time(s): 3523025.566475
  F-Iteration: 18 	MC-Sweep: 12220000 	Time(s): 3524585.911024
  F-Iteration: 18 	MC-Sweep: 12230000 	Time(s): 3526114.764286
  F-Iteration: 18 	MC-Sweep: 12240000 	Time(s): 3527699.746706
  F-Iteration: 18 	MC-Sweep: 12250000 	Time(s): 3529254.214548
  F-Iteration: 18 	MC-Sweep: 12260000 	Time(s): 3530812.696642
  F-Iteration: 18 	MC-Sweep: 12270000 	Time(s): 3532354.508206
  F-Iteration: 18 	MC-Sweep: 12280000 	Time(s): 3533874.865593
  F-Iteration: 18 	MC-Sweep: 12290000 	Time(s): 3535363.006755
  F-Iteration: 18 	MC-Sweep: 12300000 	Time(s): 3536944.015511
  F-Iteration: 18 	MC-Sweep: 12310000 	Time(s): 3538540.182810
  F-Iteration: 18 	MC-Sweep: 12320000 	Time(s): 3540021.242491
  F-Iteration: 18 	MC-Sweep: 12330000 	Time(s): 3541513.637547
  F-Iteration: 18 	MC-Sweep: 12340000 	Time(s): 3543016.041998
  F-Iteration: 18 	MC-Sweep: 12350000 	Time(s): 3544439.510510
  F-Iteration: 18 	MC-Sweep: 12360000 	Time(s): 3545912.375600
  F-Iteration: 18 	MC-Sweep: 12370000 	Time(s): 3547400.403627
  F-Iteration: 18 	MC-Sweep: 12380000 	Time(s): 3548817.369521
  F-Iteration: 18 	MC-Sweep: 12390000 	Time(s): 3550302.992743
  F-Iteration: 18 	MC-Sweep: 12400000 	Time(s): 3551726.981084
  F-Iteration: 18 	MC-Sweep: 12410000 	Time(s): 3553199.061473
  F-Iteration: 18 	MC-Sweep: 12420000 	Time(s): 3554656.806573
  F-Iteration: 18 	MC-Sweep: 12430000 	Time(s): 3556112.938899
  F-Iteration: 18 	MC-Sweep: 12440000 	Time(s): 3557558.173071
  F-Iteration: 18 	MC-Sweep: 12450000 	Time(s): 3559021.294153
  F-Iteration: 18 	MC-Sweep: 12460000 	Time(s): 3560512.872030
  F-Iteration: 18 	MC-Sweep: 12470000 	Time(s): 3561962.955886
  F-Iteration: 18 	MC-Sweep: 12480000 	Time(s): 3563401.577420
  F-Iteration: 18 	MC-Sweep: 12490000 	Time(s): 3564826.187063
  F-Iteration: 18 	MC-Sweep: 12500000 	Time(s): 3566227.171531
  F-Iteration: 18 	MC-Sweep: 12510000 	Time(s): 3567682.118945
  F-Iteration: 18 	MC-Sweep: 12520000 	Time(s): 3569134.796826
  F-Iteration: 18 	MC-Sweep: 12530000 	Time(s): 3570535.794589
  F-Iteration: 18 	MC-Sweep: 12540000 	Time(s): 3571987.496965
  F-Iteration: 18 	MC-Sweep: 12550000 	Time(s): 3573389.605212
  F-Iteration: 18 	MC-Sweep: 12560000 	Time(s): 3574791.132740
  F-Iteration: 18 	MC-Sweep: 12570000 	Time(s): 3576217.658734
  F-Iteration: 18 	MC-Sweep: 12580000 	Time(s): 3577655.729916
  F-Iteration: 18 	MC-Sweep: 12590000 	Time(s): 3579051.424148
  F-Iteration: 18 	MC-Sweep: 12600000 	Time(s): 3580458.033861
  F-Iteration: 18 	MC-Sweep: 12610000 	Time(s): 3581877.474466
  F-Iteration: 18 	MC-Sweep: 12620000 	Time(s): 3583285.048152
  F-Iteration: 18 	MC-Sweep: 12630000 	Time(s): 3584719.135061
  F-Iteration: 18 	MC-Sweep: 12640000 	Time(s): 3586199.988555
  F-Iteration: 18 	MC-Sweep: 12650000 	Time(s): 3587633.955892
  F-Iteration: 18 	MC-Sweep: 12660000 	Time(s): 3589090.946700
  F-Iteration: 18 	MC-Sweep: 12670000 	Time(s): 3590577.329748
  F-Iteration: 18 	MC-Sweep: 12680000 	Time(s): 3592009.564337
  F-Iteration: 18 	MC-Sweep: 12690000 	Time(s): 3593408.659963
  F-Iteration: 18 	MC-Sweep: 12700000 	Time(s): 3594810.610261
  F-Iteration: 18 	MC-Sweep: 12710000 	Time(s): 3596228.237319
  F-Iteration: 18 	MC-Sweep: 12720000 	Time(s): 3597660.442670
  F-Iteration: 18 	MC-Sweep: 12730000 	Time(s): 3599093.560093
  F-Iteration: 18 	MC-Sweep: 12740000 	Time(s): 3600531.414365
  F-Iteration: 18 	MC-Sweep: 12750000 	Time(s): 3601964.891026
  F-Iteration: 18 	MC-Sweep: 12760000 	Time(s): 3603416.447718
  F-Iteration: 18 	MC-Sweep: 12770000 	Time(s): 3604956.425403
  F-Iteration: 18 	MC-Sweep: 12780000 	Time(s): 3606393.599291
  F-Iteration: 18 	MC-Sweep: 12790000 	Time(s): 3607884.746571
  F-Iteration: 18 	MC-Sweep: 12800000 	Time(s): 3609334.993800
  F-Iteration: 18 	MC-Sweep: 12810000 	Time(s): 3610807.609369
  F-Iteration: 18 	MC-Sweep: 12820000 	Time(s): 3612328.134169
  F-Iteration: 18 	MC-Sweep: 12830000 	Time(s): 3613796.273727
  F-Iteration: 18 	MC-Sweep: 12840000 	Time(s): 3615263.222103
  F-Iteration: 18 	MC-Sweep: 12850000 	Time(s): 3616696.688349
  F-Iteration: 18 	MC-Sweep: 12860000 	Time(s): 3618174.496246
  F-Iteration: 18 	MC-Sweep: 12870000 	Time(s): 3619654.361761
  F-Iteration: 18 	MC-Sweep: 12880000 	Time(s): 3621095.967336
  F-Iteration: 18 	MC-Sweep: 12890000 	Time(s): 3622548.078726
  F-Iteration: 18 	MC-Sweep: 12900000 	Time(s): 3624000.784226
  F-Iteration: 18 	MC-Sweep: 12910000 	Time(s): 3625469.656085
  F-Iteration: 18 	MC-Sweep: 12920000 	Time(s): 3626958.999301
  F-Iteration: 18 	MC-Sweep: 12930000 	Time(s): 3628448.272522
  F-Iteration: 18 	MC-Sweep: 12940000 	Time(s): 3629902.750130
  F-Iteration: 18 	MC-Sweep: 12950000 	Time(s): 3631413.410525
  F-Iteration: 18 	MC-Sweep: 12960000 	Time(s): 3632880.958688
  F-Iteration: 18 	MC-Sweep: 12970000 	Time(s): 3634387.831957
  F-Iteration: 18 	MC-Sweep: 12980000 	Time(s): 3635870.824446
  F-Iteration: 18 	MC-Sweep: 12990000 	Time(s): 3637362.903466
  F-Iteration: 18 	MC-Sweep: 13000000 	Time(s): 3638849.923795
  F-Iteration: 18 	MC-Sweep: 13010000 	Time(s): 3640352.446565
  F-Iteration: 18 	MC-Sweep: 13020000 	Time(s): 3641861.179143
  F-Iteration: 18 	MC-Sweep: 13030000 	Time(s): 3643342.935646
  F-Iteration: 18 	MC-Sweep: 13040000 	Time(s): 3644784.339034
  F-Iteration: 18 	MC-Sweep: 13050000 	Time(s): 3646240.011088
  F-Iteration: 18 	MC-Sweep: 13060000 	Time(s): 3647739.884946
  F-Iteration: 18 	MC-Sweep: 13070000 	Time(s): 3649229.456416
  F-Iteration: 18 	MC-Sweep: 13080000 	Time(s): 3650721.427382
  F-Iteration: 18 	MC-Sweep: 13090000 	Time(s): 3652221.350975
  F-Iteration: 18 	MC-Sweep: 13100000 	Time(s): 3653687.529918
  F-Iteration: 18 	MC-Sweep: 13110000 	Time(s): 3655168.681938
  F-Iteration: 18 	MC-Sweep: 13120000 	Time(s): 3656651.260706
  F-Iteration: 18 	MC-Sweep: 13130000 	Time(s): 3658135.536411
  F-Iteration: 18 	MC-Sweep: 13140000 	Time(s): 3659585.597941
  F-Iteration: 18 	MC-Sweep: 13150000 	Time(s): 3661034.015551
  F-Iteration: 18 	MC-Sweep: 13160000 	Time(s): 3662591.804689
  F-Iteration: 18 	MC-Sweep: 13170000 	Time(s): 3664075.731745
  F-Iteration: 18 	MC-Sweep: 13180000 	Time(s): 3665618.148943
  F-Iteration: 18 	MC-Sweep: 13190000 	Time(s): 3667162.632948
  F-Iteration: 18 	MC-Sweep: 13200000 	Time(s): 3668666.192668
  F-Iteration: 18 	MC-Sweep: 13210000 	Time(s): 3670171.979686
  F-Iteration: 18 	MC-Sweep: 13220000 	Time(s): 3671646.583691
  F-Iteration: 18 	MC-Sweep: 13230000 	Time(s): 3673198.092383
  F-Iteration: 18 	MC-Sweep: 13240000 	Time(s): 3674654.195826
  F-Iteration: 18 	MC-Sweep: 13250000 	Time(s): 3676117.100223
  F-Iteration: 18 	MC-Sweep: 13260000 	Time(s): 3677620.742052
  F-Iteration: 18 	MC-Sweep: 13270000 	Time(s): 3679087.125238
  F-Iteration: 18 	MC-Sweep: 13280000 	Time(s): 3680652.113253
  F-Iteration: 18 	MC-Sweep: 13290000 	Time(s): 3682189.011946
  F-Iteration: 18 	MC-Sweep: 13300000 	Time(s): 3683739.419369
  F-Iteration: 18 	MC-Sweep: 13310000 	Time(s): 3685231.441688
  F-Iteration: 18 	MC-Sweep: 13320000 	Time(s): 3686673.897233
  F-Iteration: 18 	MC-Sweep: 13330000 	Time(s): 3688161.680879
  F-Iteration: 18 	MC-Sweep: 13340000 	Time(s): 3689677.596918
  F-Iteration: 18 	MC-Sweep: 13350000 	Time(s): 3691188.823456
  F-Iteration: 18 	MC-Sweep: 13360000 	Time(s): 3692638.790427
  F-Iteration: 18 	MC-Sweep: 13370000 	Time(s): 3694113.628085
  F-Iteration: 18 	MC-Sweep: 13380000 	Time(s): 3695566.694289
  F-Iteration: 18 	MC-Sweep: 13390000 	Time(s): 3697103.011488
  F-Iteration: 18 	MC-Sweep: 13400000 	Time(s): 3698605.673824
  F-Iteration: 18 	MC-Sweep: 13410000 	Time(s): 3700205.016223
  F-Iteration: 18 	MC-Sweep: 13420000 	Time(s): 3701654.077152
  F-Iteration: 18 	MC-Sweep: 13430000 	Time(s): 3703121.073720
  F-Iteration: 18 	MC-Sweep: 13440000 	Time(s): 3704631.886161
  F-Iteration: 18 	MC-Sweep: 13450000 	Time(s): 3706114.773759
  F-Iteration: 18 	MC-Sweep: 13460000 	Time(s): 3707562.775195
  F-Iteration: 18 	MC-Sweep: 13470000 	Time(s): 3709021.540858
  F-Iteration: 18 	MC-Sweep: 13480000 	Time(s): 3710471.367499
  F-Iteration: 18 	MC-Sweep: 13490000 	Time(s): 3711919.516773
  F-Iteration: 18 	MC-Sweep: 13500000 	Time(s): 3713339.876357
  F-Iteration: 18 	MC-Sweep: 13510000 	Time(s): 3714761.309943
  F-Iteration: 18 	MC-Sweep: 13520000 	Time(s): 3716111.677518
  F-Iteration: 18 	MC-Sweep: 13530000 	Time(s): 3717581.475996
  F-Iteration: 18 	MC-Sweep: 13540000 	Time(s): 3719052.695790
  F-Iteration: 18 	MC-Sweep: 13550000 	Time(s): 3720631.131398
  F-Iteration: 18 	MC-Sweep: 13560000 	Time(s): 3722241.660984
  F-Iteration: 18 	MC-Sweep: 13570000 	Time(s): 3723837.227621
  F-Iteration: 18 	MC-Sweep: 13580000 	Time(s): 3725443.101017
  F-Iteration: 18 	MC-Sweep: 13590000 	Time(s): 3727078.049722
  F-Iteration: 18 	MC-Sweep: 13600000 	Time(s): 3728731.230695
  F-Iteration: 18 	MC-Sweep: 13610000 	Time(s): 3730392.889353
  F-Iteration: 18 	MC-Sweep: 13620000 	Time(s): 3731995.332496
  F-Iteration: 18 	MC-Sweep: 13630000 	Time(s): 3733620.396968
  F-Iteration: 18 	MC-Sweep: 13640000 	Time(s): 3735260.972004
  F-Iteration: 18 	MC-Sweep: 13650000 	Time(s): 3736888.611200
  F-Iteration: 18 	MC-Sweep: 13660000 	Time(s): 3738515.410657
  F-Iteration: 18 	MC-Sweep: 13670000 	Time(s): 3740118.385770
  F-Iteration: 18 	MC-Sweep: 13680000 	Time(s): 3741755.954070
  F-Iteration: 18 	MC-Sweep: 13690000 	Time(s): 3743380.481164
  F-Iteration: 18 	MC-Sweep: 13700000 	Time(s): 3745023.817115
  F-Iteration: 18 	MC-Sweep: 13710000 	Time(s): 3746662.315746
  F-Iteration: 18 	MC-Sweep: 13720000 	Time(s): 3748291.028049
  F-Iteration: 18 	MC-Sweep: 13730000 	Time(s): 3749929.874464
  F-Iteration: 18 	MC-Sweep: 13740000 	Time(s): 3751589.720743
  F-Iteration: 18 	MC-Sweep: 13750000 	Time(s): 3753202.468350
  F-Iteration: 18 	MC-Sweep: 13760000 	Time(s): 3754823.832832
  F-Iteration: 18 	MC-Sweep: 13770000 	Time(s): 3756432.436074
  F-Iteration: 18 	MC-Sweep: 13780000 	Time(s): 3758104.303940
  F-Iteration: 18 	MC-Sweep: 13790000 	Time(s): 3759738.750291
  F-Iteration: 18 	MC-Sweep: 13800000 	Time(s): 3761393.197119
  F-Iteration: 18 	MC-Sweep: 13810000 	Time(s): 3763027.617914
  F-Iteration: 18 	MC-Sweep: 13820000 	Time(s): 3764699.661635
  F-Iteration: 18 	MC-Sweep: 13830000 	Time(s): 3766356.696729
  F-Iteration: 18 	MC-Sweep: 13840000 	Time(s): 3768000.112912
  F-Iteration: 18 	MC-Sweep: 13850000 	Time(s): 3769657.803349
  F-Iteration: 18 	MC-Sweep: 13860000 	Time(s): 3771281.127175
  F-Iteration: 18 	MC-Sweep: 13870000 	Time(s): 3772903.747091
  F-Iteration: 18 	MC-Sweep: 13880000 	Time(s): 3774518.228959
  F-Iteration: 18 	MC-Sweep: 13890000 	Time(s): 3776113.144416
  F-Iteration: 18 	MC-Sweep: 13900000 	Time(s): 3777702.400486
  F-Iteration: 18 	MC-Sweep: 13910000 	Time(s): 3779332.029504
  F-Iteration: 18 	MC-Sweep: 13920000 	Time(s): 3780944.881288
  F-Iteration: 18 	MC-Sweep: 13930000 	Time(s): 3782573.117752
  F-Iteration: 18 	MC-Sweep: 13940000 	Time(s): 3784211.213679
  F-Iteration: 18 	MC-Sweep: 13950000 	Time(s): 3785813.527914
  F-Iteration: 18 	MC-Sweep: 13960000 	Time(s): 3787412.951594
  F-Iteration: 18 	MC-Sweep: 13970000 	Time(s): 3789051.033914
  F-Iteration: 18 	MC-Sweep: 13980000 	Time(s): 3790672.475417
  F-Iteration: 18 	MC-Sweep: 13990000 	Time(s): 3792313.252818
  F-Iteration: 18 	MC-Sweep: 14000000 	Time(s): 3793953.347795
  F-Iteration: 18 	MC-Sweep: 14010000 	Time(s): 3795592.617484
  F-Iteration: 18 	MC-Sweep: 14020000 	Time(s): 3797241.324918
  F-Iteration: 18 	MC-Sweep: 14030000 	Time(s): 3798889.986937
  F-Iteration: 18 	MC-Sweep: 14040000 	Time(s): 3800483.415835
  F-Iteration: 18 	MC-Sweep: 14050000 	Time(s): 3802124.400594
  F-Iteration: 18 	MC-Sweep: 14060000 	Time(s): 3803727.778619
  F-Iteration: 18 	MC-Sweep: 14070000 	Time(s): 3805311.533354
  F-Iteration: 18 	MC-Sweep: 14080000 	Time(s): 3806876.813487
  F-Iteration: 18 	MC-Sweep: 14090000 	Time(s): 3808484.426627
  F-Iteration: 18 	MC-Sweep: 14100000 	Time(s): 3810127.343838
  F-Iteration: 18 	MC-Sweep: 14110000 	Time(s): 3811734.072223
  F-Iteration: 18 	MC-Sweep: 14120000 	Time(s): 3813332.203313
  F-Iteration: 18 	MC-Sweep: 14130000 	Time(s): 3814926.117806
  F-Iteration: 18 	MC-Sweep: 14140000 	Time(s): 3816515.014824
  F-Iteration: 18 	MC-Sweep: 14150000 	Time(s): 3818082.142258
  F-Iteration: 18 	MC-Sweep: 14160000 	Time(s): 3819646.822925
  F-Iteration: 18 	MC-Sweep: 14170000 	Time(s): 3821215.026019
  F-Iteration: 18 	MC-Sweep: 14180000 	Time(s): 3822777.778069
  F-Iteration: 18 	MC-Sweep: 14190000 	Time(s): 3824340.467178
  F-Iteration: 18 	MC-Sweep: 14200000 	Time(s): 3825917.232179
  F-Iteration: 18 	MC-Sweep: 14210000 	Time(s): 3827504.650031
  F-Iteration: 18 	MC-Sweep: 14220000 	Time(s): 3829066.632247
  F-Iteration: 18 	MC-Sweep: 14230000 	Time(s): 3830631.618353
  F-Iteration: 18 	MC-Sweep: 14240000 	Time(s): 3832211.173009
  F-Iteration: 18 	MC-Sweep: 14250000 	Time(s): 3833803.638537
  F-Iteration: 18 	MC-Sweep: 14260000 	Time(s): 3835434.445792
  F-Iteration: 18 	MC-Sweep: 14270000 	Time(s): 3837037.993041
  F-Iteration: 18 	MC-Sweep: 14280000 	Time(s): 3838611.802831
  F-Iteration: 18 	MC-Sweep: 14290000 	Time(s): 3840222.598303
  F-Iteration: 18 	MC-Sweep: 14300000 	Time(s): 3841836.405744
  F-Iteration: 18 	MC-Sweep: 14310000 	Time(s): 3843447.801608
  F-Iteration: 18 	MC-Sweep: 14320000 	Time(s): 3845051.455233
  F-Iteration: 18 	MC-Sweep: 14330000 	Time(s): 3846687.355556
  F-Iteration: 18 	MC-Sweep: 14340000 	Time(s): 3848328.941397
  F-Iteration: 18 	MC-Sweep: 14350000 	Time(s): 3849984.258249
  F-Iteration: 18 	MC-Sweep: 14360000 	Time(s): 3851627.580711
  F-Iteration: 18 	MC-Sweep: 14370000 	Time(s): 3853279.648229
  F-Iteration: 18 	MC-Sweep: 14380000 	Time(s): 3854932.452029
  F-Iteration: 18 	MC-Sweep: 14390000 	Time(s): 3856594.347478
  F-Iteration: 18 	MC-Sweep: 14400000 	Time(s): 3858244.568389
  F-Iteration: 18 	MC-Sweep: 14410000 	Time(s): 3859891.131114
  F-Iteration: 18 	MC-Sweep: 14420000 	Time(s): 3861539.542206
  F-Iteration: 18 	MC-Sweep: 14430000 	Time(s): 3863221.826814
  F-Iteration: 18 	MC-Sweep: 14440000 	Time(s): 3864884.013372
  F-Iteration: 18 	MC-Sweep: 14450000 	Time(s): 3866519.789863
  F-Iteration: 18 	MC-Sweep: 14460000 	Time(s): 3868170.567406
  F-Iteration: 18 	MC-Sweep: 14470000 	Time(s): 3869829.587649
  F-Iteration: 18 	MC-Sweep: 14480000 	Time(s): 3871478.164850
  F-Iteration: 18 	MC-Sweep: 14490000 	Time(s): 3873214.468647
  F-Iteration: 18 	MC-Sweep: 14500000 	Time(s): 3874899.150298
  F-Iteration: 18 	MC-Sweep: 14510000 	Time(s): 3876568.880550
  F-Iteration: 18 	MC-Sweep: 14520000 	Time(s): 3878259.815655
  F-Iteration: 18 	MC-Sweep: 14530000 	Time(s): 3879901.298492
  F-Iteration: 18 	MC-Sweep: 14540000 	Time(s): 3881491.936487
  F-Iteration: 18 	MC-Sweep: 14550000 	Time(s): 3883122.623443
  F-Iteration: 18 	MC-Sweep: 14560000 	Time(s): 3884749.672617
  F-Iteration: 18 	MC-Sweep: 14570000 	Time(s): 3886344.626265
  F-Iteration: 18 	MC-Sweep: 14580000 	Time(s): 3887951.095472
  F-Iteration: 18 	MC-Sweep: 14590000 	Time(s): 3889569.223908
  F-Iteration: 18 	MC-Sweep: 14600000 	Time(s): 3891190.170750
  F-Iteration: 18 	MC-Sweep: 14610000 	Time(s): 3892795.451114
  F-Iteration: 18 	MC-Sweep: 14620000 	Time(s): 3894375.091433
  F-Iteration: 18 	MC-Sweep: 14630000 	Time(s): 3895959.841125
  F-Iteration: 18 	MC-Sweep: 14640000 	Time(s): 3897540.455332
  F-Iteration: 18 	MC-Sweep: 14650000 	Time(s): 3899131.201000
  F-Iteration: 18 	MC-Sweep: 14660000 	Time(s): 3900713.327854
  F-Iteration: 18 	MC-Sweep: 14670000 	Time(s): 3902301.773489
  F-Iteration: 18 	MC-Sweep: 14680000 	Time(s): 3903908.074297
  F-Iteration: 18 	MC-Sweep: 14690000 	Time(s): 3905490.044115
  F-Iteration: 18 	MC-Sweep: 14700000 	Time(s): 3907037.629189
  F-Iteration: 18 	MC-Sweep: 14710000 	Time(s): 3908599.076766
  F-Iteration: 18 	MC-Sweep: 14720000 	Time(s): 3910184.620241
  F-Iteration: 18 	MC-Sweep: 14730000 	Time(s): 3911771.064803
  F-Iteration: 18 	MC-Sweep: 14740000 	Time(s): 3913380.787467
  F-Iteration: 18 	MC-Sweep: 14750000 	Time(s): 3914989.688478
  F-Iteration: 18 	MC-Sweep: 14760000 	Time(s): 3916583.675311
  F-Iteration: 18 	MC-Sweep: 14770000 	Time(s): 3918168.529334
  F-Iteration: 18 	MC-Sweep: 14780000 	Time(s): 3919742.390303
  F-Iteration: 18 	MC-Sweep: 14790000 	Time(s): 3921299.116933
  F-Iteration: 18 	MC-Sweep: 14800000 	Time(s): 3922847.854471
  F-Iteration: 18 	MC-Sweep: 14810000 	Time(s): 3924438.497017
  F-Iteration: 18 	MC-Sweep: 14820000 	Time(s): 3926004.702367
  F-Iteration: 18 	MC-Sweep: 14830000 	Time(s): 3927585.971852
  F-Iteration: 18 	MC-Sweep: 14840000 	Time(s): 3929136.695009
  F-Iteration: 18 	MC-Sweep: 14850000 	Time(s): 3930696.859370
  F-Iteration: 18 	MC-Sweep: 14860000 	Time(s): 3932238.557370
  F-Iteration: 18 	MC-Sweep: 14870000 	Time(s): 3933778.924907
  F-Iteration: 18 	MC-Sweep: 14880000 	Time(s): 3935327.060748
  F-Iteration: 18 	MC-Sweep: 14890000 	Time(s): 3936896.664912
  F-Iteration: 18 	MC-Sweep: 14900000 	Time(s): 3938456.138438
  F-Iteration: 18 	MC-Sweep: 14910000 	Time(s): 3940002.376541
  F-Iteration: 18 	MC-Sweep: 14920000 	Time(s): 3941521.428292
  F-Iteration: 18 	MC-Sweep: 14930000 	Time(s): 3943056.967015
  F-Iteration: 18 	MC-Sweep: 14940000 	Time(s): 3944611.703208
  F-Iteration: 18 	MC-Sweep: 14950000 	Time(s): 3946176.023094
  F-Iteration: 18 	MC-Sweep: 14960000 	Time(s): 3947721.178708
  F-Iteration: 18 	MC-Sweep: 14970000 	Time(s): 3949295.432739
  F-Iteration: 18 	MC-Sweep: 14980000 	Time(s): 3950831.596429
  F-Iteration: 18 	MC-Sweep: 14990000 	Time(s): 3952400.314978
  F-Iteration: 18 	MC-Sweep: 15000000 	Time(s): 3953973.590188
  F-Iteration: 18 	MC-Sweep: 15010000 	Time(s): 3955558.815244
  F-Iteration: 18 	MC-Sweep: 15020000 	Time(s): 3957112.103665
  F-Iteration: 18 	MC-Sweep: 15030000 	Time(s): 3958707.180624
  F-Iteration: 18 	MC-Sweep: 15040000 	Time(s): 3960275.495266
  F-Iteration: 18 	MC-Sweep: 15050000 	Time(s): 3961836.778267
  F-Iteration: 18 	MC-Sweep: 15060000 	Time(s): 3963419.990590
  F-Iteration: 18 	MC-Sweep: 15070000 	Time(s): 3965008.417534
  F-Iteration: 18 	MC-Sweep: 15080000 	Time(s): 3966632.938990
  F-Iteration: 18 	MC-Sweep: 15090000 	Time(s): 3968235.692831
  F-Iteration: 18 	MC-Sweep: 15100000 	Time(s): 3969872.974289
  F-Iteration: 18 	MC-Sweep: 15110000 	Time(s): 3971502.935770
  F-Iteration: 18 	MC-Sweep: 15120000 	Time(s): 3973126.237308
  F-Iteration: 18 	MC-Sweep: 15130000 	Time(s): 3974752.380658
  F-Iteration: 18 	MC-Sweep: 15140000 	Time(s): 3976343.417625
  F-Iteration: 18 	MC-Sweep: 15150000 	Time(s): 3977948.122504
  F-Iteration: 18 	MC-Sweep: 15160000 	Time(s): 3979580.095494
  F-Iteration: 18 	MC-Sweep: 15170000 	Time(s): 3981138.309337
  F-Iteration: 18 	MC-Sweep: 15180000 	Time(s): 3982699.636598
  F-Iteration: 18 	MC-Sweep: 15190000 	Time(s): 3984288.895933
  F-Iteration: 18 	MC-Sweep: 15200000 	Time(s): 3985832.903113
  F-Iteration: 18 	MC-Sweep: 15210000 	Time(s): 3987384.978777
  F-Iteration: 18 	MC-Sweep: 15220000 	Time(s): 3988945.818141
  F-Iteration: 18 	MC-Sweep: 15230000 	Time(s): 3990526.783234
  F-Iteration: 18 	MC-Sweep: 15240000 	Time(s): 3992033.648861
  F-Iteration: 18 	MC-Sweep: 15250000 	Time(s): 3993648.772762
  F-Iteration: 18 	MC-Sweep: 15260000 	Time(s): 3995253.563747
  F-Iteration: 18 	MC-Sweep: 15270000 	Time(s): 3996804.564513
  F-Iteration: 18 	MC-Sweep: 15280000 	Time(s): 3998374.117726
  F-Iteration: 18 	MC-Sweep: 15290000 	Time(s): 3999947.067559
  F-Iteration: 18 	MC-Sweep: 15300000 	Time(s): 4001532.552994
  F-Iteration: 18 	MC-Sweep: 15310000 	Time(s): 4003130.455198
  F-Iteration: 18 	MC-Sweep: 15320000 	Time(s): 4004726.600849
  F-Iteration: 18 	MC-Sweep: 15330000 	Time(s): 4006320.928361
  F-Iteration: 18 	MC-Sweep: 15340000 	Time(s): 4007921.695163
  F-Iteration: 18 	MC-Sweep: 15350000 	Time(s): 4009493.236676
  F-Iteration: 18 	MC-Sweep: 15360000 	Time(s): 4011105.948272
  F-Iteration: 18 	MC-Sweep: 15370000 	Time(s): 4012690.006283
  F-Iteration: 18 	MC-Sweep: 15380000 	Time(s): 4014259.864554
  F-Iteration: 18 	MC-Sweep: 15390000 	Time(s): 4015857.605121
  F-Iteration: 18 	MC-Sweep: 15400000 	Time(s): 4017413.096962
  F-Iteration: 18 	MC-Sweep: 15410000 	Time(s): 4019014.249901
  F-Iteration: 18 	MC-Sweep: 15420000 	Time(s): 4020599.457241
  F-Iteration: 18 	MC-Sweep: 15430000 	Time(s): 4022181.315445
  F-Iteration: 18 	MC-Sweep: 15440000 	Time(s): 4023795.743082
  F-Iteration: 18 	MC-Sweep: 15450000 	Time(s): 4025380.048475
  F-Iteration: 18 	MC-Sweep: 15460000 	Time(s): 4026939.878686
  F-Iteration: 18 	MC-Sweep: 15470000 	Time(s): 4028488.477062
  F-Iteration: 18 	MC-Sweep: 15480000 	Time(s): 4030096.927991
  F-Iteration: 18 	MC-Sweep: 15490000 	Time(s): 4031704.884443
  F-Iteration: 18 	MC-Sweep: 15500000 	Time(s): 4033302.737857
  F-Iteration: 18 	MC-Sweep: 15510000 	Time(s): 4034875.984804
  F-Iteration: 18 	MC-Sweep: 15520000 	Time(s): 4036477.508419
  F-Iteration: 18 	MC-Sweep: 15530000 	Time(s): 4038041.233910
  F-Iteration: 18 	MC-Sweep: 15540000 	Time(s): 4039601.674323
  F-Iteration: 18 	MC-Sweep: 15550000 	Time(s): 4041115.503977
  F-Iteration: 18 	MC-Sweep: 15560000 	Time(s): 4042664.933700
  F-Iteration: 18 	MC-Sweep: 15570000 	Time(s): 4044217.419296
  F-Iteration: 18 	MC-Sweep: 15580000 	Time(s): 4045775.529213
  F-Iteration: 18 	MC-Sweep: 15590000 	Time(s): 4047323.719621
  F-Iteration: 18 	MC-Sweep: 15600000 	Time(s): 4048841.361233
  F-Iteration: 18 	MC-Sweep: 15610000 	Time(s): 4050376.268919
  F-Iteration: 18 	MC-Sweep: 15620000 	Time(s): 4051933.746396
  F-Iteration: 18 	MC-Sweep: 15630000 	Time(s): 4053504.686383
  F-Iteration: 18 	MC-Sweep: 15640000 	Time(s): 4055073.789207
  F-Iteration: 18 	MC-Sweep: 15650000 	Time(s): 4056631.656640
  F-Iteration: 18 	MC-Sweep: 15660000 	Time(s): 4058224.406337
  F-Iteration: 18 	MC-Sweep: 15670000 	Time(s): 4059793.100626
  F-Iteration: 18 	MC-Sweep: 15680000 	Time(s): 4061392.047644
  F-Iteration: 18 	MC-Sweep: 15690000 	Time(s): 4062983.988488
  F-Iteration: 18 	MC-Sweep: 15700000 	Time(s): 4064598.940361
  F-Iteration: 18 	MC-Sweep: 15710000 	Time(s): 4066201.920281
  F-Iteration: 18 	MC-Sweep: 15720000 	Time(s): 4067782.390564
  F-Iteration: 18 	MC-Sweep: 15730000 	Time(s): 4069387.078318
  F-Iteration: 18 	MC-Sweep: 15740000 	Time(s): 4070928.986498
  F-Iteration: 18 	MC-Sweep: 15750000 	Time(s): 4072519.102195
  F-Iteration: 18 	MC-Sweep: 15760000 	Time(s): 4074076.355457
  F-Iteration: 18 	MC-Sweep: 15770000 	Time(s): 4075674.912161
  F-Iteration: 18 	MC-Sweep: 15780000 	Time(s): 4077285.251956
  F-Iteration: 18 	MC-Sweep: 15790000 	Time(s): 4078869.828012
  F-Iteration: 18 	MC-Sweep: 15800000 	Time(s): 4080490.504724
  F-Iteration: 18 	MC-Sweep: 15810000 	Time(s): 4082190.515627
  F-Iteration: 18 	MC-Sweep: 15820000 	Time(s): 4083874.974668
  F-Iteration: 18 	MC-Sweep: 15830000 	Time(s): 4085572.555749
  F-Iteration: 18 	MC-Sweep: 15840000 	Time(s): 4087217.978383
  F-Iteration: 18 	MC-Sweep: 15850000 	Time(s): 4088828.206770
  F-Iteration: 18 	MC-Sweep: 15860000 	Time(s): 4090436.975112
  F-Iteration: 18 	MC-Sweep: 15870000 	Time(s): 4092023.938205
  F-Iteration: 18 	MC-Sweep: 15880000 	Time(s): 4093591.414593
  F-Iteration: 18 	MC-Sweep: 15890000 	Time(s): 4095190.911716
  F-Iteration: 18 	MC-Sweep: 15900000 	Time(s): 4096770.737962
  F-Iteration: 18 	MC-Sweep: 15910000 	Time(s): 4098330.959984
  F-Iteration: 18 	MC-Sweep: 15920000 	Time(s): 4099921.486300
  F-Iteration: 18 	MC-Sweep: 15930000 	Time(s): 4101490.131513
  F-Iteration: 18 	MC-Sweep: 15940000 	Time(s): 4103090.217285
  F-Iteration: 18 	MC-Sweep: 15950000 	Time(s): 4104672.388885
  F-Iteration: 18 	MC-Sweep: 15960000 	Time(s): 4106276.958196
  F-Iteration: 18 	MC-Sweep: 15970000 	Time(s): 4107909.374147
  F-Iteration: 18 	MC-Sweep: 15980000 	Time(s): 4109538.697056
  F-Iteration: 18 	MC-Sweep: 15990000 	Time(s): 4111200.580271
  F-Iteration: 18 	MC-Sweep: 16000000 	Time(s): 4112862.423309
  F-Iteration: 18 	MC-Sweep: 16010000 	Time(s): 4114557.350281
  F-Iteration: 18 	MC-Sweep: 16020000 	Time(s): 4116222.836228
  F-Iteration: 18 	MC-Sweep: 16030000 	Time(s): 4117969.753883
  F-Iteration: 18 	MC-Sweep: 16040000 	Time(s): 4119706.198108
  F-Iteration: 18 	MC-Sweep: 16050000 	Time(s): 4121410.923214
  F-Iteration: 18 	MC-Sweep: 16060000 	Time(s): 4123118.203775
  F-Iteration: 18 	MC-Sweep: 16070000 	Time(s): 4124848.273021
  F-Iteration: 18 	MC-Sweep: 16080000 	Time(s): 4126535.821051
  F-Iteration: 18 	MC-Sweep: 16090000 	Time(s): 4128163.687142
  F-Iteration: 18 	MC-Sweep: 16100000 	Time(s): 4129763.142871
  F-Iteration: 18 	MC-Sweep: 16110000 	Time(s): 4131398.613349
  F-Iteration: 18 	MC-Sweep: 16120000 	Time(s): 4133034.396878
  F-Iteration: 18 	MC-Sweep: 16130000 	Time(s): 4134672.716149
  F-Iteration: 18 	MC-Sweep: 16140000 	Time(s): 4136373.637529
  F-Iteration: 18 	MC-Sweep: 16150000 	Time(s): 4138016.778145
  F-Iteration: 18 	MC-Sweep: 16160000 	Time(s): 4139591.711031
  F-Iteration: 18 	MC-Sweep: 16170000 	Time(s): 4141137.523040
  F-Iteration: 18 	MC-Sweep: 16180000 	Time(s): 4142732.671683
  F-Iteration: 18 	MC-Sweep: 16190000 	Time(s): 4144398.457206
  F-Iteration: 18 	MC-Sweep: 16200000 	Time(s): 4145994.751913
  F-Iteration: 18 	MC-Sweep: 16210000 	Time(s): 4147567.001187
  F-Iteration: 18 	MC-Sweep: 16220000 	Time(s): 4149193.585538
  F-Iteration: 18 	MC-Sweep: 16230000 	Time(s): 4150822.312902
  F-Iteration: 18 	MC-Sweep: 16240000 	Time(s): 4152403.480693
  F-Iteration: 18 	MC-Sweep: 16250000 	Time(s): 4154004.299720
  F-Iteration: 18 	MC-Sweep: 16260000 	Time(s): 4155619.829055
  F-Iteration: 18 	MC-Sweep: 16270000 	Time(s): 4157204.172888
  F-Iteration: 18 	MC-Sweep: 16280000 	Time(s): 4158780.060452
  F-Iteration: 18 	MC-Sweep: 16290000 	Time(s): 4160377.727408
  F-Iteration: 18 	MC-Sweep: 16300000 	Time(s): 4162018.391637
  F-Iteration: 18 	MC-Sweep: 16310000 	Time(s): 4163645.189374
  F-Iteration: 18 	MC-Sweep: 16320000 	Time(s): 4165242.750027
  F-Iteration: 18 	MC-Sweep: 16330000 	Time(s): 4166900.148561
  F-Iteration: 18 	MC-Sweep: 16340000 	Time(s): 4168572.611912
  F-Iteration: 18 	MC-Sweep: 16350000 	Time(s): 4170211.774627
  F-Iteration: 18 	MC-Sweep: 16360000 	Time(s): 4171856.261585
  F-Iteration: 18 	MC-Sweep: 16370000 	Time(s): 4173530.255251
  F-Iteration: 18 	MC-Sweep: 16380000 	Time(s): 4175174.390794
  F-Iteration: 18 	MC-Sweep: 16390000 	Time(s): 4176831.846937
  F-Iteration: 18 	MC-Sweep: 16400000 	Time(s): 4178503.704615
  F-Iteration: 18 	MC-Sweep: 16410000 	Time(s): 4180177.715050
  F-Iteration: 18 	MC-Sweep: 16420000 	Time(s): 4181840.800733
  F-Iteration: 18 	MC-Sweep: 16430000 	Time(s): 4183570.545533
  F-Iteration: 18 	MC-Sweep: 16440000 	Time(s): 4185234.825613
  F-Iteration: 18 	MC-Sweep: 16450000 	Time(s): 4186881.866524
  F-Iteration: 18 	MC-Sweep: 16460000 	Time(s): 4188633.609985
  F-Iteration: 18 	MC-Sweep: 16470000 	Time(s): 4190351.416299
  F-Iteration: 18 	MC-Sweep: 16480000 	Time(s): 4192043.506759
  F-Iteration: 18 	MC-Sweep: 16490000 	Time(s): 4193772.836499
  F-Iteration: 18 	MC-Sweep: 16500000 	Time(s): 4195505.939588
  F-Iteration: 18 	MC-Sweep: 16510000 	Time(s): 4197236.484743
  F-Iteration: 18 	MC-Sweep: 16520000 	Time(s): 4198918.508184
  F-Iteration: 18 	MC-Sweep: 16530000 	Time(s): 4200565.285672
  F-Iteration: 18 	MC-Sweep: 16540000 	Time(s): 4202170.351669
  F-Iteration: 18 	MC-Sweep: 16550000 	Time(s): 4203781.086674
  F-Iteration: 18 	MC-Sweep: 16560000 	Time(s): 4205353.486607
  F-Iteration: 18 	MC-Sweep: 16570000 	Time(s): 4206994.714390
  F-Iteration: 18 	MC-Sweep: 16580000 	Time(s): 4208574.799144
  F-Iteration: 18 	MC-Sweep: 16590000 	Time(s): 4210131.088099
  F-Iteration: 18 	MC-Sweep: 16600000 	Time(s): 4211720.934957
  F-Iteration: 18 	MC-Sweep: 16610000 	Time(s): 4213241.937040
  F-Iteration: 18 	MC-Sweep: 16620000 	Time(s): 4214761.966580
  F-Iteration: 18 	MC-Sweep: 16630000 	Time(s): 4216295.252270
  F-Iteration: 18 	MC-Sweep: 16640000 	Time(s): 4217813.660798
  F-Iteration: 18 	MC-Sweep: 16650000 	Time(s): 4219354.637311
  F-Iteration: 18 	MC-Sweep: 16660000 	Time(s): 4220930.839183
  F-Iteration: 18 	MC-Sweep: 16670000 	Time(s): 4222566.080341
  F-Iteration: 18 	MC-Sweep: 16680000 	Time(s): 4224224.447659
  F-Iteration: 18 	MC-Sweep: 16690000 	Time(s): 4225807.737735
  F-Iteration: 18 	MC-Sweep: 16700000 	Time(s): 4227341.887184
  F-Iteration: 18 	MC-Sweep: 16710000 	Time(s): 4228921.023565
  F-Iteration: 18 	MC-Sweep: 16720000 	Time(s): 4230582.487408
  F-Iteration: 18 	MC-Sweep: 16730000 	Time(s): 4232183.859237
  F-Iteration: 18 	MC-Sweep: 16740000 	Time(s): 4233823.959854
  F-Iteration: 18 	MC-Sweep: 16750000 	Time(s): 4235468.740425
  F-Iteration: 18 	MC-Sweep: 16760000 	Time(s): 4237117.510558
  F-Iteration: 18 	MC-Sweep: 16770000 	Time(s): 4238766.190593
  F-Iteration: 18 	MC-Sweep: 16780000 	Time(s): 4240397.106461
  F-Iteration: 18 	MC-Sweep: 16790000 	Time(s): 4242011.536831
  F-Iteration: 18 	MC-Sweep: 16800000 	Time(s): 4243633.443080
  F-Iteration: 18 	MC-Sweep: 16810000 	Time(s): 4245234.309069
  F-Iteration: 18 	MC-Sweep: 16820000 	Time(s): 4246871.854423
  F-Iteration: 18 	MC-Sweep: 16830000 	Time(s): 4248482.015490
  F-Iteration: 18 	MC-Sweep: 16840000 	Time(s): 4250114.846032
  F-Iteration: 18 	MC-Sweep: 16850000 	Time(s): 4251751.977915
  F-Iteration: 18 	MC-Sweep: 16860000 	Time(s): 4253389.564289
  F-Iteration: 18 	MC-Sweep: 16870000 	Time(s): 4255036.176893
  F-Iteration: 18 	MC-Sweep: 16880000 	Time(s): 4256731.383929
  F-Iteration: 18 	MC-Sweep: 16890000 	Time(s): 4258401.947734
  F-Iteration: 18 	MC-Sweep: 16900000 	Time(s): 4260042.324582
  F-Iteration: 18 	MC-Sweep: 16910000 	Time(s): 4261701.325118
  F-Iteration: 18 	MC-Sweep: 16920000 	Time(s): 4263372.154110
  F-Iteration: 18 	MC-Sweep: 16930000 	Time(s): 4265021.346973
  F-Iteration: 18 	MC-Sweep: 16940000 	Time(s): 4266673.425538
  F-Iteration: 18 	MC-Sweep: 16950000 	Time(s): 4268311.210466
  F-Iteration: 18 	MC-Sweep: 16960000 	Time(s): 4269932.243433
  F-Iteration: 18 	MC-Sweep: 16970000 	Time(s): 4271592.619049
  F-Iteration: 18 	MC-Sweep: 16980000 	Time(s): 4273240.481754
  F-Iteration: 18 	MC-Sweep: 16990000 	Time(s): 4274857.751132
  F-Iteration: 18 	MC-Sweep: 17000000 	Time(s): 4276457.092565
  F-Iteration: 18 	MC-Sweep: 17010000 	Time(s): 4278098.970325
  F-Iteration: 18 	MC-Sweep: 17020000 	Time(s): 4279718.345646
  F-Iteration: 18 	MC-Sweep: 17030000 	Time(s): 4281376.400748
  F-Iteration: 18 	MC-Sweep: 17040000 	Time(s): 4283032.253266
  F-Iteration: 18 	MC-Sweep: 17050000 	Time(s): 4284701.963432
  F-Iteration: 18 	MC-Sweep: 17060000 	Time(s): 4286335.280821
  F-Iteration: 18 	MC-Sweep: 17070000 	Time(s): 4287956.640257
  F-Iteration: 18 	MC-Sweep: 17080000 	Time(s): 4289608.814072
  F-Iteration: 18 	MC-Sweep: 17090000 	Time(s): 4291309.154121
  F-Iteration: 18 	MC-Sweep: 17100000 	Time(s): 4293135.420042
  F-Iteration: 18 	MC-Sweep: 17110000 	Time(s): 4295187.691049
  F-Iteration: 18 	MC-Sweep: 17120000 	Time(s): 4297098.851554
  F-Iteration: 18 	MC-Sweep: 17130000 	Time(s): 4298999.497139
  F-Iteration: 18 	MC-Sweep: 17140000 	Time(s): 4300692.990455
  F-Iteration: 18 	MC-Sweep: 17150000 	Time(s): 4302327.046925
  F-Iteration: 18 	MC-Sweep: 17160000 	Time(s): 4303871.772381
  F-Iteration: 18 	MC-Sweep: 17170000 	Time(s): 4305474.686166
  F-Iteration: 18 	MC-Sweep: 17180000 	Time(s): 4307109.925424
  F-Iteration: 18 	MC-Sweep: 17190000 	Time(s): 4308865.802210
  F-Iteration: 18 	MC-Sweep: 17200000 	Time(s): 4310559.449342
  F-Iteration: 18 	MC-Sweep: 17210000 	Time(s): 4312272.176549
  F-Iteration: 18 	MC-Sweep: 17220000 	Time(s): 4313921.820175
  F-Iteration: 18 	MC-Sweep: 17230000 	Time(s): 4315666.093912
  F-Iteration: 18 	MC-Sweep: 17240000 	Time(s): 4317397.976393
  F-Iteration: 18 	MC-Sweep: 17250000 	Time(s): 4319116.028327
  F-Iteration: 18 	MC-Sweep: 17260000 	Time(s): 4320790.308548
  F-Iteration: 18 	MC-Sweep: 17270000 	Time(s): 4322489.549612
  F-Iteration: 18 	MC-Sweep: 17280000 	Time(s): 4324163.606635
  F-Iteration: 18 	MC-Sweep: 17290000 	Time(s): 4325840.267316
  F-Iteration: 18 	MC-Sweep: 17300000 	Time(s): 4327525.080576
  F-Iteration: 18 	MC-Sweep: 17310000 	Time(s): 4329182.778289
  F-Iteration: 18 	MC-Sweep: 17320000 	Time(s): 4330845.298559
  F-Iteration: 18 	MC-Sweep: 17330000 	Time(s): 4332539.149740
  F-Iteration: 18 	MC-Sweep: 17340000 	Time(s): 4334208.582052
  F-Iteration: 18 	MC-Sweep: 17350000 	Time(s): 4335883.989599
  F-Iteration: 18 	MC-Sweep: 17358100 	Time(s): 4337236.553972
  Cumulative number of energy calculations: 26861022
  F-Iteration: 19 	F = 1.000002
  F-Iteration: 19 	MC-Sweep: 0 	Time(s): 4337237.078646
  F-Iteration: 19 	MC-Sweep: 10000 	Time(s): 4338854.640307
  F-Iteration: 19 	MC-Sweep: 20000 	Time(s): 4340409.684556
  F-Iteration: 19 	MC-Sweep: 30000 	Time(s): 4342041.708228
  F-Iteration: 19 	MC-Sweep: 40000 	Time(s): 4343668.382787
  F-Iteration: 19 	MC-Sweep: 50000 	Time(s): 4345387.759858
  F-Iteration: 19 	MC-Sweep: 60000 	Time(s): 4347095.736595
  F-Iteration: 19 	MC-Sweep: 70000 	Time(s): 4348814.624592
  F-Iteration: 19 	MC-Sweep: 80000 	Time(s): 4350514.378142
  F-Iteration: 19 	MC-Sweep: 90000 	Time(s): 4352142.806549
  F-Iteration: 19 	MC-Sweep: 100000 	Time(s): 4353837.331541
  F-Iteration: 19 	MC-Sweep: 110000 	Time(s): 4355517.924133
  F-Iteration: 19 	MC-Sweep: 120000 	Time(s): 4357195.926061
  F-Iteration: 19 	MC-Sweep: 130000 	Time(s): 4358850.763212
  F-Iteration: 19 	MC-Sweep: 140000 	Time(s): 4360514.346503
  F-Iteration: 19 	MC-Sweep: 150000 	Time(s): 4362181.088201
  F-Iteration: 19 	MC-Sweep: 160000 	Time(s): 4363863.246391
  F-Iteration: 19 	MC-Sweep: 170000 	Time(s): 4365544.933123
  F-Iteration: 19 	MC-Sweep: 180000 	Time(s): 4367219.611171
  F-Iteration: 19 	MC-Sweep: 190000 	Time(s): 4368892.005156
  F-Iteration: 19 	MC-Sweep: 200000 	Time(s): 4370550.889570
  F-Iteration: 19 	MC-Sweep: 210000 	Time(s): 4372249.657040
  F-Iteration: 19 	MC-Sweep: 220000 	Time(s): 4373940.557209
  F-Iteration: 19 	MC-Sweep: 230000 	Time(s): 4375634.503258
  F-Iteration: 19 	MC-Sweep: 240000 	Time(s): 4377354.417226
  F-Iteration: 19 	MC-Sweep: 250000 	Time(s): 4379029.779978
  F-Iteration: 19 	MC-Sweep: 260000 	Time(s): 4380697.744773
  F-Iteration: 19 	MC-Sweep: 270000 	Time(s): 4382405.940634
  F-Iteration: 19 	MC-Sweep: 280000 	Time(s): 4384114.371995
  F-Iteration: 19 	MC-Sweep: 290000 	Time(s): 4385898.770554
  F-Iteration: 19 	MC-Sweep: 300000 	Time(s): 4387634.726322
  F-Iteration: 19 	MC-Sweep: 310000 	Time(s): 4389403.625127
  F-Iteration: 19 	MC-Sweep: 320000 	Time(s): 4391166.028280
  F-Iteration: 19 	MC-Sweep: 330000 	Time(s): 4392932.617337
  F-Iteration: 19 	MC-Sweep: 340000 	Time(s): 4394704.421618
  F-Iteration: 19 	MC-Sweep: 350000 	Time(s): 4396453.447654
  F-Iteration: 19 	MC-Sweep: 360000 	Time(s): 4398195.710027
  F-Iteration: 19 	MC-Sweep: 370000 	Time(s): 4399946.350613
  F-Iteration: 19 	MC-Sweep: 380000 	Time(s): 4401676.423340
  F-Iteration: 19 	MC-Sweep: 390000 	Time(s): 4403380.249545
  F-Iteration: 19 	MC-Sweep: 400000 	Time(s): 4405108.106041
  F-Iteration: 19 	MC-Sweep: 410000 	Time(s): 4406865.234177
  F-Iteration: 19 	MC-Sweep: 420000 	Time(s): 4408587.475098
  F-Iteration: 19 	MC-Sweep: 430000 	Time(s): 4410323.585418
  F-Iteration: 19 	MC-Sweep: 440000 	Time(s): 4412071.266727
  F-Iteration: 19 	MC-Sweep: 450000 	Time(s): 4413812.619599
  F-Iteration: 19 	MC-Sweep: 460000 	Time(s): 4415552.159715
  F-Iteration: 19 	MC-Sweep: 470000 	Time(s): 4417240.714124
  F-Iteration: 19 	MC-Sweep: 480000 	Time(s): 4418907.397352
  F-Iteration: 19 	MC-Sweep: 490000 	Time(s): 4420604.189687
  F-Iteration: 19 	MC-Sweep: 500000 	Time(s): 4422327.379400
  F-Iteration: 19 	MC-Sweep: 510000 	Time(s): 4424038.290211
  F-Iteration: 19 	MC-Sweep: 520000 	Time(s): 4425760.636430
  F-Iteration: 19 	MC-Sweep: 530000 	Time(s): 4427512.786745
  F-Iteration: 19 	MC-Sweep: 540000 	Time(s): 4429244.921252
  F-Iteration: 19 	MC-Sweep: 550000 	Time(s): 4431002.321626
  F-Iteration: 19 	MC-Sweep: 560000 	Time(s): 4432763.013893
  F-Iteration: 19 	MC-Sweep: 570000 	Time(s): 4434515.841740
  F-Iteration: 19 	MC-Sweep: 580000 	Time(s): 4436250.762970
  F-Iteration: 19 	MC-Sweep: 590000 	Time(s): 4437986.276357
  F-Iteration: 19 	MC-Sweep: 600000 	Time(s): 4439738.133622
  F-Iteration: 19 	MC-Sweep: 610000 	Time(s): 4441480.108767
  F-Iteration: 19 	MC-Sweep: 620000 	Time(s): 4443216.952310
  F-Iteration: 19 	MC-Sweep: 630000 	Time(s): 4444958.260958
  F-Iteration: 19 	MC-Sweep: 640000 	Time(s): 4446689.833007
  F-Iteration: 19 	MC-Sweep: 650000 	Time(s): 4448424.590929
  F-Iteration: 19 	MC-Sweep: 660000 	Time(s): 4450161.951803
  F-Iteration: 19 	MC-Sweep: 670000 	Time(s): 4451895.855974
  F-Iteration: 19 	MC-Sweep: 680000 	Time(s): 4453614.439692
  F-Iteration: 19 	MC-Sweep: 690000 	Time(s): 4455344.643248
  F-Iteration: 19 	MC-Sweep: 700000 	Time(s): 4457103.360444
  F-Iteration: 19 	MC-Sweep: 710000 	Time(s): 4458874.349411
  F-Iteration: 19 	MC-Sweep: 720000 	Time(s): 4460653.102021
  F-Iteration: 19 	MC-Sweep: 730000 	Time(s): 4462388.648399
  F-Iteration: 19 	MC-Sweep: 740000 	Time(s): 4464134.353081
  F-Iteration: 19 	MC-Sweep: 750000 	Time(s): 4465852.575980
  F-Iteration: 19 	MC-Sweep: 760000 	Time(s): 4467572.460742
  F-Iteration: 19 	MC-Sweep: 770000 	Time(s): 4469307.256131
  F-Iteration: 19 	MC-Sweep: 780000 	Time(s): 4471036.098183
  F-Iteration: 19 	MC-Sweep: 790000 	Time(s): 4472756.616096
  F-Iteration: 19 	MC-Sweep: 800000 	Time(s): 4474462.217997
  F-Iteration: 19 	MC-Sweep: 810000 	Time(s): 4476155.043517
  F-Iteration: 19 	MC-Sweep: 820000 	Time(s): 4477840.925203
  F-Iteration: 19 	MC-Sweep: 830000 	Time(s): 4479555.043906
  F-Iteration: 19 	MC-Sweep: 840000 	Time(s): 4481305.951883
  F-Iteration: 19 	MC-Sweep: 850000 	Time(s): 4483173.400121
  F-Iteration: 19 	MC-Sweep: 860000 	Time(s): 4484886.754580
  F-Iteration: 19 	MC-Sweep: 870000 	Time(s): 4486590.556348
  F-Iteration: 19 	MC-Sweep: 880000 	Time(s): 4488313.592153
  F-Iteration: 19 	MC-Sweep: 890000 	Time(s): 4490026.963592
  F-Iteration: 19 	MC-Sweep: 900000 	Time(s): 4491781.913462
  F-Iteration: 19 	MC-Sweep: 910000 	Time(s): 4493537.043384
  F-Iteration: 19 	MC-Sweep: 920000 	Time(s): 4495228.938023
  F-Iteration: 19 	MC-Sweep: 930000 	Time(s): 4496835.444621
  F-Iteration: 19 	MC-Sweep: 940000 	Time(s): 4498535.868476
  F-Iteration: 19 	MC-Sweep: 950000 	Time(s): 4500209.109751
  F-Iteration: 19 	MC-Sweep: 960000 	Time(s): 4501855.850342
  F-Iteration: 19 	MC-Sweep: 970000 	Time(s): 4503540.416191
  F-Iteration: 19 	MC-Sweep: 980000 	Time(s): 4505236.503751
  F-Iteration: 19 	MC-Sweep: 982700 	Time(s): 4505683.080983
  Cumulative number of energy calculations: 27843723
Saving final MCMC simulation data ...
****************************************
Done successfully!
Elapsed time: 4505684.033434153 seconds
